approval_id,bank,elev_ft,event_id,files,flag_date,flag_member_id,hcollect_method_id,hdatum_id,height_above_gnd,hwm_environment,hwm_id,hwm_label,hwm_locationdescription,hwm_notes,hwm_quality_id,hwm_type_id,hwm_uncertainty,last_updated,last_updated_by,latitude_dd,longitude_dd,marker_id,peak_summary_id,site_id,stillwater,survey_date,survey_member_id,uncertainty,vcollect_method_id,vdatum_id,waterbody
7779,N/A,137.556,180,[],2017-09-06T05:00:00,1599,1,2,0.0,Riverine,21170,1,stake on NE side of bridge even with the end of the guardrail,,4,2,,,,29.91331,-96.08236,7,5249,20868,1.0,2017-09-11T05:00:00,1770,,6,2,bessies creek
9026,N/A,110.61,180,[],2017-09-17T05:00:00,1760,1,2,0.0,Riverine,23567,0917_1100_1,Debris line on fence of CR 256 & CR 3650 intersection.,,3,2,0.2,,,30.866918,-94.27161,5,5825,22265,1.0,2017-10-04T05:00:00,1760,0.505,6,2,Wolf Creek
10259,N/A,49.221,180,[],2017-09-15T05:00:00,1834,1,2,5.08,Riverine,23945,0915_1921_3,"US side of bridge on Heatherbrook Dr RB. On upstream column, upper line only",RTN in this area had a higher variability due to some nodes working intermittently,3,2,0.2,,,29.62171,-95.4707,4,6706,22467,1.0,2017-10-04T05:00:00,1770,0.5,2,2,Buffalo Bayou
9421,Left,95.0,180,[],2017-09-06T04:00:00,1791,1,2,0.0,Riverine,21163,0906_1515_1,"North of road, 15 ft West of bridge",level 3 survey; field reading 94.932; +0.03' GNSS adjustment,2,5,0.1,,,29.63564,-95.82327,6,6062,20866,1.0,2017-09-20T04:00:00,900,0.1,6,2,Jones Creek
9500,Right,151.97,180,[],2017-09-08T05:00:00,1772,2,2,0.0,Riverine,21635,0908_0805,"30ft from channel, 40ft from wood fence of backyard",,4,2,0.4,,,29.77226,-95.88716,8,6109,21171,1.0,2017-09-08T05:00:00,1772,0.0474,7,2,Willow Fork
7782,N/A,137.47,180,[],2017-09-06T05:00:00,1599,1,2,0.0,Riverine,21171,2,stake on SE side of bridge even with the edge of the guardrail,,4,2,,,,29.91331,-96.08236,7,5249,20868,1.0,2017-09-11T05:00:00,1770,,6,2,bessies creek
9023,N/A,122.23,180,[],2017-09-17T05:00:00,1760,1,2,0.0,Riverine,23568,0916_1700_1,"Orange painted stake right bank, downstream side of bridge.",,2,2,0.1,,,30.86645,-94.11556,7,5823,22266,1.0,2017-10-04T05:00:00,1760,0.256,6,2,Sandy Creek
9829,N/A,39.2,180,[],2017-09-09T04:00:00,1760,1,2,2.41,Riverine,22026,0909_1300_2,Seed line on the concrete downstream side,level 4 survey; field readings RTK 41.222-2.0 TD,1,5,0.03,,,29.4145,-95.237,2,6516,21419,1.0,2017-09-17T04:00:00,900,0.6,6,2,Unknown
9678,N/A,104.439,180,[],2017-09-10T05:00:00,1834,1,2,5.85,Riverine,24253,0909_1500_1,wash/oil line along wall of building,,5,9,0.5,,,30.185567,-95.377187,,6456,22643,1.0,2017-09-10T05:00:00,1834,0.1,6,2,San Jacinto River
10267,N/A,11.24,180,[],2017-09-21T05:00:00,1834,1,2,4.41,Riverine,24493,0921_1140_1,Seed line on backside of the Roseland Pavilion in Roseland Park on outside of window frame farthest from road,,1,5,0.01,,,29.72314,-94.94624,4,6634,22765,1.0,2013-09-28T05:00:00,1727,0.08,6,2,Cedar Bayou
9545,N/A,123.0,180,[],2017-09-11T05:00:00,1834,1,2,2.9,Riverine,22858,0911_0900_1,West end of bridge (RB) located on wooden abuttment on downstream side.,,5,5,0.5,,,29.52519,-96.16411,3,6415,21907,1.0,2017-09-28T05:00:00,1854,0.115,6,2,San Bernard River
9324,N/A,30.75,180,[],2017-09-12T05:00:00,1776,1,2,0.0,Riverine,22458,0912_1454_1,Distinct debris line marked with painted stake on north bank of canal. Located approximately 100 ft west of Bowie street.,,3,2,0.2,,,30.065216,-94.802831,7,5995,21711,1.0,2017-10-05T05:00:00,1770,0.05,6,2,Large canal
7784,N/A,136.237,180,[],2017-09-06T05:00:00,1599,1,2,5.06,Riverine,21172,3,tree in fence row on the SW side of the bridge 35 yards from the center line,,3,4,,,,29.91331,-96.08236,6,5249,20868,1.0,2017-09-11T05:00:00,1770,,6,2,bessies creek
10187,N/A,123.81,180,[],2017-09-11T05:00:00,1834,1,2,2.6,Riverine,22859,0911_0900_2,East end of bridge (LB) on upstream side nailed into oak tree to left of big red gate.,,5,1,0.5,,,29.52546,-96.16373,5,6415,21907,1.0,2017-09-28T05:00:00,1854,0.115,6,2,San Bernard River
8301,N/A,148.8,180,[],2017-09-08T05:00:00,1599,1,2,2.34,Riverine,21637,0908_1551_2,Fence post with nail.tab and flagging tape on the SW side of CR 444 just N of the bridge,,3,5,0.2,,,29.21893,-96.97,6,5442,21173,1.0,2017-09-21T05:00:00,1760,0.058,6,2,Lavaca River
9024,N/A,123.21,180,[],2017-09-17T05:00:00,1760,1,2,0.0,Riverine,23569,0916_1700_2,"Green paint mark near top of concrete apron, upstream side of bridge, right bank.",,3,1,0.2,,,30.86674,-94.11569,7,5823,22266,1.0,2017-10-04T05:00:00,1760,0.256,6,2,Sandy Creek
9831,N/A,35.4,180,[],2017-09-09T04:00:00,1760,1,2,4.7,Riverine,22027,0909_1320_1,Debris in the tree line,"level 4 survey; field readings 35.444', ran direct to level line mark",1,5,0.02,,,29.39617,-95.22935,2,6517,21421,1.0,2017-09-18T04:00:00,900,0.5,6,2,Unknown
9922,N/A,9.19,180,[],2017-09-23T05:00:00,1833,1,2,1.1,Riverine,22860,0914_1110_1,Mud line on trailer at Boundocks mobile park,,3,1,0.2,,,29.866589,-94.22428,2,6647,21908,1.0,2017-09-23T05:00:00,1837,0.35,6,2,North Fork Taylor Bayou
9832,N/A,34.4,180,[],2017-09-09T04:00:00,1760,1,2,0.96,Riverine,22028,0909_1320_2,Debris in the wood of the tree,level 4 survey; field readings RTK 34.711+0.36 TD,1,5,0.02,,,29.39617,-95.22935,2,6517,21421,1.0,2017-09-18T04:00:00,900,0.5,6,2,Unknown
8988,N/A,74.117,180,[],2017-09-12T05:00:00,1834,1,2,2.63,Riverine,23215,0912_1012_1,MUD DEBRIS LINE MARKED WITH ORANGE TAPE. FOUND ALONG CHAINLINK FENCE ON WEST SIDE OF FM223; ABOUT 1/4 MILE NORTH OF INTERSECTION OF FM223 AND FM787.,,1,2,0.01,,,30.4178,-94.90063,2,5807,22099,1.0,2017-09-18T05:00:00,1770,0.082021,6,2,Trinity River
7742,Left,130.427,180,[],2017-09-06T05:00:00,1599,1,2,5.89,Riverine,21173,1,middle of the inside of the fenced housing of dumpster behind nature center inside park,,1,5,0.05,,,29.81397,-96.11069,6,5235,20869,1.0,2017-09-11T05:00:00,1770,0.06,6,2,brazos creek
9325,N/A,30.54,180,[],2017-09-12T05:00:00,1776,1,2,0.0,Riverine,22459,0912_1500_2,Distinct debris line marked with painted line on north bank of canal. Located approximately 70 ft west of Bowie street.,,3,2,0.2,,,30.065216,-94.802831,3,5995,21711,1.0,2017-10-05T05:00:00,1770,0.05,6,2,Large canal
9502,N/A,151.28,180,[],2017-09-08T05:00:00,1772,2,2,0.0,Riverine,21638,0908_0813,"30ft from channel, 90ft NE from development, about 400ft DS of HWM1",,4,2,0.4,,,29.77226,-95.88716,8,6109,21171,1.0,2017-09-08T05:00:00,1772,0.0474,7,2,Willow Fork
9679,N/A,102.565,180,[],2017-09-10T05:00:00,1834,1,2,2.7,Riverine,24254,0909_1520_2,wash line along shed of residence,,4,9,0.3,,,30.176284,-95.366456,,6456,22643,1.0,2017-09-10T05:00:00,1834,0.1,6,2,San Jacinto River
9923,N/A,9.28,180,[],2017-09-23T05:00:00,1833,1,2,1.1,Riverine,22861,0914_1115_2,Mud line on trailer at Boundocks mobile park,,3,1,0.2,,,29.866589,-94.22428,2,6647,21908,1.0,2017-09-23T05:00:00,1837,0.35,6,2,North Fork Taylor Bayou
9812,N/A,59.4,180,[],2017-09-09T04:00:00,1760,1,2,1.62,Riverine,22013,0909_1100_2,Another seed line on the red metal,level 4 survey; field readings RTK 63.446-4.06 TD  LB,1,5,0.02,,,29.52726,-95.4011,2,6511,21413,1.0,2017-09-18T04:00:00,900,0.5,6,2,Unknown
9899,Left,65.434,180,[],2017-09-12T05:00:00,330,1,2,1.33,Riverine,22460,0912_1250_1,"DEBRIS LINE ON TELEPHONE POLE, SOUTH SIDE OF CYPRESS STREET",,3,4,,,,30.09824,-95.14716,5,6527,21709,1.0,2017-09-21T05:00:00,1841,0.5857,2,2,EAST FORK SAN JACINTO RIVER
9561,Left,97.41,180,[],2017-09-11T05:00:00,1834,1,2,4.25,Riverine,22864,0911_1137_1,Orange paint mark located on west side (LB) of bridge on main beam next to apron on upstream side.,,5,5,0.5,,,29.49526,-96.02912,3,6420,21910,1.0,2017-09-29T05:00:00,1854,0.115,6,2,San Bernard River
10097,Left,130.439,180,[],2017-09-06T05:00:00,1599,1,2,5.24,Riverine,21174,2,nail in tree across parking lot for trash/recycling area behind the nature center,,2,5,0.1,,,29.81397,-96.11069,6,5235,20869,1.0,2017-09-11T05:00:00,1770,0.06,6,2,brazos creek
9599,Right,142.53,180,[],2017-09-10T05:00:00,1772,2,2,2.65,Riverine,22029,0910_0838,seed line on rod iron fence,,4,5,0.4,,,29.85088,-95.77355,8,6161,21420,1.0,2017-09-10T05:00:00,1772,0.0695,7,2,South Mayde Cr
9670,N/A,66.164,180,[],2017-09-10T05:00:00,1834,1,2,9.63,Riverine,24255,0909_1115_1,Seed line along roof of house,,5,5,0.5,,,30.028664,-95.235922,,6454,22648,1.0,2017-09-10T05:00:00,1834,0.1,6,2,San Jacinto River
9590,N/A,85.51,180,[],2017-09-11T05:00:00,1834,1,2,3.45,Riverine,23044,0911_1712_1,"Located on telephone pole on Boyett Drive, about 100 feet southeast of intersection of Boyett Drive and Pharris Drive on the right hand side of road (southwest side)",,5,2,0.5,,,29.38587,-95.97587,5,6431,22008,1.0,2017-09-29T05:00:00,1854,,6,2,San Bernard River
7767,Right,130.128,180,[],2017-09-06T05:00:00,1599,1,2,5.43,Riverine,21175,1,sharpie line on breaker box attached to telephone pole across exit road from ranger station at the entrance to park,,2,5,,,,29.01206,-96.10825,4,5246,20870,1.0,2017-09-11T05:00:00,1770,,6,2,brazos river
8989,N/A,73.442,180,[],2017-09-12T05:00:00,1834,1,2,1.12,Riverine,23217,0912_1012_2,"DEBRIS LINE MARKED WITH ORANGE TAPE. CHAINLINK SECURITY FENCE IS AROUND ATT CABLE STATION, DIRECTLY ACROSS HIGHWAY FROM CHURCH REC CENTER (METAL BUILDING) ON FM223, JUST NORTH OF INTERSECTION OF FM223 AND FM787.",,1,2,0.02,,,30.4178,-94.90063,2,5807,22099,1.0,2017-09-18T05:00:00,1770,0.082021,6,2,Trinity River
9177,N/A,33.51,180,[],2017-09-15T05:00:00,1762,1,2,1.37,Riverine,23570,0915_1645_1,"ORANGE NAIL+TAPE ON TREE, LEFT UPSTREAM SIDE OF CULVERT. NEXT TO DRAINAGE POOL",,5,1,0.5,,,30.23467,-94.18665,5,5912,22267,1.0,2017-09-22T05:00:00,1770,0.049213,6,2,unknown
9602,Left,142.27,180,[],2017-09-10T05:00:00,1772,2,2,2.64,Riverine,22030,0910_0906,Mud line on cement culvert pipe in field,,4,1,0.4,,,29.8518,-95.77282,8,6161,21420,1.0,2017-09-10T05:00:00,1772,0.0548,7,2,South Mayde Cr
10239,N/A,40.289,180,[],2017-09-20T05:00:00,1834,1,2,0.0,Riverine,23926,0915_1340_3,USLB of Scott bridge just north of intersection of Scott and Airport.,"Could not find point so marked what appeared to be the old HWM

RTN in this area had a higher variability due to some nodes working intermittently",5,2,0.5,,,29.64575,-95.36591,7,6700,22454,1.0,2017-10-04T05:00:00,1770,0.5,6,2,Buffalo Bayou
9555,N/A,107.58,180,[],2017-09-11T05:00:00,1834,1,2,4.65,Riverine,22863,0911_1108_2,"Mark located on telephone pole towards road near 1971 E. Cypress Dr., East Bernard, TX. 
Disk faces street.",,5,5,0.5,,,29.50682,-96.03465,5,6419,21909,1.0,2017-09-29T05:00:00,1854,0.115,6,2,San Bernard River
7564,N/A,12.346,180,[],2017-09-04T05:00:00,1762,1,2,0.0,Coastal,21167,0904_1650_1,"MARKED 15 FT FROM ROAD SIGN WITH PAINT, TAPE, AND FLAG",Avg of 2 HWM,2,2,,,,28.576546,-96.565046,7,5137,20852,1.0,2017-09-08T05:00:00,1770,0.085302,6,2,unknown
9623,N/A,35.438,180,[],2017-09-08T05:00:00,1762,1,2,0.0,Riverine,22644,0908_1400_2,"Lat 29.706913
Long -95.376350
Debris line along side walls of freeway",,2,2,0.1,,,29.706913,-95.37635,8,6440,21803,1.0,2017-09-08T05:00:00,1762,0.13,6,2,unknown
9178,N/A,33.748,180,[],2017-09-15T05:00:00,1762,1,2,1.62,Riverine,23571,0915_1645_2,"ORANGE NAIL+TAPE ON PINE TREE, STREAMWARD FACE OF TREE. NEAR TO WHITE, ROCKY BEND IN CREEK AND SPILLWAY.",,5,1,0.5,,,30.23467,-94.18665,5,5912,22267,1.0,2017-09-22T05:00:00,1770,0.049213,6,2,unknown
10231,N/A,106.22,180,[],2017-09-21T05:00:00,1762,1,2,4.8,Riverine,24256,0921_1435_1,"Exc Seed line on 1st pile bent cap Rt of Lt abutment, DSS of bridge. Mark is 1.68' below top PC and top PC is 2.11' below base of HR post. Blue sharpie square marked on base.",,1,5,0.02,,,30.72749,-93.51185,4,6625,22649,1.0,2017-09-22T05:00:00,1727,0.13,6,2,Hoosier Creek
9900,Left,65.673,180,[],2017-09-12T05:00:00,330,1,2,0.0,Riverine,22462,0912_1255_2,DEBRIS IN NORTH DITCH,,4,4,,,,30.09824,-95.14716,3,6527,21709,1.0,2017-09-21T05:00:00,1841,0.5857,2,2,EAST FORK SAN JACINTO RIVER
10184,Right,287.084,180,[],2017-09-25T05:00:00,1853,1,2,0.0,Riverine,25450,09-25-1023-1,Seed line on Right bank Apron,,3,5,0.2,,,29.96104,-97.09184,3,6615,23277,1.0,2017-09-25T05:00:00,1853,,6,2,Riverine
10107,N/A,10.64,180,[],2017-09-05T05:00:00,1762,1,2,3.25,Coastal,21428,0905_0915_2,ANOTHER POINT ON SHED AT INTERSECTION 75 FT AWAY FROM OTHER MARK. DID NOT MART DUE TO PRIVATE PROPERTY. Height above ground of 3.25 feet was taken from picture.,,2,1,,,,28.739369,-96.663467,8,5144,21022,1.0,2017-09-08T05:00:00,1770,0.095144,6,2,unknown
9603,Left,148.05,180,[],2017-09-10T05:00:00,1772,2,2,0.58,Riverine,22031,0910_0936,seed line on upstream bridge cement wing wall,,2,5,0.1,,,29.87522,-95.76947,8,6162,21422,1.0,2017-09-10T05:00:00,1772,0.0614,7,2,Bear Cr
9809,N/A,59.0,180,[],2017-09-09T04:00:00,1760,1,2,0.0,Riverine,22011,0909_1040_2,Debris pile behind the black fence,"level 4 survey; field reading 59.001 ft, RTK ran direct",4,2,0.4,,,29.5048,-95.4133,4,6510,21412,1.0,2017-09-18T04:00:00,900,0.5,6,2,Unknown
9560,Right,97.64,180,[],2017-09-11T05:00:00,1834,1,2,2.9,Riverine,22865,0911_1137_1,Orange paint mark located on east side (RB) of bridge on main beam next to apron on upstream side.,,5,5,0.5,,,29.4946,-96.02873,3,6420,21910,1.0,2017-09-29T05:00:00,1854,0.115,6,2,San Bernard River
9645,N/A,50.455,180,[],2017-09-08T05:00:00,1762,1,2,2.14,Riverine,22857,0908_1545_2,"Lat 29.68801
Long -95.439011
seed line along wall of residence",,2,5,0.1,,,29.68801,-95.439011,8,6448,21905,1.0,2017-09-08T05:00:00,1762,0.13,6,2,unknown
9672,N/A,65.59,180,[],2017-09-10T05:00:00,1834,1,2,7.5,Riverine,24257,0909_1130_2,wash line along carport,,5,9,0.5,,,30.029954,-95.238409,,6454,22648,1.0,2017-09-10T05:00:00,1834,0.1,6,2,San Jacinto River
9604,Right,149.42,180,[],2017-09-10T05:00:00,1772,2,2,0.91,Riverine,22032,0910_0947,seed line on fence netting,,3,5,0.2,,,29.87501,-95.77007,8,6162,21422,1.0,2017-09-10T05:00:00,1772,0.0678,7,2,Bear Cr
8992,N/A,62.277,180,[],2017-09-12T05:00:00,1834,1,2,0.0,Riverine,23219,0912_1155_2,WASH LINE; ORANGE SPRAY PAINT. ON RIGHT DOWNSTREAM APRON; MARKER AT BOTTOM OF PAINT LINE,,1,9,0.02,,,30.38436,-94.76456,3,5809,22100,1.0,2017-09-18T05:00:00,1770,0.082021,6,2,Trinity River
10240,N/A,42.461,180,[],2017-09-15T05:00:00,1834,1,2,0.0,Riverine,23927,0915_1447_1,Behind Sugar Valley Missionary Baptist Church off of Farland Dr.,RTN in this area had a higher variability due to some nodes working intermittently,5,2,0.5,,,29.63794,-95.37592,7,6701,22455,1.0,2017-10-04T05:00:00,1770,0.5,6,2,Buffalo Bayou
8386,N/A,227.3,180,[],2017-09-08T05:00:00,1599,1,2,2.59,Riverine,21641,0908_1305_1,Nail and tab on fence post on W side of CR 519,,2,4,0.1,,,29.37806,-97.29794,6,5481,21177,1.0,2017-09-24T05:00:00,1760,0.271,6,2,Guadalupe river
9661,N/A,59.687,180,[],2017-09-09T05:00:00,1762,1,2,1.84,Riverine,22906,0909_0940_2,"Lat 29.652941
Long -95.494622
Seed line along front door entrance of residence",,3,5,0.2,,,29.652941,-95.494622,8,6453,21926,1.0,2017-09-09T05:00:00,1762,0.1,6,2,unknown
9605,Right,135.9,180,[],2017-09-10T05:00:00,1772,2,2,1.29,Riverine,22033,0910_1021,Debris line on fence of school,,2,2,0.1,,,29.86147,-95.73068,8,6163,21423,1.0,2017-09-10T05:00:00,1772,0.0407,7,2,Bear Cr
9810,N/A,60.4,180,[],2017-09-09T04:00:00,1760,1,2,0.0,Riverine,22010,0909_1040_1,Debris pile near the concrete,"level 4 survey; field reading 60.385 ft, RTK ran direct",3,2,0.2,,,29.5048,-95.4133,4,6510,21412,1.0,2017-09-18T04:00:00,900,0.5,6,2,Unknown
10242,N/A,43.504,180,[],2017-09-15T05:00:00,1834,1,2,0.0,Riverine,23928,0915_1447_2,Behind Sugar Valley Missionary Baptist Church off of Farland Dr. 50' ds of 0915_1447_1,RTN in this area had a higher variability due to some nodes working intermittently,5,2,0.5,,,29.63774,-95.37585,7,6701,22455,1.0,2017-10-04T05:00:00,1770,0.5,6,2,Buffalo Bayou
7563,Left,6.962,180,[],2017-09-04T05:00:00,1762,1,2,3.7,Riverine,21178,0904_1630_2,"ALONG BARBED WIRE FENCE, LEFT BANK 50 FT FROM THE BRIDGE. DEBRIS LINE ON FENCE, MARKED WITH TAPE AND PAINT.",,2,2,,,,28.560141,-96.538338,3,5136,20850,1.0,2017-09-08T05:00:00,1770,0.085302,6,2,unknown
7558,N/A,6.148,180,[],2017-09-04T05:00:00,1762,1,2,0.0,Coastal,21201,0904_1530_2,PAINT MARK ON ELECTRICAL POLE. Height above ground is NOT 0.0.,,2,1,,,,28.553103,-96.523879,3,5134,20847,1.0,2017-09-08T05:00:00,1770,0.085302,6,2,unknown
9503,N/A,155.6,180,[],2017-09-08T05:00:00,1772,2,2,0.0,Riverine,21642,0908_0846,RB 150ft DS of Bridge,,4,2,0.4,,,29.78542,-95.89927,8,6111,21176,1.0,2017-09-08T05:00:00,1772,0.0474,7,2,Willow Fork
9687,N/A,116.538,180,[],2017-09-10T05:00:00,1834,1,2,4.7,Riverine,24236,0910_1100_1,seed line along window of residencec,,5,5,0.5,,,30.217054,-95.416503,,6461,22637,1.0,2017-09-10T05:00:00,1834,0.47,6,2,San Jacinto River
10243,N/A,42.992,180,[],2017-09-15T05:00:00,1834,1,2,0.0,Riverine,23929,0915_1447_3,Behind Sugar Valley Missionary Baptist Church off of Farland Dr. 90' ds of 0915_1447_1,RTN in this area had a higher variability due to some nodes working intermittently,5,2,0.5,,,29.63756,-95.37595,7,6701,22455,1.0,2017-10-04T05:00:00,1770,0.5,6,2,Buffalo Bayou
9044,N/A,4.764,180,[],2017-09-17T05:00:00,1762,1,2,,Coastal,23572,0917_1105_1,"ORANGE NAIL+TAPE ON SIDE OF WALKWAY, AT THE END NEAR THE BEACH. IN BETWEEN WOOD STAKE FENCE AND SEA RIM STATE PARK SIGN",Height above ground not input into field sheet.,2,5,0.1,,,29.67416,-94.04413,5,5837,22268,1.0,2017-09-20T05:00:00,1770,0.022966,6,2,unknown
8999,N/A,52.995,180,[],2017-09-12T05:00:00,1834,1,2,5.1,Riverine,23221,0912_1320_2,"ORANGE TAPE ATTACHED TO ORANGE PAINTED NAIL ON TELEPHONE POLE. TOP EDGE OF NAILHEAD MARKS THE SEED LINE. ABOUT .4 MILES CONTINUING NE ALONG ROAD. ON CYPRESS LAKE DR. TURN RIGHT AT ""T"" INTERSECTION, AFTER FERGUSON RD BENDS INTO CYPRESS LAKE DR. CULVERT NEARBY ABOUT 40 YARDS AWAY.",,1,5,0.03,,,30.29077,-94.80543,5,5812,22101,1.0,2017-09-18T05:00:00,1770,0.082021,6,2,Trinity River
7743,N/A,127.215,180,[],2017-09-06T05:00:00,1599,1,2,3.38,Riverine,21179,2,stump marking the corner of a barbed wire fence on the SW side of the bridge,,3,4,0.2,,,29.79306,-96.08163,6,5236,20872,1.0,2017-09-11T05:00:00,1770,0.06,6,2,brazos river
9606,Left,135.12,180,[],2017-09-10T05:00:00,1772,2,2,1.47,Riverine,22034,0910_1027,seed line on wood fence,,3,5,0.2,,,29.86147,-95.72979,8,6163,21423,1.0,2017-09-10T05:00:00,1772,0.0407,7,2,Bear Cr
8387,N/A,227.6,180,[],2017-09-08T05:00:00,1599,1,2,3.01,Riverine,21643,0908_1308_2,Nail and tab in fence post on the E side of CR 519,,2,4,0.1,,,29.37804,-97.29796,6,5481,21177,1.0,2017-09-24T05:00:00,1760,0.271,6,2,Guadalupe river
9486,N/A,238.892,180,[],2017-09-09T05:00:00,1762,1,2,1.6,Riverine,22177,0909_0946_2,"29.63819 -96.59389
Wash line on south upstream side on bridge apron.",,5,9,0.5,,,29.63819,-96.59389,3,6103,21512,1.0,2017-10-10T05:00:00,1645,0.203,6,2,unknown
7744,N/A,126.982,180,[],2017-09-06T05:00:00,1599,1,2,6.93,Riverine,21180,3,"telephone pole in fence row on NE side of the bridge with the number 1980 in sluminum plates.  nail, tab, and pink flagging tape",,2,5,0.1,,,29.79306,-96.08163,6,5236,20872,1.0,2017-09-11T05:00:00,1770,0.06,6,2,brazos river
9045,N/A,4.327,180,[],2017-09-17T05:00:00,1762,1,2,0.0,Riverine,23573,0917_1105_2,"ORANGE  PAINT LINE ON ROCKY SHORE, NEAR WOODEN WALKWAY AND BATHROOMS BY PARK HEADQUARTERS BUILDING",,2,2,0.1,,,29.67416,-94.04413,3,5837,22268,1.0,2017-09-20T05:00:00,1770,0.022966,6,2,unknown
9727,N/A,453.767,180,[],2017-09-12T05:00:00,1834,6,2,2.25,Riverine,25711,0912_1450_2,debris snag along fence on side of road,,5,2,0.5,,,29.818894,-97.360948,,6482,23454,1.0,2017-09-12T05:00:00,1834,0.18,6,2,Guadalupe River
10185,Right,285.83,180,[],2017-09-25T05:00:00,1853,1,2,4.01,Riverine,25451,09-25-1023-2,Seed line on bridge beam upstream of bridge,,3,5,0.2,,,29.96096,-97.09205,4,6615,23277,1.0,2017-09-25T05:00:00,1853,,6,2,Riverine
9571,Right,95.48,180,[],2017-09-11T05:00:00,1834,1,2,0.0,Riverine,22868,0911_1317_1,"Located in right side of road (east side), across from 2211 CR 219, East Bernard, TX.",,5,2,0.5,,,29.44474,-96.04443,5,6424,21912,1.0,2017-09-28T05:00:00,1854,0.115,6,2,San Bernard River
7582,N/A,32.047,180,[],2017-09-05T05:00:00,1762,1,2,0.0,Riverine,21467,0905_1515_2,MARKED ON UPSTREAM LEFT SIDE WITH TAPE AND PAINT.,,2,2,,,,28.842214,-96.53696,3,5151,21047,1.0,2017-09-09T05:00:00,1770,0.042651,6,2,unknown
9505,N/A,158.59,180,[],2017-09-08T05:00:00,1772,2,2,0.0,Riverine,21644,0908_0855,"2ft N of railroad track, 60ft E of bridge",,3,2,0.2,,,29.78542,-95.89927,,6111,21176,1.0,2017-09-08T05:00:00,1772,0.0474,7,2,Willow Fork
9607,Right,136.39,180,[],2017-09-10T05:00:00,1772,2,2,0.0,Riverine,22035,0910_1110,debris line on bank,,4,2,0.4,,,29.88686,-95.72167,8,6164,21424,1.0,2017-09-10T05:00:00,1772,0.0524,7,2,Dinner Cr
9841,Left,4.959,180,[],2017-09-06T04:00:00,1744,1,2,,Coastal,21181,0906_1530_2,HWM is located inside Rowling Bait Camp shop. HWM is a seed line below wall cabinets. Mark considered Fair.,Surveyed floor elevation below the mark. 1.15 ft added to surveyed elevation. HWM elevation is final. No further adjustments necessary.,3,5,0.2,,,28.62783,-95.97057,8,6359,20865,1.0,2017-09-06T04:00:00,1744,0.131234,6,2,Colorado River
10246,N/A,47.07,180,[],2017-09-15T05:00:00,1834,1,2,0.0,Riverine,23931,0915_1535_2,RBDS top of the bank ~200 ' bridge on West Orem Rd.,RTN in this area had a higher variability due to some nodes working intermittently,5,2,0.5,,,29.62684,-95.40698,7,6702,22456,1.0,2017-10-04T05:00:00,1770,0.5,6,2,Buffalo Bayou
9046,N/A,4.593,180,[],2017-09-17T05:00:00,1762,1,2,0.91,Riverine,23574,0917_1200_1,BLACK SHARPIE LINE+ORANGE TAPE ON GREEN/YELLOW PARKING LOT GATE. NEAR CORNER OF TREMONT AND 11TH,,1,1,0.02,,,29.73122,-93.89731,4,5838,22269,1.0,2017-09-20T05:00:00,1770,0.022966,6,2,Unknown
8388,N/A,218.7,180,[],2017-09-08T05:00:00,1599,1,2,6.32,Riverine,21645,0908_1230_1,tree with a nail/tab and flagging tape across the street from CR 366 sign at the intersection of US 183,,1,5,0.05,,,29.33345,-97.32406,6,5482,21178,1.0,2017-09-24T05:00:00,1760,0.271,6,2,Guadalupe river
9610,Right,136.86,180,[],2017-09-10T05:00:00,1772,2,2,0.0,Riverine,22036,0910_1200,debris line on right bank in the park,,3,2,0.2,,,29.902,-95.70417,8,6166,21425,1.0,2017-09-10T05:00:00,1772,0.0576,7,2,Langham Cr
9573,Left,93.46,180,[],2017-09-11T05:00:00,1834,1,2,4.1,Riverine,22870,0911_1352_1,Located on eastern end (LB) US side of bridge DS of railroad tracks on main horizontal bridge beam.,,5,5,0.5,,,29.43836,-96.0154,3,6425,21913,1.0,2017-09-28T05:00:00,1854,0.115,6,2,San Bernard River
9047,N/A,4.439,180,[],2017-09-17T05:00:00,1762,1,2,0.84,Riverine,23575,0917_1200_2,BLACK SHARPIE LINE+ORANGE TAPE ON METAL POST NEXT TO CHAINLINK SECURITY FENCE BY FDC MAIN BUILDING SIGN AND YELLOW STAIRCASE,,1,1,0.02,,,29.73122,-93.89731,4,5838,22269,1.0,2017-09-20T05:00:00,1770,0.022966,6,2,Unknown
9029,N/A,50.82,180,[],2017-09-12T05:00:00,1834,1,2,0.0,Riverine,23224,0912_1620_1,WASH LINE; ORANGE PAINT LINE ON RIGHT DOWNSTREAM APRON. BOTTOM OF LINE MARKS WASH LINE.,,1,9,0.02,,,30.27791,-94.79971,3,5828,22103,1.0,2017-09-18T05:00:00,1770,0.082021,6,2,Trinity River
8389,N/A,218.0,180,[],2017-09-08T05:00:00,1599,1,2,5.32,Riverine,21646,0908_1231_2,Marker line on sign for CR 366 at intersection of US 183,,2,5,0.1,,,29.33345,-97.32406,4,5482,21178,1.0,2017-09-24T05:00:00,1760,0.271,6,2,Guadalupe river
9674,N/A,71.258,180,[],2017-09-10T05:00:00,1834,1,2,4.8,Riverine,24264,0909_1200_1,Seed line along wall of building,,5,5,0.5,,,30.023662,-95.265898,,6455,22652,1.0,2017-09-10T05:00:00,1834,0.1,6,2,San Jacinto River
9902,Left,62.058,180,[],2017-09-12T05:00:00,330,1,2,0.0,Riverine,22469,0912_1340_1,"PAINTED CURB, WHERE DEBRIS LINE CROSSED",,4,4,,,,30.0849,-95.148,3,6528,21715,1.0,2017-09-20T05:00:00,1841,0.5857,6,2,EAST FORK SAN JACINTO
9613,N/A,136.09,180,[],2017-09-10T05:00:00,1772,2,2,5.85,Riverine,22037,0910_1350,debris line on chain-link fence,,4,2,0.4,,,29.91324,-95.68169,8,6169,21426,1.0,2017-09-10T05:00:00,1772,0.0677,7,2,Horsepen Cr
9355,N/A,22.28,180,[],2017-09-12T05:00:00,1776,1,2,7.6,Riverine,22470,0912_1820_2,Distinct mudline in treeline marked with tape on north side of HWY 563. Located approximately 100 ft north west from sign for CR 149.,Located on small branch that may move around,5,1,0.5,,,30.010858,-94.773728,2,6017,21716,1.0,2017-10-05T05:00:00,1770,0.05,6,2,Trinity River
9675,N/A,71.197,180,[],2017-09-10T05:00:00,1834,1,2,6.17,Riverine,24265,0909_1230_2,wash line along window of business,,4,9,0.3,,,30.023662,-95.265898,,6455,22652,1.0,2017-09-10T05:00:00,1834,0.1,6,2,San Jacinto River
9048,N/A,3.596,180,[],2017-09-17T05:00:00,1762,1,2,1.43,Riverine,23576,0917_1215_1,BLACK SHARPIE LINE+ORANGE TAPE ON WHITE FIRE HYDRANT  AT CORNER OF S 2ND AVE AND GRANGER,,1,1,0.02,,,29.73735,-93.88889,4,5839,22270,1.0,2017-09-20T05:00:00,1770,0.022966,6,2,Unknown
9574,N/A,92.8,180,[],2017-09-11T05:00:00,1834,1,2,2.4,Riverine,22871,0911_1352_2,"Located on western end (RB), US side of bridge, DS of railroad tracks on main horizontal bridge beam.",,5,5,0.5,,,29.43632,-96.01875,3,6425,21913,1.0,2017-09-28T05:00:00,1854,0.115,6,2,San Bernard River
7787,N/A,127.815,180,[],2017-09-06T05:00:00,1599,1,2,0.0,Riverine,21184,1,stake on the N side of rt 1458 spray painted orange and pink flagged tape,,4,2,,,,29.81746,-96.06119,7,5250,20873,1.0,2017-09-11T05:00:00,1770,,6,2,brazos river
9615,Right,136.06,180,[],2017-09-10T05:00:00,1772,2,2,0.0,Riverine,22038,0910_1404,debris line on overbank grass,,4,2,0.4,,,29.91402,-95.68177,8,6169,21426,1.0,2017-09-10T05:00:00,1772,0.0818,7,2,Horsepen Cr
8391,N/A,123.3,180,[],2017-09-08T05:00:00,1599,1,2,1.41,Riverine,21647,0908_1217_1,nail/tab flagged on a tree on the W side of steen Rd just before the intersection of US 183,,3,5,0.2,,,29.32097,-97.31378,6,5483,21180,1.0,2017-09-24T05:00:00,1760,0.271,6,2,Guadalupe river
10186,Left,291.001,180,[],2017-09-25T05:00:00,1853,1,2,0.0,Riverine,25452,09-25-1023-3,Debris on rock apron,,4,5,0.4,,,29.96147,-97.0922,3,6615,23277,1.0,2017-09-25T05:00:00,1853,,6,2,Riverine
9507,Left,138.85,180,[],2017-09-08T05:00:00,1772,2,2,4.12,Riverine,21648,0908_0927,"LB 95ft from Snake Cr, leaf on wood fence, next to pitbull",,2,4,0.1,,,29.78443,-95.84458,,6112,21179,1.0,2017-09-08T05:00:00,1772,0.0474,7,2,Snake Cr
9049,N/A,3.235,180,[],2017-09-17T05:00:00,1762,1,2,0.87,Riverine,23577,0917_1215_2,BLACK SHARPIE LINE+ORANGE TAPE ON STOP SIGN AT CORNER OF GREENWICH AND S 3RD AVE,,1,1,0.02,,,29.73735,-93.88889,4,5839,22270,1.0,2017-09-20T05:00:00,1770,0.022966,6,2,Unknown
9903,Left,59.794,180,[],2017-09-12T05:00:00,330,1,2,0.0,Riverine,22471,0912_1345_2,PAINTED GRASS NEAR SOUTH FENCE ROW AND DEBRIS LINE CROSSING,,4,4,,,,30.08476,-95.14814,3,6528,21715,1.0,2017-09-20T05:00:00,1841,0.5857,6,2,EAST FORK SAN JACINTO
9206,N/A,12.58,180,[],2017-09-13T05:00:00,1760,1,2,1.6,Riverine,23427,0914_1100_1,USGS plastic marker on east chain link fence of elementary school.,level III,2,2,0.1,,,30.07718,-93.86491,4,5946,22198,1.0,2017-09-26T05:00:00,13,0.13,6,2,Cow Bayou to Sabine River
9619,N/A,148.95,180,[],2017-09-10T05:00:00,1772,2,2,0.0,Riverine,22039,0910_1501,debris line in grass east of res.,,3,2,0.2,,,29.93966,-95.71543,8,6172,21427,1.0,2017-09-10T05:00:00,1772,0.0649,7,2,Cypress Creek
9775,N/A,27.5,180,[],2017-09-07T04:00:00,1762,1,2,1.04,Riverine,22113,0907_0940_2,Seed line on the bridge facing upstream. Right edge of water,level 4 survey; field reading 27.475,1,5,0.02,,,29.252,-95.3895,2,6496,21483,1.0,2017-09-18T04:00:00,900,0.5,6,2,unknown
9621,N/A,150.14,180,[],2017-09-10T05:00:00,1772,2,2,2.23,Riverine,22040,0910_1511,Seed line on brick wall in shopping center to the E.,,3,5,0.2,,,29.94112,-95.72098,8,6172,21427,1.0,2017-09-10T05:00:00,1772,0.0765,7,2,Cypress Creek
10248,N/A,49.081,180,[],2017-09-15T05:00:00,1834,1,2,0.0,Riverine,23935,0915_1650_3,Canal off of West Airport Blvd West Orem Rd. 150' ds from dead end. Across from 0915_1650_1. RB,RTN in this area had a higher variability due to some nodes working intermittently,5,2,0.5,,,29.64087,-95.42197,3,6703,22457,1.0,2017-10-04T05:00:00,1770,0.5,6,2,Buffalo Bayou
7567,Right,8.78,180,[],2017-09-04T05:00:00,1762,1,2,0.0,Riverine,21156,0904_1800_2,"Downstream side of bridge, right bank.",,2,2,0.1,,,28.591905,-96.644347,7,5141,20857,1.0,2017-09-08T05:00:00,1770,0.095144,6,2,unknown
8084,Left,227.807,180,[],2017-09-12T05:00:00,1822,1,2,0.0,Riverine,22472,0912_1045,Clear wash line on Concrete skirt left bank downstream side -6.89 from bottom of bridge truss,"surveyed at hwm line, did not use height above ground",2,5,,,,29.597,-96.83376,3,5311,21717,1.0,2017-09-19T05:00:00,1834,0.18,6,2,Navidad River
9811,N/A,59.4,180,[],2017-09-09T04:00:00,1760,1,2,2.87,Riverine,22012,0909_1100_1,Seed line on the red metal,level 4 survey; field readings RTK 63.276-3.92 TD,1,5,0.02,,,29.52726,-95.4011,2,6511,21413,1.0,2017-09-18T04:00:00,900,0.5,6,2,Unknown
9898,Left,98.618,180,[],2017-09-12T05:00:00,330,1,2,0.6,Riverine,22453,0912_1055_2,"DEBRIS LINE IN SOUTH DITCH OF COUNTY ROAD, 30FT WEST OF OTHER HWM",,4,4,,,,30.20976,-95.08741,5,6526,21707,1.0,2017-09-19T05:00:00,1841,0.0235,2,2,ORANGE BRANCH
10222,N/A,5.23,180,[],2017-09-17T05:00:00,1762,1,2,1.52,Coastal,23579,0917_1250_2,WASH LINE MARKED WITH ORANGE PAINT+RED FLAG AT CUT LINE ON DIRT PILES NEAR BLUE TRASH CAN AND NEXT TO PROPERTY OF JEFFERSON COUNTY SIGN,,3,9,0.2,,,29.82445,-93.96448,3,6694,22271,1.0,2017-09-20T05:00:00,1770,0.7,6,2,unknown
9025,N/A,12.6,180,[],2017-09-12T05:00:00,1763,1,2,2.85,Riverine,22473,0912_1400_1,"USGS plastic marker on private chain-link fence, approximately 25 ft east of roadway edge (Hwy 105), at a bend in the road.",level III,4,2,0.4,,,30.07993,-93.98736,4,5824,21719,1.0,2017-09-25T05:00:00,13,0.16,6,2,Lower Neches
9625,Right,119.13,180,[],2017-09-10T05:00:00,1772,2,2,0.0,Riverine,22041,0910_1607,seed line on right bank peer,,3,5,0.2,,,29.89641,-95.64598,8,6175,21428,1.0,2017-09-10T05:00:00,1772,0.0569,7,2,Horsepen Cr
7788,Left,128.448,180,[],2017-09-06T05:00:00,1599,1,2,0.87,Riverine,21187,1,marker line on the LEW downstream bridge seat.  labeled HWM,,1,5,,,,29.82733,-96.03619,4,5251,20875,1.0,2017-09-11T05:00:00,1770,,6,2,brazos river
7568,N/A,8.816,180,[],2017-09-04T05:00:00,1762,1,2,0.0,Coastal,21152,0904_1810_1,"DEBRIS LINE IN BACK YARD MARKED WITH PAINT, FLAG, AND TAPE",,2,2,,,,28.592815,-96.644708,7,5142,20859,1.0,2017-09-08T05:00:00,1770,0.095144,6,2,unknown
9576,N/A,90.77,180,[],2017-09-11T05:00:00,1834,1,2,5.4,Riverine,22875,0911_1412_1,Located on oak tree in front of Obs Deck by Jim Allen Nature Trail sign on left side of road as driving to fishing pier.,,5,2,0.5,,,29.43268,-96.00462,5,6426,21916,1.0,2017-09-28T05:00:00,1854,0.115,6,2,San Bernard River
9816,N/A,68.8,180,[],2017-09-09T04:00:00,1760,1,2,2.0,Riverine,22016,0909_1120_3,Debris snag on the fence upstream,level 4 survey; field readings RTK 64.650+4.1 TU (measured debris snag ~5 ft closer to river),1,2,0.02,,,29.54663,-95.46292,2,6512,21414,1.0,2017-09-18T04:00:00,900,,6,2,Unknown
9911,Right,63.516,180,[],2017-09-12T05:00:00,330,1,2,0.0,Riverine,22500,0912_1655_2,DEBRIS IN VACANT LOT 30FT SOUTH OF OTHER HWM,,3,2,,,,30.0769,-95.16556,3,6532,21732,1.0,2017-09-20T05:00:00,1841,0.5857,6,2,EAST FORK SAN JACINTO RIVER
9031,N/A,34.682,180,[],2017-09-12T05:00:00,1834,1,2,0.0,Riverine,23229,0912_1830_1,WASH LINE; ORANGE PAINT LINE ON LEFT UPSTREAM APRON; BOTTOM OF PAINT LINE MARKS WASH LINE,,1,9,0.03,,,30.1132063,-94.770581,3,5830,22105,1.0,2017-09-18T05:00:00,1770,0.082021,6,2,Trinity River
7789,Right,128.501,180,[],2017-09-06T05:00:00,1599,1,2,1.45,Riverine,21188,2,marker line labeld HWM on REW downstream bridge seat,,1,5,,,,29.82733,-96.03619,4,5251,20875,1.0,2017-09-11T05:00:00,1770,,6,2,brazos river
7569,N/A,9.567,180,[],2017-09-04T05:00:00,1762,1,2,0.0,Coastal,21151,0904_1830_1,,,2,2,,,,28.606824,-96.617577,7,5143,20860,1.0,2017-09-08T05:00:00,1770,0.095144,6,2,unknown
9904,Left,57.176,180,[],2017-09-12T05:00:00,330,1,2,2.21,Riverine,22475,0912_1405_1,SEED LINE ON JLL PROPERTY FOR SALE SIGN,,2,5,,,,30.06879,-95.13749,5,6529,21718,1.0,2017-09-20T05:00:00,1841,0.5857,2,2,EAST FORK SAN JACINTO RIVER
9935,Left,205.02,180,[],2017-09-13T05:00:00,330,1,2,6.7,Riverine,22974,0913_1500_1,"DEBRIS IN TREE SOUTH DITCH, 450FT WEST OF ADDRESS",,3,2,0.2,,,30.54325,-95.17053,5,6540,21972,1.0,2017-09-21T05:00:00,1842,0.61,2,2,EAST FORK SAN JACINTO RIVER
9050,N/A,4.934,180,[],2017-09-17T05:00:00,1762,1,2,1.64,Riverine,23582,0917_1445_1,"ORANGE TAPE ON GUTTER NEXT TO CHURCH DOOR, ACROSS STREET FROM PLAYGROUND",,3,5,0.2,,,29.87055,-93.94849,2,5840,22273,1.0,2017-09-20T05:00:00,1770,0.7,6,2,unknown
9032,N/A,33.98,180,[],2017-09-12T05:00:00,1834,1,2,0.0,Riverine,23230,0912_1830_2,WASH LINE; ORANGE PAINT LINE ON RIGHT DOWNSTREAM APRON; BOTTOM OF PAINT LINE MARKS WASH LINE,,5,9,0.7,,,30.1132063,-94.770581,3,5830,22105,1.0,2017-09-18T05:00:00,1770,0.082021,6,2,Trinity River
8217,N/A,224.529,180,[],2017-09-07T05:00:00,1834,1,2,0.8,Riverine,25453,0907_1830_2,Mud line marked with green disk at base of tree on west side of Kallus-Beyer Rd. south of intersection of Kallus-Beyer Rd. and Fritshe Rd.,,4,1,0.4,,,29.79388,-96.69297,5,5414,23278,1.0,2017-09-21T05:00:00,1834,0.1,6,2,Colorado River
9905,Left,57.046,180,[],2017-09-12T05:00:00,330,1,2,3.54,Riverine,22477,0912_1410_2,SEED LINE ON SEWAGE PLANT FENCE. 2000 WEST OF OTHER HWM 30.06973 -95.13971,,2,5,,,,30.06879,-95.13749,5,6529,21718,1.0,2017-09-20T05:00:00,1841,0.5857,2,2,EAST FORK SAN JACINTO RIVER
9508,Right,134.8,180,[],2017-09-08T05:00:00,1772,2,2,0.0,Riverine,21650,0908_0939,"25ft from snake cr, 200ft ds from bridge",,4,2,0.4,,,29.78443,-95.84458,8,6112,21179,1.0,2017-09-08T05:00:00,1772,0.064,7,2,Snake Cr
10032,Right,264.5,180,[],2017-09-19T04:00:00,1602,1,2,3.76,Riverine,23826,0919_1510_02,"Nail in tree, downstream, right bank, nail is 30 ft from stream, 100 ft from road. Cut entrance is 50 ft from stream and marked with orange flagging.",,4,5,0.3,,,30.95081,-93.9171,5,6568,22416,1.0,2017-09-27T04:00:00,1645,0.062,6,2,Unknown
9577,N/A,86.64,180,[],2017-09-11T05:00:00,1834,1,2,0.5,Riverine,22877,0911_1412_2,Located on lonely oak tree in middle of field in front of orchard about 200 feet west of picnic table in front of cemetery on right side of road as driving to fishing pier.,,5,2,0.5,,,29.433,-96.00668,5,6426,21916,1.0,2017-09-29T05:00:00,1854,0.115,6,4,San Bernard River
9051,N/A,3.556,180,[],2017-09-17T05:00:00,1762,1,2,1.38,Riverine,23583,0917_1445_2,"ORANGE NAIL+TAPE ON TELEPHONE POLE BEHIND CHURCH, ALONG FENCE. LINE LEVELED FROM FENCE",,3,5,0.2,,,29.87055,-93.94849,5,5840,22273,1.0,2017-09-20T05:00:00,1770,0.022966,6,2,unknown
7560,N/A,6.872,180,[],2017-09-04T05:00:00,1762,1,2,3.1,Coastal,21191,0904_1550_1,"MUDLINE RELOCATED TO OUTSIDE ROOM 7, MARKED WITH PAINT.",,2,1,,,,28.553108,-96.522815,3,5135,20849,1.0,2017-09-08T05:00:00,1770,0.085302,6,2,unknown
7791,Left,129.026,180,[],2017-09-06T05:00:00,1599,1,2,0.0,Riverine,21190,2,stake painted orange and marked with pink flagger tape on the NE side of the bridge on the upstream LEW,,4,2,,,,29.83108,-96.00887,7,5252,20876,1.0,2017-09-11T05:00:00,1770,,6,2,brazos river
9907,N/A,18.52,180,[],2017-09-22T05:00:00,1833,1,2,0.0,Riverine,22964,0914_1755_2,Debris/ mud line in woods south of I10. Located approximately 150 feet east of bridge.,,2,2,0.1,,,29.887573,-94.322203,2,6644,21966,1.0,2017-09-22T05:00:00,1837,0.11,6,2,South Fork Taylor Bayou at I10
9943,N/A,10.67,180,[],2017-09-14T05:00:00,1833,1,2,6.0,Riverine,22878,0914_1205_3,,,1,2,0.05,,,29.846367,-94.226796,3,6648,21915,1.0,2017-09-23T05:00:00,1837,0.35,6,2,South Fork Taylor Bayou
9034,N/A,45.833,180,[],2017-09-12T05:00:00,1834,1,2,0.73,Riverine,23232,0912_1940_2,"ORANGE PAINTED NAIL ON BANKSIDE FACE OF SQUARE WOODEN GUARDRAIL POST. POST IS ON LEFT, DOWNSTREAM SIDE OF ROAD.",,5,2,0.5,,,30.12944,-94.87336,5,5831,22106,1.0,2017-09-18T05:00:00,1770,0.082021,6,2,Trinity River
9069,N/A,13.9,180,[],2017-09-12T04:00:00,1763,1,2,1.85,Riverine,22478,0912_1315_1,"USGS white plastic marker on wire fence, E side of Hwy 1442, at dirt driveway, S of storage units.",level III,2,2,0.1,,,30.06904,-93.90371,4,5850,21721,1.0,2017-09-25T04:00:00,13,0.16,6,2,Lower Neches
8395,Left,183.7,180,[],2017-09-08T05:00:00,1599,1,2,2.08,Riverine,21651,0908_1046_2,wooden fence post directly to the right of field access on the N side of HWY 766 just E of intersection of Ed Blackwell Rd,,2,5,0.1,,,29.13831,-97.30658,6,5486,21182,1.0,2017-09-24T05:00:00,1760,0.271,6,2,Guadalupe river
9906,Left,55.114,180,[],2017-09-12T05:00:00,330,1,2,1.0,Riverine,22479,0912_1500_1,"SOUTH DITCH, TELEPHONE POLE",,3,4,,,,30.0517,-95.11605,5,6530,21722,1.0,2017-09-20T05:00:00,1841,0.5857,2,2,RED GULLY
7796,Right,158.868,180,[],2017-09-06T05:00:00,1599,1,2,1.58,Riverine,21193,1,painted and flagged nail on wooden fence post of gate across from the intersection of 3rd,,3,5,,,,29.78864,-95.93972,5,5253,20877,1.0,2017-09-11T05:00:00,1770,,6,2,Brazos River
9035,N/A,120.509,180,[],2017-09-13T05:00:00,1834,1,2,2.52,Riverine,23233,0913_1030_1,"ORANGE TAPE ON TREE LINE. ON DOWNSTREAM RIGHT SIDE OF STREET, DIRECTLY ACROSS FROM 3467 MAILBOX.",,3,2,0.2,,,30.28203,-94.94485,2,5832,22107,1.0,2017-09-18T05:00:00,1770,0.082021,6,2,Trinity River
9027,N/A,168.84,180,[],2017-09-17T05:00:00,1760,1,2,0.0,Riverine,23585,0917_1345_1,"Paint mark on concrete apron, right bank downstream side of bridge.",,4,1,0.3,,,30.93225,-94.45485,3,5827,22275,1.0,2017-10-04T05:00:00,1760,0.169,6,2,Billums Creek
9942,N/A,10.78,180,[],2017-09-23T05:00:00,1833,1,2,7.5,Riverine,22874,0914_1155_1,Mudline in trees marked with tape. Located 30 ft west of the south end of the bridge.,levels from gps point,3,1,0.2,,,29.846367,-94.226796,2,6648,21915,1.0,2017-09-23T05:00:00,1837,0.35,6,2,South Fork Taylor Bayou
8393,Left,212.6,180,[],2017-09-08T05:00:00,1599,1,2,6.2,Riverine,21652,0908_1205_1,nail and tab on telephone pole with aluminum numbers 15190/8T on the E side of HWY 766 LEW upstream of creek,,3,5,0.2,,,29.3065,-97.33055,6,,21183,0.0,2017-09-24T05:00:00,1760,0.271,6,2,guadalupe river
10036,Left,23.02,180,[],2017-09-14T05:00:00,1846,1,2,,Riverine,23411,0914_1625_1,Stake in ground with orange paint and yellow marking flag ~200ft DS of bridge on the left bank near black iron fence.,,5,2,0.9,,,29.68025,-95.27657,7,6660,22195,1.0,2017-09-25T05:00:00,1645,,6,2,Sims Bayou
9761,N/A,10.4,180,[],2017-09-06T04:00:00,1762,1,2,2.46,Riverine,22047,0906_1930_1,Right edge of water. On the edge of the bridge. Downstream,level 3 survey; field readings RTK 7.617+2.67 TU; +0.10' GNSS adjustment,1,5,0.01,,,29.1968,-95.2991,2,6491,21431,1.0,2017-09-19T04:00:00,900,0.2,6,2,unknown
9036,N/A,120.174,180,[],2017-09-12T05:00:00,1834,1,2,3.33,Riverine,23234,0913_1030_2,"ORANGE TAPE ATTACHED TO ORANGE PAINTED NAIL ON TOP OF TREE STUMP. AT CORNER OF CR2284 ANF FM2285, ON LEFT DOWNSTREAM BANK. NEAR EDGE OF TREELINE.",,3,2,0.2,,,30.28203,-94.94485,5,5832,22107,1.0,2017-09-18T05:00:00,1770,0.082021,6,2,Trinity River
7798,Right,159.242,180,[],2017-09-06T05:00:00,1599,1,2,1.59,Riverine,21194,2,painted and pink taped nail  second wooden post from left of gate of fencerow across intersection of 3rd st,,3,5,,,,29.78864,-95.93972,5,5253,20877,1.0,2017-09-11T05:00:00,1770,,6,2,Brazos River
8225,N/A,194.818,180,[],2017-09-08T05:00:00,1834,1,2,0.0,Riverine,22628,0908_1017_2,Marker is located approximately 250 feet southwest of entrance to property under a orange tape marked barbed wire fence. Orange painted wooden stake marks edge of water line.,,5,2,0.5,,,29.69439,-96.54531,7,,21796,0.0,2017-09-21T05:00:00,1834,0.1,6,2,Colorado River
8392,Right,212.1,180,[],2017-09-08T05:00:00,1599,1,2,5.9,Riverine,21653,0908_1112_1,nail and tab on telephone pole on S side of hwy 766 S of bridge,,2,5,0.1,,,29.30532,-97.33193,6,5484,21189,1.0,2017-09-24T05:00:00,1760,0.271,6,2,guadalupe rivee
10101,N/A,5.2,180,[],2017-09-05T04:00:00,1760,1,2,0.0,Coastal,21195,0905_1000_1,,level 4 survey; field readings 4.998+.25 ft,1,2,0.02,,,29.0454,-95.1609,4,6687,20878,1.0,2017-09-15T04:00:00,900,0.2,6,2,Gulf of America
9763,N/A,10.4,180,[],2017-09-06T04:00:00,1762,1,2,2.19,Riverine,22048,0906_1930_2,"Upstream, Left Edge of water. On the edge of the bridge.",level 3 survey; field readings RTK 8.045+2.23 TU; +0.10' GNSS adjustment,1,5,0.01,,,29.1968,-95.2991,2,6491,21431,1.0,2017-09-19T04:00:00,900,0.2,6,2,unknown
9908,Left,55.37,180,[],2017-09-12T05:00:00,330,1,2,0.0,Riverine,22481,0912_1505_2,DEBRIS LINE WEST OF OTHER HWM 10FT,,4,4,,,,30.0517,-95.11605,3,6530,21722,1.0,2017-09-20T05:00:00,1841,0.5857,2,2,RED GULLY
10257,N/A,50.085,180,[],2017-09-15T05:00:00,1834,1,2,0.0,Riverine,23943,0915_1921_1,DS from Heatherbrook Dr RB ~50' from road.,RTN in this area had a higher variability due to some nodes working intermittently,5,2,0.5,,,29.62149,-95.47057,7,6706,22467,1.0,2017-10-04T05:00:00,1770,0.5,2,2,Buffalo Bayou
7746,Right,120.02,180,[],2017-09-06T05:00:00,1599,1,2,6.08,Riverine,21197,1,Support beam of RR bridge  off exit 725 of I10,,2,5,,,,29.77137,-96.03754,3,5237,20879,1.0,2017-09-11T05:00:00,1770,,6,2,brazos river
9764,N/A,18.4,180,[],2017-09-06T04:00:00,1762,1,2,1.89,Riverine,22049,0906_1950_1,Southwest end of the ditch across from the football field,level 3 survey; field readings RTK 17.849+0.4 TU (rated good); +0.10' GNSS adjustment,2,2,0.1,,,29.2246,-95.342,4,6492,21434,1.0,2017-09-19T04:00:00,900,0.2,6,2,unknown
10258,N/A,49.521,180,[],2017-09-15T05:00:00,1834,1,2,5.36,Riverine,23944,0915_1921_2,DS side of bridge @Heatherbrook Dr RB column.,RTN in this area had a higher variability due to some nodes working intermittently,2,2,0.1,,,29.62159,-95.47057,4,6706,22467,1.0,2017-10-04T05:00:00,1770,0.5,6,2,Buffalo Bayou
10245,N/A,47.762,180,[],2017-09-15T05:00:00,1834,1,2,0.0,Riverine,23930,0915_1535_1,RBDS top of the bank ~150 ' bridge on West Orem Rd.,RTN in this area had a higher variability due to some nodes working intermittently,5,2,0.5,,,29.62695,-95.40689,3,6702,22456,1.0,2017-10-04T05:00:00,1770,0.5,6,2,Buffalo Bayou
7747,N/A,118.314,180,[],2017-09-06T05:00:00,1599,1,2,0.0,Riverine,21198,1,stake above culvurt across from the intersection of hidden creek and river ridge,,4,2,,,,29.7401,-96.04173,7,5238,20880,1.0,2017-09-11T05:00:00,1770,,6,2,brazos river
9509,Left,143.38,180,[],2017-09-08T05:00:00,1772,2,2,0.0,Riverine,21657,0908_1006,80ft ftom Cr. 150ft US of bridge,,4,2,0.4,,,29.77993,-95.82564,8,6114,21190,1.0,2017-09-08T05:00:00,1772,0.0474,7,2,Buffalo Bayou
10247,N/A,47.274,180,[],2017-09-15T05:00:00,1834,1,2,0.0,Riverine,23932,0915_1535_3,RBDS top of the bank ~250 ' bridge on West Orem Rd.,RTN in this area had a higher variability due to some nodes working intermittently,5,2,0.5,,,29.62657,-95.40714,3,6702,22456,1.0,2017-10-04T05:00:00,1770,0.5,6,2,Buffalo Bayou
9512,Right,127.29,180,[],2017-09-08T05:00:00,1772,2,2,0.0,Riverine,21658,0908_1044,30ft from Cr. 150ft US from Bridge,,4,2,0.4,,,29.79458,-95.76207,8,6116,21191,1.0,2017-09-08T05:00:00,1772,0.0519,7,2,Mason Cr
10254,N/A,55.797,180,[],2017-09-15T05:00:00,1834,1,2,0.7,Riverine,23940,0915_1838_1,"Monrad Dr, White Fence in front of house. Crayon is the mark with a flag in front to id. Received permission from owner.",RTN in this area had a higher variability due to some nodes working intermittently,1,5,0.03,,,29.61013,-95.44179,4,6705,22459,1.0,2017-10-04T05:00:00,1770,0.5,6,2,Buffalo Bayou
9649,N/A,50.336,180,[],2017-09-08T05:00:00,1762,1,2,2.78,Riverine,22883,0908_1615_1,"Lat 29.687922
Long -95.436530
seed line along privacy fence",,2,5,0.1,,,29.687922,-95.43653,8,6449,21919,1.0,2017-09-08T05:00:00,1762,0.13,6,2,unknown
8221,N/A,286.213,180,[],2017-09-08T05:00:00,1834,1,2,2.0,Riverine,22595,0908_0900_2,Marker located under the bridge on pier on southeast end of bridge.,"surveyed at hwm line, did not use height above ground",5,2,0.5,,,29.71125,-96.7012,3,5416,21784,1.0,2017-09-21T05:00:00,1834,0.1,6,2,Colorado River
9708,N/A,208.264,180,[],2017-09-11T05:00:00,1834,1,2,0.0,Riverine,24277,0911_1420_1,debris line along side of road,,4,2,0.3,,,29.17152,-97.112414,,6470,22656,1.0,2017-09-11T05:00:00,1834,0.29,6,2,Lavaca River
9037,N/A,37.745,180,[],2017-09-12T05:00:00,1834,1,2,6.39,Riverine,23237,0913_1130_2,"ORANGE TAPE ATTACHED TO ORANGE NAIL ON TELEPHONE POLE. ON RIGHT UPSTREAM SIDE OF CULVERT, ABOUT 30 YARDS AWAY. NAIL IS FACING TREELINE.",,4,1,0.3,,,30.17716,-94.86602,5,5833,22108,1.0,2017-09-18T05:00:00,1770,0.082021,6,2,Trinity River
9111,N/A,30.97,180,[],2017-09-15T05:00:00,1776,1,2,4.8,Riverine,23187,0915_1925_2,"Debris snag in treeline marked by tape. Located off of western road embankment, approximately 30 feet north of the end of the guardrail (on southern side of river)",,4,2,0.3,,,29.851138,-94.627485,2,5876,22086,1.0,2017-10-06T05:00:00,1760,0.1,6,2,White's Bayou
8230,N/A,202.036,180,[],2017-09-08T05:00:00,1834,1,2,0.78,Riverine,22593,0908_1213_2,"1478 Hwy. 71 Columbus, TX
Green disk marker located on fenceline just off of Hwy 71 leaving Columbus on side of river access road for the bridge over Colorado River on downstream side of bridge.",,5,2,0.5,,,29.71562,-96.54789,5,5421,21781,1.0,2017-09-21T05:00:00,1834,0.1,6,2,Colorado River
9079,N/A,18.0,180,[],2017-09-12T05:00:00,1763,1,2,10.6,Riverine,22483,0912_1600_2,"Paint/sharpie mark on side of tin shed, to the left and several hundred feet east of mark 0912_1600_1, as you come into the gate to the property.",Level III,2,5,0.1,,,30.11826,-94.03431,3,5854,21723,1.0,2017-09-24T05:00:00,13,0.09,6,2,Lower Neches
9650,N/A,50.155,180,[],2017-09-08T05:00:00,1762,1,2,2.25,Riverine,22884,0908_1615_2,"Lat 29.688885
Long -95.436128
seed line along garage of residence",,2,5,0.1,,,29.688885,-95.436128,8,6449,21919,1.0,2017-09-08T05:00:00,1762,0.13,6,2,unknown
9702,N/A,115.378,180,[],2017-09-11T05:00:00,1834,1,2,4.9,Riverine,24278,0911_1300_1,seed line under highway bridge,,4,5,0.3,,,29.157459,-96.875907,,6467,22663,1.0,2017-09-11T05:00:00,1834,0.29,6,2,Lavaca River
9520,Left,129.45,180,[],2017-09-08T05:00:00,1772,2,2,1.55,Riverine,21662,0908_1310,,,2,5,0.1,,,29.76528,-95.82202,8,6121,21193,1.0,2017-09-08T05:00:00,1772,0.2254,7,2,Buffalo Bayou
9521,Left,129.41,180,[],2017-09-08T05:00:00,1772,2,2,0.0,Riverine,21663,0908_1315,Seed line just downstream of hwm1,,1,5,0.05,,,29.76526,-95.82203,8,6121,21193,1.0,2017-09-08T05:00:00,1772,0.0685,7,2,Buffalo Bayou
9426,Right,81.4,180,[],2017-09-06T04:00:00,1791,1,2,0.0,Riverine,21209,0906_1800_1,15 ft downstream of gate,level 3 survey; +0.03' GNSS adjustment; field reading 81.337,3,2,0.2,,,29.64309,-95.74319,6,6064,20886,1.0,2017-09-20T04:00:00,900,0.1,6,2,Oyster creek
9524,Right,128.74,180,[],2017-09-08T05:00:00,1772,2,2,3.4,Riverine,21664,0908_1323,debris line on barbwire fence on RB,,3,2,0.2,,,29.76425,-95.82276,8,6121,21193,1.0,2017-09-08T05:00:00,1772,0.0696,7,2,Buffalo Bayou
9112,N/A,15.95,180,[],2017-09-16T05:00:00,1833,1,2,4.2,Riverine,23247,0916_0840_2,"Mud line marked by tape in the brush. Located on southern side of highway on the eastern bank of the bayou, approximately 100 feet east of the embankment's edge.",,4,1,0.3,,,29.839739,-94.65327,2,5877,22112,1.0,2017-10-06T05:00:00,1760,0.1,6,2,Whites Bayou
9299,N/A,12.5,180,[],2017-09-19T05:00:00,1834,1,2,5.06,Riverine,24517,0919_1757_1,debris line on chain link fence LBDS,,2,2,0.1,,,29.71516,-95.21844,2,5979,22776,1.0,2017-10-05T05:00:00,1770,0.04,6,2,Buffalo Bayou
9849,N/A,38.74,180,[],2017-09-21T05:00:00,1833,1,2,5.8,Riverine,22485,0912_1340_1,Seed line in tree right bank upstream side of culvert 15 ft,,2,5,0.1,,,29.908816,-94.495095,2,6340,21725,1.0,2017-09-21T05:00:00,1837,0.13,6,2,Ditch
9528,Left,120.42,180,[],2017-09-08T05:00:00,1772,2,2,0.0,Riverine,21665,0908_1400,mudline at wing wall ds of box culvert LB,,4,1,0.4,,,29.75001,-95.82548,8,6124,21194,1.0,2017-09-08T05:00:00,1772,0.0468,7,2,Buffalo Bayou
9427,Left,80.8,180,[],2017-09-06T04:00:00,1791,1,2,0.0,Riverine,21210,0906_1800_2,In line with gate,level 3 survey; +0.03' GNSS adjustment; field readings 80.771,3,2,0.2,,,29.64295,-95.74347,6,6064,20886,1.0,2017-09-20T04:00:00,900,0.1,6,2,Oyster creek
9850,N/A,38.21,180,[],2017-09-21T05:00:00,1833,1,2,4.3,Riverine,22486,0912_1345_2,Seed line on tree on downstream right bank 130 ft from culvert,,3,5,0.1,,,29.908816,-94.495095,2,6340,21725,1.0,2017-09-21T05:00:00,1837,0.13,6,2,Ditch
9039,N/A,37.697,180,[],2017-09-12T05:00:00,1834,1,2,4.47,Riverine,23241,0913_1410_1,ORANGE TAPE/ORANGE NAIL ON TELEPHONE POLE OFF FM2330. ON SOUTH SIDE OF CR. ORANGE SURVEY MARKER POST NEARBY,,1,1,0.02,,,30.12842,-94.86101,5,5835,22110,1.0,2017-09-18T05:00:00,1770,0.082021,6,2,Trinity River
9530,Right,120.87,180,[],2017-09-08T05:00:00,1772,2,2,0.0,Riverine,21666,0909_1403,mud line on wing wall RB,,4,1,0.4,,,29.75011,-95.82549,8,6124,21194,1.0,2017-09-08T05:00:00,1772,0.0912,7,2,Buffalo Bayou
9851,N/A,34.12,180,[],2017-09-21T05:00:00,1833,1,2,3.5,Riverine,22487,0912_1240_1,seed line on telephone pole at intersection of 1663 and McBride rd labeled 30,,2,1,0.01,,,29.8595,-94.507016,2,6341,21726,1.0,2017-09-21T05:00:00,1837,0.13,6,2,Ogden Ditch
9974,N/A,10.17,180,[],2017-09-21T05:00:00,1833,1,2,0.0,Riverine,22887,0914_1230_2,"Seed line on three fence posts at 10.24, 10.17, and 10.27",,2,5,0.1,,,29.826194,-94.257481,8,6385,21920,1.0,2017-09-21T05:00:00,1837,0.16,6,2,Mayhaw Bayou
8571,Left,20.86,180,[],2017-09-06T05:00:00,1786,6,2,0.0,Riverine,21211,0906_1119,Downstream side of bridge,,2,1,0.1,,,28.95179,-95.71096,8,5573,20887,1.0,2017-09-06T05:00:00,1786,0.17,6,2,Linnville Bayou
9040,N/A,38.045,180,[],2017-09-13T05:00:00,1834,1,2,4.74,Riverine,23242,0913_1410_2,ORANGE TAPE/ORANGE NAIL ON TELEOHONE POLE OFF FM2330. ON NORTH SIDE OF CR. TEL POLE HAS RED/WHITE ARROW MARKER ATTACHED,,1,1,0.03,,,30.12842,-94.86101,5,5835,22110,1.0,2017-09-18T05:00:00,1770,0.082021,6,2,Trinity River
8572,Right,20.66,180,[],2017-09-06T05:00:00,1786,6,2,0.0,Riverine,21212,0906_1122,Downstream side of bridge,,3,1,0.2,,,28.95146,-95.71121,8,5573,20887,1.0,2017-09-06T05:00:00,1786,0.1,6,2,Linnville Bayou
9537,Left,117.13,180,[],2017-09-08T05:00:00,1772,2,2,1.23,Riverine,21667,0908_1455,seedline on horizontal I-beam LB side of bridge over willow fork drainage.,,1,5,0.05,,,29.74534,-95.78379,8,6128,21195,1.0,2017-09-08T05:00:00,1772,0.0469,7,2,Buffalo Bayou
9652,N/A,52.77,180,[],2017-09-08T05:00:00,1762,1,2,5.8,Riverine,22890,0908_1840_1,"Lat 29.682888
Long -95.450758
seed line along pillar of residence",,2,5,0.1,,,29.682888,-95.450758,8,6450,21921,1.0,2017-09-08T05:00:00,1762,0.13,6,2,unknown
8573,Right,23.84,180,[],2017-09-06T05:00:00,1786,6,2,0.0,Riverine,21213,0906_1143,On road 153,,4,2,0.4,,,28.95109,-95.75518,8,5575,20888,1.0,2017-09-06T05:00:00,1786,0.18,6,2,Linnville Bayou
9538,Right,117.08,180,[],2017-09-08T05:00:00,1772,2,2,1.44,Riverine,21668,0908_1504,seedline on horizontal i-beam on RB side of bridge over willow fork drainage,,1,5,0.05,,,29.74527,-95.78409,8,6128,21195,1.0,2017-09-08T05:00:00,1772,0.0532,7,2,Buffalo Bayou
9088,N/A,9.2,180,[],2017-09-12T04:00:00,1763,1,2,0.0,Riverine,22484,0912_1300_1,"Orange-painted stake on N side of road (W Round Bunch Road), @ intersection of W Round Bunch Road & Joel St - in Bridge City, TX.",level III,2,2,0.1,,,30.033934,-93.8681,7,5865,21724,1.0,2017-09-25T04:00:00,13,0.16,6,2,Lower Neches
9653,N/A,52.901,180,[],2017-09-08T05:00:00,1762,1,2,3.77,Riverine,22892,0908_1840_2,"Lat 29.681338
Long -95.451836
Seed line along stairwell outside of residence",,4,5,0.4,,,29.681338,-95.451836,8,6450,21921,1.0,2017-09-08T05:00:00,1762,0.13,6,2,unknown
9043,N/A,37.362,180,[],2017-09-13T05:00:00,1834,1,2,1.68,Riverine,23244,0913_1435_2,ORANGE TAPE/NAIL ON TELEPHONE POLE AT CORNER OF CR2230 AND 2231. TOP EDGE OF NAILHEAD MARKS MUDLINE. NEXT TO WELL PRESSURE TANK,,3,1,0.2,,,30.125,-94.85508,5,5836,22111,1.0,2017-09-18T05:00:00,1770,0.082021,6,2,Trinity River
9207,N/A,42.211,180,[],2017-09-16T05:00:00,1834,1,2,,Riverine,23598,0916_1230_1,ORANGE TAPE ON CHAINLINK FENCE IN FRONT OF METAL BUILDING NEXT TO SCHOOL,great mark,3,2,0.2,,,30.13024,-94.40349,2,12498,22282,1.0,2017-09-21T05:00:00,1770,0.055774,6,2,Neches River
8574,Right,23.73,180,[],2017-09-06T05:00:00,1786,6,2,0.0,Riverine,21214,0906_1144,On road 153,,4,2,0.4,,,28.95115,-95.75511,8,5575,20888,1.0,2017-09-06T05:00:00,1786,0.1,6,2,Linnville Bayou
9654,N/A,53.432,180,[],2017-09-08T05:00:00,1762,1,2,4.57,Riverine,22893,0908_1910_1,"Lat 29.681111
Long -95.450257
seed line wall of residence",,2,5,0.1,,,29.681111,-95.450257,8,6451,21922,1.0,2017-09-08T05:00:00,1762,0.13,6,2,unknown
8577,Right,28.11,180,[],2017-09-06T05:00:00,1786,6,2,0.0,Riverine,21215,0906_1206,On road,,3,2,0.2,,,28.98173,-95.77023,8,5577,20889,1.0,2017-09-06T05:00:00,1786,0.19,6,2,Linnville Bayou
9859,Right,32.54,180,[],2017-09-12T05:00:00,1833,1,2,6.96,Riverine,22492,0912_1043_2,mud line in garage further in garage then first HWM. should use first point. water level did not equalize in structure.,,1,1,0.05,,,29.833418,-94.426378,2,6349,21728,1.0,2017-09-20T05:00:00,1837,0.13,6,2,Spindletop Bayou
9858,N/A,32.23,180,[],2017-09-20T05:00:00,1833,1,2,7.4,Riverine,22491,0912_1043_1,Mud line in garage  by car door of home on west of river on downstream side,,1,1,0.05,,,29.833418,-94.426378,2,6349,21728,1.0,2017-09-20T05:00:00,1837,0.13,6,2,Spindletop Bayou
9656,N/A,52.133,180,[],2017-09-08T05:00:00,1762,1,2,2.75,Riverine,22894,0908_1910_2,"Lat 29.681191
Long 95.449012
seed line along garage of residence",,2,5,0.1,,,29.681191,-95.449012,8,6451,21922,1.0,2017-09-08T05:00:00,1762,0.13,6,2,unknown
8578,Right,28.15,180,[],2017-09-06T05:00:00,1786,6,2,0.0,Riverine,21216,0906_1207,On road,,3,2,0.2,,,28.98187,-95.77007,8,5577,20889,1.0,2017-09-06T05:00:00,1786,0.17,6,2,Linnville Bayou
9209,N/A,41.135,180,[],2017-09-16T05:00:00,1834,1,2,5.83,Riverine,23600,0916_1255_1,"ORANGE NAIL+TAPE ON TELEPHONE POLE 7 ACROSS FROM TECH BUILDING, TENNIS COURTS ABOUT 100 YDS AWAY",,2,5,0.1,,,30.10621,-94.40298,5,5927,22283,1.0,2017-09-21T05:00:00,1770,0.055774,6,2,Neches River
9113,N/A,16.77,180,[],2017-09-16T05:00:00,1833,1,2,7.5,Riverine,23246,0916_0835_1,Debris line marked with tape in treeline on southern side of highway and the eastern bank of the bayou. Located near point where concrete apron goes under the bridge.,,4,2,0.4,,,29.839739,-94.65327,2,,22112,0.0,2017-10-06T05:00:00,1760,0.1,6,2,Whites Bayou
9117,N/A,8.36,180,[],2017-09-16T05:00:00,1833,1,2,0.0,Riverine,23270,0916_1035_1,In backyard near lake edge. North of wooden stairway.,,3,2,0.2,,,29.80199,-94.658437,7,5880,22122,1.0,2017-10-06T05:00:00,1760,0.1,6,2,Lake Anahuac
9540,Left,100.46,180,[],2017-09-08T05:00:00,1772,2,2,0.0,Riverine,21671,0908_1555,,,4,2,0.4,,,29.73643,-95.74881,8,6129,21196,1.0,2017-09-08T05:00:00,1772,0.0634,7,2,Buffalo Bayou
9541,Right,100.27,180,[],2017-09-08T05:00:00,1772,2,2,0.0,Riverine,21672,0908_1557,,,4,2,0.4,,,29.73634,-95.74888,8,6129,21196,1.0,2017-09-08T05:00:00,1772,0.0477,7,2,Buffalo Bayou
9698,N/A,77.258,180,[],2017-09-11T05:00:00,1834,1,2,3.0,Riverine,24290,0911_1200_1,debris line along chain link fence,,4,2,0.3,,,29.063781,-96.795654,,6465,22669,1.0,2017-09-11T05:00:00,1834,0.29,6,2,Lavaca River
9134,N/A,9.36,180,[],2017-09-16T05:00:00,1833,1,2,0.0,Riverine,23249,0916_0920_1,"Debris line on the west bank of the bayou, north of the bridge. Marked with painted stake on the ground. Orange tape placed in vegetation to assist locating.",,4,2,0.4,,,29.828702,-94.670315,7,5890,22113,1.0,2017-10-06T05:00:00,1760,0.1,6,2,Turtle Bayou
8579,Right,32.07,180,[],2017-09-06T05:00:00,1786,6,2,0.0,Riverine,21218,0906_1240,On road,,3,1,0.2,,,29.04524,-95.78242,8,5578,20891,1.0,2017-09-06T05:00:00,1786,0.09,6,2,Linnville Bayou
9211,N/A,41.201,180,[],2017-09-16T05:00:00,1834,1,2,4.6,Riverine,23601,0916_1255_2,"ORANGE TAPE ON CHAINLINK FENCELINE AT FOOTBALL STADIUM, FACING THE PRACTICE FIELD",,1,2,0.01,,,30.10621,-94.40298,2,5927,22283,1.0,2017-09-21T05:00:00,1770,0.055774,6,2,Neches River
9863,N/A,24.15,180,[],2017-09-12T05:00:00,1833,1,2,0.24,Riverine,22495,0912_0943_1,"Debris line on east wall of Riceland hospital, approximately 40 ft to  left of emergency room entrance. Marked with flag.",levels from gps piont,1,2,0.05,,,29.819856,-94.376232,9,6352,21730,1.0,2017-09-20T05:00:00,1837,0.13,6,2,None
8580,Right,31.92,180,[],2017-09-06T05:00:00,1786,6,2,0.0,Riverine,21219,0906_1241,On road,,3,1,0.2,,,29.04497,-95.78239,8,5578,20891,1.0,2017-09-06T05:00:00,1786,0.18,6,2,Linnville Bayou
10701,N/A,16.8,180,[],2017-09-08T05:00:00,1521,1,4,,Riverine,21674,Vinton-BR1-002,,,3,6,,,,30.2294,-93.66786,3,6950,21198,1.0,2017-09-09T05:00:00,1521,0.1,6,2,Sabine River
9212,N/A,41.926,180,[],2017-09-16T05:00:00,1834,1,2,7.86,Riverine,23602,0916_1325_1,"ORANGE NAIL+TAPE ON TREE OFF OF FM326, ACROSS STREET FROM WOOD FENCE CORRAL",,1,2,0.03,,,30.0638,-94.40646,5,5929,22284,1.0,2017-09-21T05:00:00,1770,0.055774,6,2,Neches River
10008,N/A,9.85,180,[],2017-09-23T05:00:00,1727,1,2,1.8,Riverine,25154,no_label,Fair seed line 0.43' below top of wooden guardrail brace on southeast end of bridge.,,3,5,0.1,,,29.92819,-94.110616,4,6656,22128,1.0,2017-09-23T05:00:00,1727,0.01,6,2,Hillebrandt Bayou
10249,N/A,50.266,180,[],2017-09-15T05:00:00,1834,1,2,0.31,Riverine,23934,0915_1650_2,Small pine tree on canal bank ~100' ds from 0915_1650_1LB,RTN in this area had a higher variability due to some nodes working intermittently,1,5,0.02,,,29.64063,-95.42219,5,6703,22457,1.0,2017-10-04T05:00:00,1770,0.5,6,2,Buffalo Bayou
9864,N/A,24.03,180,[],2017-09-12T05:00:00,1833,1,2,0.32,Riverine,22496,0912_1000_2,"Debris line on east wall of Riceland hospital, approximately 20 ft to left of emergency room entrance. Marked with flag.",levels for both points from one gps piont,1,2,0.05,,,29.819856,-94.376232,7,,21730,1.0,2017-09-20T05:00:00,1837,0.13,6,2,None
9429,N/A,85.8,180,[],2017-09-06T04:00:00,1791,1,2,0.0,Riverine,21220,0906_1820_2,Near playground,"level 3 survey; +0.03' GNSS adjustment; field readings markers lost (mowed over), avg of 2 nearby marks 85.890+85.649",2,5,0.1,,,29.65355,-95.7362,6,6065,20890,1.0,2017-09-20T04:00:00,900,0.1,6,2,Figure four lake
9301,N/A,10.67,180,[],2017-09-20T05:00:00,1834,1,2,4.08,Riverine,24521,0920_0918_2,Debris snag in chain link fence ~15ft north of mark one. Marked with orange flagging and orange paint.  An orange stake placed in the ground below as an indicator.,,2,2,0.1,,,29.74109,-95.2122,2,5980,22777,1.0,2017-10-05T05:00:00,1770,0.04,6,2,Buffalo Bayou
9909,Left,56.41,180,[],2017-09-12T05:00:00,330,1,2,4.4,Riverine,22498,0912_1535_2,MUD IN PINE TREE TRUNK NORTH EAST OF BJ'S MARINA 50FT,,3,1,,,,30.05875,-95.13147,5,6531,21731,1.0,2017-09-20T05:00:00,1841,0.5857,2,2,EAST FORK SAN JACINTO RIVER
10703,N/A,14.09,180,[],2017-09-08T05:00:00,1521,1,4,2.97,Riverine,21676,Vinton-BR1-004,1826 Burch Rd,,2,5,,,,30.19198,-93.65207,4,6952,21200,1.0,2017-09-09T05:00:00,1521,0.1,6,2,Gum Slogh
8581,Left,36.39,180,[],2017-09-06T05:00:00,1786,6,2,0.0,Riverine,21221,0906_1301,"Downstream from bridge, difficult to tell if water got higher than it was at visit",,4,8,0.4,,,29.06968,-95.78846,8,5579,20892,1.0,2017-09-06T05:00:00,1786,0.1,6,2,Linnville Bayou
9215,N/A,40.545,180,[],2017-09-16T05:00:00,1834,1,2,0.0,Riverine,23605,0916_1405_2,"ORANGE STAKE IN GROUND AT DEBRIS LINE, IN FRONT OF WOOD FENCE/METAL GATE WITH NO TRESPASSING SIGN.",Mark is near top of drainage ditch that did not ovetrop its banks - may be of limited use.,3,2,0.2,,,30.06005,-94.33765,7,5930,22285,1.0,2017-09-21T05:00:00,1770,0.055774,6,2,Neches River
9913,Right,63.308,180,[],2017-09-13T05:00:00,330,1,2,0.0,Riverine,22499,0912_1650_1,DEBRIS LINE AT ENTRANCE TO 4671 PROPERTY,,3,2,,,,30.07698,-95.1656,3,6532,21732,1.0,2017-09-20T05:00:00,1841,0.5857,6,2,EAST FORK SAN JACINTO RIVER
9657,N/A,59.732,180,[],2017-09-09T05:00:00,1762,1,2,1.98,Riverine,22899,0909_0915_1,"Lat 29.652374
Long -95.493664
Seed line along garage door of residence",,2,5,0.1,,,29.652374,-95.493664,8,6452,21924,1.0,2017-09-09T05:00:00,1762,0.1,6,2,unknown
9701,N/A,87.163,180,[],2017-09-11T05:00:00,1834,1,2,7.18,Riverine,24292,0911_1200_1,debris line along chain link fence,,4,2,0.3,,,29.091782,-96.827698,,6466,22670,1.0,2017-09-11T05:00:00,1834,0.29,6,2,Lavaca River
8582,Left,36.34,180,[],2017-09-06T05:00:00,1786,6,2,0.0,Riverine,21222,0906_1302,"Downstream from bridge, difficult to tell if water got higher than observed during visit",,4,8,0.4,,,29.06969,-95.7883,8,12499,20892,1.0,2017-09-06T05:00:00,1786,0.08,6,2,Linnville Bayou
9658,N/A,59.715,180,[],2017-09-09T05:00:00,1762,1,2,2.16,Riverine,22900,0909_0915_2,"Lat 29.652181
Long -95.494013
Seed line along front door entrance of residence",,2,5,0.1,,,29.652181,-95.494013,8,6452,21924,1.0,2017-09-09T05:00:00,1762,0.1,6,2,unknown
9704,N/A,144.598,180,[],2017-09-11T05:00:00,1834,1,2,0.0,Riverine,24293,0911_1350_1,wash line on highway bridge,,4,9,0.3,,,29.093381,-96.986557,,6468,22671,1.0,2017-09-11T05:00:00,1834,0.29,6,2,Lavaca River
9341,Left,135.5,180,[],2017-09-16T04:00:00,1780,1,2,4.2,Riverine,23335,0916_1458_1,On electric pole on upstream side of road on left bank with tape and paint,level 4,3,1,0.2,,,30.61477,-94.46397,5,6004,22160,1.0,2017-09-20T04:00:00,1722,1.4,6,2,Unknown
10705,N/A,24.27,180,[],2017-09-07T05:00:00,1521,1,4,0.0,Riverine,21678,Starks-BR1-001,456 R L Hollie Rd,,3,2,,,,30.33251,-93.70294,6,6954,21202,1.0,2017-09-09T05:00:00,1521,0.1,6,2,Sabine River
8583,Left,38.09,180,[],2017-09-06T05:00:00,1786,6,2,0.0,Riverine,21223,0906_1309,At railroad tracks,,2,2,0.1,,,29.07517,-95.76731,8,5580,20893,1.0,2017-09-06T05:00:00,1786,0.17,6,2,Linnville Bayou
9992,Left,20.02,180,[],2017-09-24T05:00:00,1727,1,2,3.4,Riverine,25156,no_label,"Fair seed line in 10"" oak tree on downstream left floodplain.",,2,5,0.1,,,30.06013,-94.165,5,6652,22141,1.0,2017-09-24T05:00:00,1727,0.01,6,2,Janes Gully
9915,Right,59.602,180,[],2017-09-12T05:00:00,330,1,2,0.0,Riverine,22501,0912_1715_1,DEBRIS IN SOUTH DITCH OF KINGWOOD DR.,,3,2,,,,30.06432,-95.15423,3,6533,21733,1.0,2017-09-20T05:00:00,1841,0.5857,2,2,EAST FORK SAN JACINTO RIVER
9993,Left,20.0,180,[],2017-09-24T05:00:00,1727,1,2,3.3,Riverine,25157,no_label,"Poor seed line in 10"" elm tree on downstream left floodplain.",,3,5,0.2,,,30.060095,-94.165041,5,6652,22141,1.0,2017-09-24T05:00:00,1727,0.01,6,2,Janes Gully
8840,N/A,47.066,180,[],2017-09-20T05:00:00,1839,6,2,2.2,Riverine,24032,hwm2,"nail marking line in ""Lake Texana Boating Safety"" signpost near launch, painted green, flagged 9/20/2017","nail marking line in ""Lake Texana Boating Safety"" signpost near launch, painted green, flagged 9/20/2017",3,1,0.2,,,29.04303273,-96.46805556,5,5721,21536,1.0,2017-09-20T05:00:00,1839,0.0112,6,1,Lavaca River
9705,N/A,143.97,180,[],2017-09-11T05:00:00,1834,1,2,2.66,Riverine,24294,0911_1350_2,debris snag on fence,,4,2,0.3,,,29.093447,-96.986455,,6468,22671,1.0,2017-09-11T05:00:00,1834,0.29,6,2,Lavaca River
9916,Right,59.317,180,[],2017-09-12T05:00:00,330,1,2,0.0,Riverine,22502,0912_1720_2,DERIS ON NORTH DITCH OF KINGWOOD DR.,,4,2,,,,30.06432,-95.15423,3,6533,21733,1.0,2017-09-20T05:00:00,1841,0.5857,6,2,EAST FORK SAN JACINTO RIVER
8584,Left,37.79,180,[],2017-09-06T05:00:00,1786,6,2,0.0,Riverine,21224,0906_1310,At railroad tracks,,2,2,0.1,,,29.07502,-95.76749,8,5580,20893,1.0,2017-09-06T05:00:00,1786,0.15,6,2,Linnville Bayou
10706,N/A,23.87,180,[],2017-09-07T05:00:00,1521,1,4,,Riverine,21679,Starks-BR1-002,"HWM-1; tag nailed into large live oak tree in front yard. 
 HWM-2 located on 4th brick from cement;
at 5069 Donald Phillips Rd",,2,5,,,,30.31927,-93.69088,6,12550,21203,1.0,2017-09-09T05:00:00,1521,0.1,6,2,Sabine Rive
9219,N/A,30.497,180,[],2017-09-16T05:00:00,1834,1,2,4.73,Riverine,23609,0916_1600_2,"ORANGE NAIL+TAPE ON PINE TREE, IN BETWEEN BRIDGE AND TENNIS COURTS.",,2,5,0.1,,,30.14545,-94.18814,5,5933,22287,1.0,2017-09-21T05:00:00,1770,0.055774,6,2,Neches River
10707,N/A,23.87,180,[],2017-09-07T05:00:00,1521,1,4,,Riverine,21680,Starks-BR1-003,5069 Donald Phillips Rd,,2,5,,,,30.31923,-93.69091,4,6955,21204,1.0,2017-09-09T05:00:00,1521,0.1,6,2,Sabine River
7630,N/A,44.862,180,[],2017-09-05T05:00:00,1599,1,2,0.65,Riverine,21050,2,yellow gate at entrance of prison parking lot,,2,5,0.1,,,29.30927,-95.53909,4,5126,20779,1.0,2017-09-10T05:00:00,1770,0.06,6,2,oyster creek
9880,N/A,16.25,180,[],2017-09-14T05:00:00,1833,1,2,0.9,Riverine,22903,0914_1410_1,Water line on yellow pole at HF Middle School Entrance.,pole not marked,3,9,0.2,,,29.920963,-94.250834,2,6642,21925,1.0,2017-09-23T05:00:00,1837,0.065,6,2,None
9513,N/A,144.46,180,[],2017-09-09T05:00:00,1762,1,2,3.3,Riverine,22504,0909_1354_2,"Lat 29.45566 Long -96.38190
Located on right side of green metal fence posting on west side of FM 950",,5,2,0.5,,,29.45566,-96.3819,5,6408,21734,1.0,2017-10-09T05:00:00,1645,0.052,6,2,unknown
8585,Left,36.61,180,[],2017-09-06T05:00:00,1786,6,2,0.0,Riverine,21228,0906_1318,,,3,2,0.2,,,29.08342,-95.73809,8,5581,20896,1.0,2017-09-06T05:00:00,1786,0.08,6,2,Linnville Bayou
9882,N/A,16.22,180,[],2017-09-23T05:00:00,1833,1,2,1.7,Riverine,22904,0914_1420_2,wash line on blue building by bus circle,,3,3,0.2,,,29.920435,-94.251252,2,6642,21925,1.0,2017-09-23T05:00:00,1837,0.065,6,2,None
9221,N/A,28.934,180,[],2017-09-16T05:00:00,1834,1,2,0.0,Riverine,23611,0916_1625_2,"ORANGE PAINT LINE ON CONCRETE ROAD EMBANKMENT, NEAR GATE ENTRY WAY, ON LEFT DOWNSTREAM SIDE",,3,1,0.2,,,30.1532,-94.19428,3,5934,22288,1.0,2017-09-21T05:00:00,1770,0.055774,6,2,Neches River
9518,N/A,145.886,180,[],2017-09-09T05:00:00,1762,1,2,0.0,Riverine,22505,0909_1407_1,"29.45360 -96.39551
Wash line on East end of bridge on apron on upstream side.",,5,9,0.5,,,29.4536,-96.39551,3,6409,21735,1.0,2017-10-09T05:00:00,1645,0.052,6,2,unknown
9254,N/A,16.53,180,[],2017-09-14T05:00:00,1760,1,2,5.3,Riverine,23431,0914_1145_2,USGS plastic marker east of channel S side of road,level III,2,2,0.1,,,30.1098,-93.89188,4,5955,22200,1.0,2017-09-26T05:00:00,13,0.13,6,2,Cow Bayou to Sabine River
9660,N/A,59.651,180,[],2017-09-09T05:00:00,1762,1,2,1.52,Riverine,22905,0909_0940_1,"Lat 29.652696
Long -95.494799
Seed line along front door entrance of residence",,3,5,0.2,,,29.652696,-95.494799,8,6453,21926,1.0,2017-09-09T05:00:00,1762,0.1,6,2,unknown
9224,N/A,30.651,180,[],2017-09-16T05:00:00,1834,1,2,2.47,Riverine,23612,0916_1645_1,ORANGE NAIL+TAPE ON TELEPHONE POLE AT CORNER OF HURLEY AND OLD VOTH,,1,5,0.03,,,30.16236,-94.18481,5,5935,22289,1.0,2017-09-21T05:00:00,1770,0.055774,6,2,Neches River
8587,Right,31.75,180,[],2017-09-06T05:00:00,1786,6,2,0.0,Riverine,21230,0906_1330,Upstream side of bridge,,3,5,0.2,,,29.05007,-95.74964,8,5583,20897,1.0,2017-09-06T05:00:00,1786,0.16,6,2,Cedar Lake Creek
9114,N/A,22.92,180,[],2017-09-16T05:00:00,1833,1,2,4.2,Riverine,23261,0916_0950_1,"Debris line marked with tape in the brush. South bank of river, east of bridge.",,4,2,0.4,,,29.81703,-94.646091,2,5879,22115,1.0,2017-10-06T05:00:00,1760,0.1,6,2,Whites Bayou
9519,N/A,145.24,180,[],2017-09-09T05:00:00,1762,1,2,0.0,Riverine,22506,0909_1407_2,"29.45313 -96.39690
West end of bridge on overflow next to fence line on upstream side.",,5,1,0.5,,,29.45313,-96.3969,3,6409,21735,1.0,2017-10-09T05:00:00,1645,0.052,6,2,unknown
9222,N/A,30.628,180,[],2017-09-16T05:00:00,1834,1,2,2.13,Riverine,23613,0916_1645_2,ORANGE NAIL+TAPE ON TELEPHONE ON OLD VOTH ALONG WOOD/RED BRICK FENCE; NEAR CORNER OF OLD VOTH AND HURLEY,,3,5,0.2,,,30.16236,-94.18481,4,5935,22289,1.0,2017-09-21T05:00:00,1770,0.055774,6,2,Neches River
8589,Left,32.01,180,[],2017-09-06T05:00:00,1786,6,2,0.0,Riverine,21232,0906_1335,"Upstream from bridge. Fire ants present, no tape down to land surface",,3,5,0.2,,,29.05031,-95.74932,8,5583,20897,1.0,2017-09-06T05:00:00,1786,0.16,6,2,Cedar Lake Creek
9116,N/A,22.29,180,[],2017-09-16T05:00:00,1833,1,2,3.2,Riverine,23262,0916_1000_2,"Debris line marked with tape in the brush. South bank of river, west of bridge.",,3,2,0.2,,,29.81703,-94.646091,2,5879,22115,1.0,2017-10-06T05:00:00,1760,0.1,6,2,Whites Bayou
9328,N/A,23.7,180,[],2017-09-12T05:00:00,1776,1,2,7.4,Riverine,22466,0912_1715_1,Faint mudline in tree line on west side of FM2684. Located approximately 150 ft north of Clayton Bayou. A more distinct mudline exists at a lower elevation.,Located on small branch that may move around,4,1,0.3,,,30.036176,-94.793001,2,5996,21714,1.0,2017-10-05T05:00:00,1770,0.05,2,2,Clayton Bayou
9329,N/A,23.53,180,[],2017-09-12T05:00:00,1776,1,2,7.5,Riverine,22467,0912_1723_2,Distinct mudline in tree line on west side of FM2684. Located approximately 50 ft north of Clayton Bayou. A more distinct mudline exists at a lower elevation.,Located on small branch that may move around,4,1,0.35,,,30.036176,-94.793001,2,5996,21714,1.0,2017-10-05T05:00:00,1770,0.05,2,2,Clayton Bayou
10142,Right,20.089,180,[],2017-09-23T05:00:00,1853,1,2,2.1,Riverine,25160,09-23-1027-1,Seed line on fence post 450' from channel right bank and downstream of bridge.,,4,5,0.4,,,28.82832,-96.74186,7,6598,23170,1.0,2017-09-23T05:00:00,1853,0.036,6,2,Riverine
9953,Left,30.372,180,[],2017-09-15T05:00:00,330,6,2,0.0,Riverine,23263,0915_0840_1,DEBRIS  IN DITCH ON NORTH BOUND SIDE,,4,2,0.4,,,29.7545148411,-94.8542446072,7,6380,22116,1.0,2017-09-23T05:00:00,1842,0.046,6,2,DUTTON LAKE CANAL
9227,N/A,25.105,180,[],2017-09-16T05:00:00,1834,1,2,1.32,Riverine,23615,0916_1705_2,"BLACK SHARPIE LINE ON RIGHT UPSTREAM GUARDRAIL WOOD POST, 3RD FROM END",,3,1,0.2,,,30.16919,-94.19966,5,5937,22290,1.0,2017-09-21T05:00:00,1770,0.055774,6,2,Neches River
9725,N/A,390.962,180,[],2017-09-12T05:00:00,1834,1,2,1.9,Riverine,24305,0912_1430_1,debris snag along fence on side of road,,5,2,0.5,,,29.818185,-97.25168,,6481,22682,1.0,2017-09-12T05:00:00,1834,0.18,6,2,Guadalupe River
8592,N/A,42.48,180,[],2017-09-06T05:00:00,1786,6,2,0.0,Riverine,21234,0906_1411,"Not sure which bank, water everywhere, many bends in creek.",,3,2,0.2,,,29.10682,-95.77933,8,5584,20898,1.0,2017-09-06T05:00:00,1786,0.09,6,2,Linnville Bayou
8085,N/A,248.723,180,[],2017-09-12T05:00:00,1822,1,2,0.0,Riverine,22509,0912_1110,Left bank downstream on concrete skirt -3.83 feet from bottom of bridge truss,"surveyed at hwm line, did not use height above ground.",2,6,,,,29.61833,-96.91248,3,5312,21737,1.0,2017-09-19T05:00:00,1834,0.18,6,2,Navidad River
9954,N/A,7.056,180,[],2017-09-15T05:00:00,330,6,2,0.0,Coastal,23264,0915_0900_1,DEBRIS ON BANK,,3,2,0.2,,,29.7450364694,-94.8280533699,3,6078,22117,1.0,2017-09-23T05:00:00,1842,0.046,6,2,TRINITY BAY
10250,N/A,61.84,180,[],2017-09-22T05:00:00,1762,1,2,0.8,Riverine,24601,0922_1015_1,"Excellent Seed line in 18"" gum tree",,1,5,0.02,,,30.67345,-93.6792,5,6631,22793,1.0,2017-09-22T05:00:00,1727,0.13,6,2,Dempsey Creek
10143,Left,19.887,180,[],2017-09-23T05:00:00,1853,1,2,2.75,Riverine,25161,09-23-1031-2,Debris stack on Fence 400' from channel right bank downstream of bridge,,4,2,0.4,,,28.82839,-96.74178,3,6598,23170,1.0,2017-09-23T05:00:00,1853,0.036,6,2,Riverine
9361,N/A,20.98,180,[],2017-09-13T05:00:00,1833,1,2,7.1,Riverine,22603,0913_1015_1,Debris line marked with tape approximately 100 ft south of canal. Located in tree line on west side of County Road 133.,Located on small branch that may move around,4,2,0.4,,,29.969109,-94.74265,2,6022,21787,1.0,2017-10-05T05:00:00,1770,0.05,6,2,Drainage Ditch
9228,N/A,27.398,180,[],2017-09-16T05:00:00,1834,1,2,6.31,Riverine,23616,0916_1730_1,BLACK SHARPIE LINE+TAPE ON DOWNSTREAM RIGHT BRIDGE SIGN,,3,1,0.2,,,30.16425,-94.21279,4,5938,22291,1.0,2017-09-21T05:00:00,1770,0.055774,6,2,Neches River
8086,N/A,299.784,180,[],2017-09-12T05:00:00,1822,1,2,0.0,Riverine,22510,0912_1140,Left bank middle of concrete skirt downstream -3.92 from bottom of bridge truss,"surveyed at hwm line, did not use height above ground",3,1,,,,29.60645,-96.97903,6,5313,21738,1.0,2017-09-19T05:00:00,1834,0.18,6,2,Big Rocky Creek
8593,Right,44.29,180,[],2017-09-06T05:00:00,1786,6,2,0.0,Riverine,21235,0906_1422,Behind church,,3,2,0.2,,,29.14028,-95.80914,8,5585,20899,1.0,2017-09-06T05:00:00,1786,0.11,6,2,Linnville Bayou
9956,Right,6.588,180,[],2017-09-15T05:00:00,330,1,2,0.0,Riverine,23265,0915_0930_1,"DEBRIS IN WEST DITCH, SOUTH BOUND LANE",,4,2,0.4,,,29.7140914016,-94.8587814337,3,6377,22118,1.0,2017-09-23T05:00:00,1842,0.046,6,2,CEDAR GULLY
10252,N/A,48.383,180,[],2017-09-15T05:00:00,1834,1,2,0.0,Riverine,23938,0915_1750_2,Canal in Townwood Park DS of bridge  on Buffalo Sspeedway. Directly downslope from parking lot. LB,"Could not find point so marked what appeared to be old HWM

RTN in this area had a higher variability due to some nodes working intermittently",5,2,0.5,,,29.61986,-95.42844,3,6704,22458,1.0,2017-10-04T05:00:00,1770,0.5,6,2,Buffalo Bayou
9891,N/A,15.43,180,[],2017-09-23T05:00:00,1833,1,2,3.5,Riverine,22911,0914_1500_2,Mud line on phone pole 50 ft downstream and 50 ft landward,levels from GPS point,4,1,0.3,,,29.90097,-94.268543,2,6643,21929,1.0,2017-09-23T05:00:00,1837,0.035,6,2,North Fork Taylor Bayou
8596,Right,50.88,180,[],2017-09-06T05:00:00,1786,6,2,0.0,Riverine,21238,0906_1435,Upstream from culvert,,3,2,0.2,,,29.17437,-95.83054,8,5586,20900,1.0,2017-09-06T05:00:00,1786,0.1,6,2,Linnville Bayou
10251,N/A,50.121,180,[],2017-09-15T05:00:00,1834,1,2,0.0,Riverine,23933,0915_1650_1,Canal off of West Airport Blvd West Orem Rd. 150' ds from dead end.Near fence line. LB,RTN in this area had a higher variability due to some nodes working intermittently,5,2,0.5,,,29.64094,-95.42226,3,6703,22457,1.0,2017-10-04T05:00:00,1770,0.5,6,2,Buffalo Bayou
9957,N/A,7.938,180,[],2017-09-15T05:00:00,330,6,2,0.0,Coastal,23266,0915_1005_1,DEBRIS IN YARD,,4,2,0.4,,,29.689451304,-94.8657831693,3,6376,22119,1.0,2017-09-23T05:00:00,1842,0.046,6,2,TRINITY BAY
8595,Right,51.0,180,[],2017-09-06T05:00:00,1786,6,2,0.0,Riverine,21237,0906_1434,Upstream from culvert,,3,2,0.2,,,29.17433,-95.83039,8,,20900,0.0,2017-09-06T05:00:00,1786,0.18,6,2,Linnville Bayou
10253,N/A,48.648,180,[],2017-09-15T05:00:00,1834,1,2,0.0,Riverine,23936,0915_1750_1,Canal in Townwood Park DS of bridge  on Buffalo Sspeedway. 150' upstream from parking lot. LB,RTN in this area had a higher variability due to some nodes working intermittently,5,2,0.5,,,29.61975,-95.42886,3,6704,22458,1.0,2017-10-04T05:00:00,1770,0.5,6,2,Buffalo Bayou
10244,N/A,55.66,180,[],2017-09-22T05:00:00,1762,1,2,3.5,Riverine,24711,0922_1115_1,Fair - Good Seed line on low chord 2.85 ft below top of DS LT Handrail near left abutment. HWM verified by multiple seed lines on low chords & drift/seed at DSS of bridge. No 2nd HWM needed.,,2,5,0.1,,,30.62632,-93.72154,5,6630,22807,1.0,2017-09-22T05:00:00,1727,0.13,6,2,Donahue Creek
10710,N/A,6.56,180,[],2017-09-08T05:00:00,1521,1,4,1.54,Riverine,21689,LC-JKN2-007A,"Good seed lines/sand/mud
Height above ground  A: 1.54 ft at 1905 South Perkins Ferry Road",,2,5,,,,30.28038,-93.22848,6,6958,21218,1.0,2017-09-11T05:00:00,1521,0.1,6,2,Calcasieu West Fork
9958,N/A,6.524,180,[],2017-09-15T05:00:00,330,6,2,0.0,Coastal,23267,0915_1020_1,DEBRIS ON SOUTH SIDE OF BOAT RAMP,,4,2,0.4,,,29.6658907269,-94.8826668045,3,6375,22120,1.0,2017-09-23T05:00:00,1842,0.046,6,2,TRINITY BAY
8295,N/A,231.7,180,[],2017-09-09T05:00:00,1762,1,2,6.0,Riverine,22912,0909_1600_1,Mud line on the concrete of the bridge,,1,1,0.03,,,29.44723,-96.93239,2,5434,21930,1.0,2017-09-20T05:00:00,1760,0.089,6,2,Lavaca River
8597,Right,51.39,180,[],2017-09-06T05:00:00,1786,6,2,0.0,Riverine,21239,0906_1443,Upstream side of bridge,,2,5,0.1,,,29.17762,-95.84218,8,5587,20901,1.0,2017-09-06T05:00:00,1786,0.18,6,2,Linnville Bayou
10236,N/A,66.59,180,[],2017-09-21T05:00:00,1762,1,2,6.5,Riverine,24327,0921_1625_1,"Excellent seed line 1.88' below top of pile cap at 1st pile bent Rt of Lt abut, DSS of bridge. Blue sharpie square on bridge curb 1.78' above top of PC. HWM verified by exc seed lines on all pile bents. 2nd HWM not needed.",,1,5,0.02,,,30.6671,-93.58852,4,6628,22700,1.0,2017-09-22T05:00:00,1727,0.13,6,2,Cypress Creek
9959,N/A,4.641,180,[],2017-09-16T05:00:00,330,1,2,0.0,Coastal,23268,0915_1045_1,DEBRIS IN NORTH DITCH,,4,2,0.4,,,29.65764,-94.917,3,6373,22121,1.0,2017-09-23T05:00:00,1842,0.046,2,2,TRINITY BAY
8598,Left,52.33,180,[],2017-09-06T05:00:00,1786,6,2,0.0,Riverine,21240,0906_1445,Downstream side bridge,,3,5,0.2,,,29.17731,-95.84184,8,5587,20901,1.0,2017-09-06T05:00:00,1786,0.1,6,2,Linnville Bayou
9175,Left,38.22,180,[],2017-09-14T05:00:00,1846,1,2,0.0,Riverine,23413,0914_1848_1,"Debris line, Left Bank, US side of bridge along sidewalk next to Fire Department",RTN in this area had a higher variability due to some nodes working intermittently,4,2,0.3,,,29.67394,-95.33836,7,5911,22196,1.0,2017-10-04T05:00:00,1770,0.5,6,2,Sims Bayou
9730,N/A,447.105,180,[],2017-09-12T05:00:00,1834,1,2,0.0,Riverine,24309,0912_1510_1,debris snag along fence on side of road,,5,2,0.5,,,29.777895,-97.431483,,6483,22685,1.0,2017-09-12T05:00:00,1834,0.18,6,2,Guadalupe River
10232,N/A,72.77,180,[],2017-09-21T05:00:00,1762,1,2,0.4,Riverine,24276,0921_1540_1,"Exc Seed line1.12' below top of DS left bridge seat. Bridge seat is 1,98' below top of wheelguard. This HWM was verified by another excellent seed line on adjacent pile cap. No 2nd HWM needed.",,1,5,0.02,,,30.72598,-93.56006,4,6626,22655,1.0,2017-09-22T05:00:00,1727,0.13,6,2,Hoosier Creek
10712,N/A,5.77,180,[],2017-09-08T05:00:00,1521,1,4,1.65,Riverine,21691,LC-JKN2-008,Excellent seed line on metal utility pole next to power pole #22693 at 1968 S Perkins Ferry Road,,1,5,,,,30.27571,-93.22344,6,6959,21220,1.0,2017-09-11T05:00:00,1521,,6,2,Calcasieu West Fork
9960,N/A,4.516,180,[],2017-09-15T05:00:00,330,1,2,,Coastal,23269,0915_1050_2,"DEBRIS IN NORTH DITCH, EAST 20FT OF OTHER HWM",,4,2,0.4,,,29.65764,-94.917,3,6373,22121,1.0,2017-09-23T05:00:00,1842,0.046,2,2,TRINITY BAY
8599,Left,58.59,180,[],2017-09-06T05:00:00,1786,6,2,0.0,Riverine,21241,0906_1454,Downstream end of culvert,,2,5,0.1,,,29.20171,-95.88725,8,5588,20902,1.0,2017-09-06T05:00:00,1786,0.18,6,2,Caney Creek
8292,N/A,217.9,180,[],2017-09-09T05:00:00,1762,1,2,1.96,Riverine,22914,0909_1630_1,Debris line on the bridge rail,,1,1,0.02,,,29.42381,-96.94026,2,5433,21931,1.0,2017-09-20T05:00:00,1760,0.089,6,2,Lavaca River
9722,N/A,379.535,180,[],2017-09-12T05:00:00,1834,1,2,1.65,Riverine,24310,0912_1330_1,debris snag along fence on side of road,,5,2,0.5,,,29.761046,-97.31221,,6480,22686,1.0,2017-09-12T05:00:00,1834,0.18,6,2,Guadalupe River
10713,N/A,4.86,180,[],2017-09-08T05:00:00,1521,1,4,1.63,Riverine,21692,LC-JKN2-009,Debris line in fence at Calcasieu Saltwater Barrier entrance gate -- post marked at left corner at Calcasieu River Saltwater Barrier facility,,2,2,,,,30.25458,-93.21844,2,6960,21221,1.0,2017-09-11T05:00:00,1521,,6,2,Calcasieu River
8600,Right,58.63,180,[],2017-09-06T05:00:00,1786,6,2,0.0,Riverine,21242,0906_1457,Downstream end of culvert,,2,5,0.1,,,29.2017,-95.88734,8,5588,20902,1.0,2017-09-06T05:00:00,1786,0.18,6,2,Caney Creek
9176,Right,37.84,180,[],2017-09-14T05:00:00,1846,1,2,0.0,Riverine,23414,0914_1848_2,"Debris line, Right bank ~30ft US of bridge, next fence line. Marked with a stake, yellow flag, and orange paint.",RTN in this area had a higher variability due to some nodes working intermittently,4,2,0.4,,,29.6741,-95.33845,7,5911,22196,1.0,2017-10-05T05:00:00,1770,0.5,6,2,Sims Bayou
9721,N/A,347.858,180,[],2017-09-12T05:00:00,1834,1,2,2.08,Riverine,24311,0912_1300_1,debris snag along fence on side of road,,5,2,0.5,,,29.727932,-97.278143,,6479,22687,1.0,2017-09-12T05:00:00,1834,0.18,6,2,Guadalupe River
9118,N/A,8.36,180,[],2017-09-16T05:00:00,1833,1,2,0.0,Riverine,23271,0916_1040_2,In backyard near lake edge. South of wooden stairway.,,3,2,0.2,,,29.80199,-94.658437,7,5880,22122,1.0,2017-10-06T05:00:00,1760,0.1,6,2,Lake Anahuac
10714,N/A,4.2,180,[],2017-09-08T05:00:00,1521,1,4,3.66,Riverine,21693,LC-JKN2-010,"Debris line in fence, marked with sharpee on 2nd visible post from corner; flagging in fence at Mikes Hook Road",,3,2,,,,30.23034,-93.25232,4,6962,21222,1.0,2017-09-11T05:00:00,1521,,6,2,Bayou Contraband
8289,N/A,223.8,180,[],2017-09-09T05:00:00,1762,1,2,6.93,Riverine,22916,0909_1700_1,Seed line on the inside concrete wall,,1,5,0.02,,,29.46453,-96.94979,2,5431,21932,1.0,2017-09-20T05:00:00,1760,0.089,6,2,Lavaca River
10145,Left,67.484,180,[],2017-09-23T05:00:00,1853,1,2,0.0,Riverine,25163,09-23-l303-1,Wash line in vegetation,,5,4,0.9,,,28.81402,-96.8667,3,6599,23171,1.0,2017-09-23T05:00:00,1853,0.036,6,2,Riverine
8601,N/A,46.2,180,[],2017-09-06T05:00:00,1786,6,2,0.0,Riverine,21243,0906_1519,"Right bank? Far from creek, water over road",,3,2,0.2,,,29.1171,-95.85226,8,5589,20903,1.0,2017-09-06T05:00:00,1786,0.09,6,2,Linnville Bayou
9170,N/A,25.69,180,[],2017-09-14T05:00:00,1846,1,2,4.3,Riverine,23405,0914-1357_2,Seed line in 8 inch tree on island dividing hwy.  Marked with orange paint and flagging.,RTN in this area had a higher variability due to some nodes working intermittently,2,5,0.1,,,29.682465,-95.25217,5,5907,22192,1.0,2017-10-05T05:00:00,1770,0.5,2,2,Sims Bayou
9720,N/A,366.334,180,[],2017-09-12T05:00:00,1834,1,2,0.0,Riverine,24312,0912_1230_1,debris line along side of road,,5,2,0.5,,,29.695767,-97.306211,,6478,22688,1.0,2017-09-12T05:00:00,1834,0.18,6,2,Guadalupe River
9768,N/A,20.4,180,[],2017-09-07T04:00:00,1762,1,2,8.62,Riverine,22099,0907_0850_1,Pylon below the bridge,level 4 survey; field readings RTK 15.916+4.48 TU,1,5,0.02,,,29.24559,-95.32923,2,6494,21475,1.0,2017-09-18T04:00:00,900,0.5,6,2,unknown
10255,N/A,55.869,180,[],2017-09-15T05:00:00,1834,1,2,1.58,Riverine,23941,0915_1838_2,Monrad Dr. Blue fire hydrant in front of mark 0915_1838_1.,RTN in this area had a higher variability due to some nodes working intermittently,2,5,0.1,,,29.61002,-95.44185,4,6705,22459,1.0,2017-10-04T05:00:00,1770,0.5,6,2,Buffalo Bayou
9961,N/A,3.642,180,[],2017-09-16T05:00:00,330,6,2,0.0,Riverine,23272,0915_1100_1,DEBRIS IN SOUTH DITCH,,3,2,0.2,,,29.6783816108,-94.9255109582,3,6372,22123,1.0,2017-09-22T05:00:00,1841,0.017,6,2,CEDAR BAYOU
10146,Right,66.032,180,[],2017-09-23T05:00:00,1853,1,2,0.0,Riverine,25164,09-23-1303-2,Wash line in vegetation on Right bank of channel,,4,4,0.4,,,28.81388,-96.8275,3,6599,23171,1.0,2017-09-23T05:00:00,1853,0.036,6,2,Riverine
8602,N/A,46.16,180,[],2017-09-06T05:00:00,1786,6,2,0.0,Riverine,21244,0906_1520,"Right bank? Far from creek, water over road.",,3,2,0.2,,,29.11714,-95.85222,8,5589,20903,1.0,2017-09-06T05:00:00,1786,0.07,6,2,Linnville Bayou
9709,N/A,327.797,180,[],2017-09-12T05:00:00,1834,1,2,0.0,Riverine,24313,0911_1650_1,debris line along side of road,,5,2,0.5,,,29.680021,-97.182289,,6471,22689,1.0,2017-09-12T05:00:00,1834,0.18,6,2,Guadalupe River
10715,N/A,3.72,180,[],2017-09-08T05:00:00,1521,1,4,0.86,Riverine,21695,LC-JKN2-011,Excellent seed line on power pole #83; seed on warning post next to p.p. also (marked with sharpee) at  Guillotte Lane,,1,5,,,,30.12093,-93.35245,2,6963,21224,1.0,2017-09-10T05:00:00,1521,,6,2,Calcasieu River
9962,N/A,4.035,180,[],2017-09-15T05:00:00,330,6,2,0.0,Riverine,23273,0915_1105_2,DEBRIS IN NORTH DITCH,,3,2,0.2,,,29.6783214549,-94.9254437796,3,6372,22123,1.0,2017-09-22T05:00:00,1841,0.017,6,2,CEDAR BAYOU
9718,N/A,358.861,180,[],2017-09-12T05:00:00,1834,1,2,0.0,Riverine,24314,0912_1215_1,debris snag along barbed wire fence,,5,2,0.5,,,29.680191,-97.438932,,6477,22690,1.0,2017-09-12T05:00:00,1834,0.18,6,2,Guadalupe River
10256,N/A,56.338,180,[],2017-09-15T05:00:00,1834,1,2,0.8,Riverine,23942,0915_1838_3,"Monrad Dr, hurricane fence across the street from 0915_1838_1. Crayon is the mark with a flag in front to id.",RTN in this area had a higher variability due to some nodes working intermittently,1,5,0.04,,,29.61009,-95.44193,4,6705,22459,1.0,2017-10-04T05:00:00,1770,0.5,6,2,Buffalo Bayou
9058,N/A,7.818,180,[],2017-09-17T05:00:00,1762,1,2,0.0,Riverine,23625,0917_1535_2,"ORANGE STAKE+TAPE IN GROUND OFF 57TH ST, NEXT TO TELEPHONE POLE",,3,2,0.2,,,29.88569,-94.03189,7,5844,22294,1.0,2017-09-20T05:00:00,1770,0.022966,6,2,unknown
9711,N/A,304.162,180,[],2017-09-11T05:00:00,1834,1,2,0.0,Riverine,24315,0911_1725_1,debris snag on barbed wire fence along side of road,,5,2,0.5,,,29.632074,-97.341058,,6472,22691,1.0,2017-09-11T05:00:00,1834,0.18,6,2,Guadalupe River
9930,N/A,16.29,180,[],2017-09-21T05:00:00,1833,1,2,0.43,Riverine,22920,0914_1626_1,seed line on wood fence.,,2,5,0.1,,,29.862455,-94.31335,8,6378,21934,1.0,2017-09-21T05:00:00,1837,0.16,6,2,None
9459,N/A,59.672,180,[],2017-09-06T05:00:00,1762,1,2,4.35,Riverine,22042,0906_1740_1,A seed line on the upstream side of the bridge. Nearest the baseball diamond.,,1,5,0.01,,,29.4958,-95.549,2,6397,21429,1.0,2017-10-11T05:00:00,1645,0.023,6,2,Brazos RIver
9240,N/A,32.907,180,[],2017-09-16T05:00:00,1834,1,2,6.89,Riverine,23626,0916_1_1945,BLACK SHARPIE LINE+ORANGE TAPE ON STREET SIGN AT WOODEN BRIDGE,,1,5,0.02,,,30.15665,-94.33481,4,5945,22296,1.0,2017-09-21T05:00:00,1770,0.055774,6,2,Neches River
7895,Right,278.202,180,[],2017-09-10T05:00:00,1822,1,2,0.0,Riverine,22102,1220,Mud and debris along low spot in road,,1,2,,,,29.96539,-97.03149,6,5293,21477,1.0,2017-09-20T05:00:00,1760,0.23,6,2,Colorado river tributarty
9981,N/A,10.82,180,[],2017-09-23T05:00:00,1760,1,2,0.0,Riverine,25165,0923_1030_1,Good drift line in yard at address above.,,3,6,0.2,,,29.92954,-94.16296,5,6387,23172,1.0,2017-09-23T05:00:00,1727,0.01,6,2,Neches
9717,N/A,292.117,180,[],2017-09-12T05:00:00,1834,1,2,1.85,Riverine,24316,0912_1110_1,debris snag along barbed wire fence,,5,2,0.5,,,29.638696,-97.231939,,6476,22692,1.0,2017-09-12T05:00:00,1834,0.18,6,2,Guadalupe River
10260,N/A,28.79,180,[],2017-09-18T05:00:00,1760,1,2,0.0,Riverine,23984,0918_1800_3,"Debris line on DS right bank next to tire store, ~ 200ft DS of bridge. Marked with a stake and orange paint.",,4,2,0.4,,,29.665,-95.198,7,6707,22486,1.0,2017-09-25T05:00:00,1645,,6,2,Vince Bayon
9239,N/A,32.759,180,[],2017-09-16T05:00:00,1834,1,2,7.5,Riverine,23627,0916_1945_2,ORANGE TAPE ON GOLF COURSE BATHROOM BUILDING WALL,,2,1,0.1,,,30.15665,-94.33481,2,5945,22296,1.0,2017-09-21T05:00:00,1770,0.055774,6,2,Neches River
9963,N/A,5.143,180,[],2017-09-15T05:00:00,330,6,2,0.0,Riverine,23276,0915_1140_1,DEBRIS IN EAST DITCH,,3,2,0.2,,,29.6867822353,-94.9342375744,3,6371,22125,1.0,2017-09-22T05:00:00,1841,0.017,6,2,CEDAR BAYOU
8189,N/A,316.118,180,[],2017-09-07T05:00:00,1834,1,2,2.4,Riverine,22530,0907_1302_1,Mark located on Southern side of bridge beam facing upstream.,,3,5,0.2,,,29.82364,-97.08382,3,5403,21751,1.0,2017-09-21T05:00:00,1834,0.14,6,2,Colorado River
7555,N/A,5.404,180,[],2017-09-04T05:00:00,1762,1,2,2.0,Coastal,21248,0904_1350_2,SMALL PALM TREE ROUGHLY 25 FT FROM MOUND. FLAGGED AND MARKED WITH A SMALL PAINT MARK.,,2,2,,,,28.512222,-96.487806,3,5131,20844,1.0,2017-09-08T05:00:00,1770,0.085302,6,2,unknown
9234,N/A,49.42,180,[],2017-09-17T05:00:00,1762,1,2,4.52,Riverine,23985,0917_0910_1,"Debris snag on a pine tree, 20' west of small foot bridge on the hiking trail.",,1,2,0.02,,,29.9379,-95.08197,5,5942,22483,1.0,2017-09-24T05:00:00,1645,,2,2,Lake Houston
9061,N/A,2.585,180,[],2017-09-17T05:00:00,1762,1,2,3.47,Riverine,23628,0917_1630_1,ORANGE NAIL+TAPE ON TELEPHONE POLE #31589 AT END OF LOOP,,1,5,0.03,,,29.89785,-93.93479,5,5845,22297,1.0,2017-09-20T05:00:00,1770,0.7,6,2,unknown
9715,N/A,282.071,180,[],2017-09-12T05:00:00,1834,1,2,0.0,Riverine,24317,0912_1030_1,debris snag along barbed wire fence,,5,2,0.5,,,29.593729,-97.299389,,6475,22693,1.0,2017-09-12T05:00:00,1834,0.18,6,2,Guadalupe River
10089,N/A,5.98,180,[],2017-09-04T05:00:00,1762,6,2,0.0,Riverine,21249,0904_1340_1,PYLON MARKED WITH TAPE AND PAINT LINE ON THE BRIDGE. WATCH FOR ALIGATORS!!!,,2,2,0.1,,,28.518469,-96.504885,3,6683,20843,1.0,2017-09-08T05:00:00,1770,0.085302,6,2,unknown
8190,N/A,317.147,180,[],2017-09-07T05:00:00,1834,1,2,5.85,Riverine,22531,0907_1302_2,Mark located on Northern side of bridge beam facing downstream.,,3,5,0.2,,,29.82338,-97.0835,3,5403,21751,1.0,2017-09-21T05:00:00,1834,0.14,6,2,Colorado River
9522,N/A,135.828,180,[],2017-09-09T05:00:00,1762,1,2,2.25,Riverine,22508,0909_1429_2,"Lat 29.44010 Long -96.31777
Located on telephone pole on corner across from intersection of FM 2614 and CR 267.",,5,5,0.5,,,29.4401,-96.31777,5,6120,21736,1.0,2017-10-09T05:00:00,1645,0.052,6,2,unknown
7896,Right,282.055,180,[],2017-09-10T05:00:00,1822,1,2,0.78,Riverine,22104,1315,Central of three CSG's line on stick marked on outside of pipe with sharpee and flagging,,1,1,,,,29.96445,-97.00214,6,5294,21479,1.0,2017-09-20T05:00:00,1760,0.23,6,2,Colorado River
9987,N/A,14.98,180,[],2017-09-24T05:00:00,1760,1,2,2.8,Riverine,25167,0924_1000_1,Good seed line on downstream right low chord of bridge at downstream right abutment. HWM is 3.70' below top of downstream handrail. Mark verified by excellent seed line at left abutment.,,1,5,0.05,,,30.05554,-94.142,4,6389,23174,1.0,2017-09-24T05:00:00,1727,0.01,6,2,Neches
9964,N/A,5.058,180,[],2017-09-16T05:00:00,330,6,2,0.0,Riverine,23277,0915_1145_2,"DEBRIS IN EAST DITCH, 20FT SOUTH OF OTHER HWM",,3,2,,,,29.6866967939,-94.9342223489,3,6371,22125,1.0,2017-09-22T05:00:00,1841,0.017,6,2,CEDAR BAYOU
9931,N/A,16.22,180,[],2017-09-21T05:00:00,1833,1,2,0.0,Riverine,22922,0914_1635_2,debris line on rock landscaping.,,2,2,0.1,,,29.863424,-94.313189,8,6378,21934,1.0,2017-09-21T05:00:00,1837,0.16,6,2,None
9235,N/A,49.74,180,[],2017-09-17T05:00:00,1762,1,2,4.55,Riverine,23986,0917_0910_2,Seed line on a large pine tree upstream of footbridge ~80',,2,5,0.07,,,29.93791,-95.08195,5,5942,22483,1.0,2017-09-24T05:00:00,1645,,2,2,Lake Houston
10210,N/A,5.254,180,[],2017-09-15T05:00:00,330,6,2,0.0,Coastal,23278,0915_1155_1,"DEBRIS IN GRASS,  AT MOUTH OF CEDAR BAYOU",,3,2,0.2,,,29.6992759804,-94.946507979,3,6691,22126,1.0,2017-09-22T05:00:00,1841,0.017,6,2,CEDAR BAYOU
9062,N/A,2.018,180,[],2017-09-17T05:00:00,1762,1,2,2.67,Riverine,23629,0917_1630_2,ORANGE NAIL+TAPE ON TELEPHONE POLE BEHIND TURQUOISE HOUSE,,2,5,0.1,,,29.89785,-93.93479,5,5845,22297,1.0,2017-09-20T05:00:00,1770,0.7,6,2,unknown
9713,N/A,268.315,180,[],2017-09-12T05:00:00,1834,1,2,1.79,Riverine,24318,0912_0920_1,wash line along residence,,3,9,0.2,,,29.55098,-97.30753,,6474,22694,1.0,2017-09-12T05:00:00,1834,0.18,6,2,Guadalupe River
9770,N/A,24.6,180,[],2017-09-07T04:00:00,1762,1,2,1.03,Riverine,22105,0907_0920_1,Seed line found underneath the bridge in a cavity,level 4 survey; field reading 24.555,1,5,0.02,,,29.2451,-95.3623,2,6495,21480,1.0,2017-09-18T04:00:00,900,0.5,6,2,unknown
9988,N/A,22.15,180,[],2017-09-24T05:00:00,1760,1,2,0.0,Riverine,25168,0924_1200_1,Fair drift line on downstream left bank downstream of bridge,,4,2,0.4,,,30.08911,-94.16404,7,6390,23175,1.0,2017-09-24T05:00:00,1727,0.01,6,2,Neches
7552,N/A,6.463,180,[],2017-09-04T05:00:00,1762,1,2,1.1,Coastal,21250,0904_1330_1,"ON TELEPHONE POLE LOCATED ON THE SIDE OF THE ROAD. MARKED WITH TAPE, TAD, AND PAINT.",,2,2,,,,28.517238,-96.505458,3,5130,20842,1.0,2017-09-08T05:00:00,1770,0.085302,6,2,unknown
9714,N/A,268.286,180,[],2017-09-12T05:00:00,1834,1,2,2.36,Riverine,24319,0912_0930_2,debris snag along fence,,4,2,0.3,,,29.5550912,-97.307663,,6474,22694,1.0,2017-09-12T05:00:00,1834,0.18,6,2,Guadalupe River
9771,N/A,24.4,180,[],2017-09-07T04:00:00,1762,1,2,1.66,Riverine,22106,0907_0920_2,Seed line found opposite end of the bridge in a cavity as well,level 4 survey; field reading 24.374,1,5,0.02,,,29.2451,-95.3623,2,6495,21480,1.0,2017-09-18T04:00:00,900,0.5,6,2,unknown
9967,N/A,3.619,180,[],2017-09-15T05:00:00,330,1,2,1.5,Coastal,23279,0915_1415_1,"DEBRIS PILE ON LARGE POST, NEAR WESTERN GATE OF PRIVATE PROPERTY","Second HWM along oyster shell pile (debris pile, fair).  Elevation = 3.935.",3,2,0.2,,,29.54596,-94.78639,3,6545,22127,1.0,2017-09-23T05:00:00,1842,0.046,2,2,TRINITY BAY
10044,N/A,80.45,180,[],2017-09-25T05:00:00,1760,1,2,3.4,Riverine,25169,0925_0740_1,good seed line on oak tree,,1,5,0.05,,,29.781228,-95.613876,5,6570,23176,1.0,2017-09-26T05:00:00,1727,0.2,6,2,Buffalo Bayou Trib
10716,N/A,4.09,180,[],2017-09-08T05:00:00,1521,1,4,2.49,Riverine,21702,LC-JKN2-015,Excellent seed line on pile cap on Lake Street Bridge over inlet to Calcasieu River at Lake Steet,,1,5,,,,30.2084,-93.23228,4,6964,21230,1.0,2017-09-10T05:00:00,1521,,6,2,Calcasieu river
8285,Left,302.3,180,[],2017-09-14T05:00:00,1822,1,2,0.0,Riverine,22925,0914_1220_1,Seed line  right below bridge deck -0.10,,2,5,0.1,,,29.53866,-97.09209,3,5429,21937,1.0,2017-09-19T05:00:00,1760,0.099,6,2,Lavaca River
9772,N/A,25.1,180,[],2017-09-07T04:00:00,1762,1,2,3.65,Riverine,22107,0907_0920_3,Debris in a bush near the bridge.,level 4 survey; field readings RTK 24.458+0.6 TU - rated fair because bush,4,2,0.4,,,29.2451,-95.3623,2,6495,21480,1.0,2017-09-18T04:00:00,900,0.5,6,2,unknown
9064,N/A,6.122,180,[],2017-09-17T05:00:00,1762,1,2,0.0,Riverine,23631,0917_1715_2,"ORANGE STAKE IN GROUND AT CORNER OF MAIN AND PROCTER, BY DITCH",,3,5,0.2,,,29.9223,-93.88779,7,5846,22298,1.0,2017-09-20T05:00:00,1770,0.022966,6,2,unknown
8302,N/A,150.2,180,[],2017-09-09T05:00:00,1612,1,2,3.05,Riverine,21703,0908_0835_1,Left Marker N. of CR15.,,3,5,0.2,,,29.24674,-96.84699,6,5443,21231,1.0,2017-09-21T05:00:00,1760,0.058,6,2,Guadalupe River
7898,Left,295.245,180,[],2017-09-10T05:00:00,1822,1,2,2.26,Riverine,22108,1500,Most streamward of three wooden fence  post 150 yards past low water ford of Rabbs Creek. Left bank downstream of road,,2,1,,,,30.04901,-96.8923,3,5296,21481,1.0,2017-09-20T05:00:00,1760,0.23,6,2,Rabbs Creek
9750,N/A,29.3,180,[],2017-09-07T04:00:00,1762,4,2,11.85,Riverine,21572,0907_1050_1,"Center of the bridge, On the steel facing upstream.",level 4 survey; field readings RTK 28.423+0.9 TU,1,5,0.02,,,29.29667,-95.35667,2,6271,4319,1.0,2017-09-18T04:00:00,900,0.5,6,2,Austin Bayou
8284,Left,272.2,180,[],2017-09-14T05:00:00,1822,1,2,0.0,Riverine,22926,0914_1245_1,Wash line left bank concrete skirt -2.50 from bottom of bridge,,2,9,0.1,,,29.53792,-97.03584,3,5428,21938,1.0,2017-09-19T05:00:00,1760,0.099,6,2,Lavaca River
9066,N/A,5.748,180,[],2017-09-17T05:00:00,1762,1,2,2.67,Riverine,23632,0917_1750_1,"ORANGE TAPE ON CHAINLINK FENCE AROUND POND, NEXT TO WHITE GATE",better of two marks,3,2,0.2,,,29.94983,-93.87917,2,5847,22299,1.0,2017-09-20T05:00:00,1770,0.022966,6,2,unknown
9431,Right,80.2,180,[],2017-09-20T05:00:00,900,1,2,0.0,Riverine,23990,no_label,,level 3 survey; +0.03' GNSS adjustment; field reading 80.164,4,2,0.4,,,29.63086,-95.71703,8,6067,20951,1.0,2017-09-20T05:00:00,900,0.1,6,2,Oyster Creek
7750,N/A,113.691,180,[],2017-09-06T05:00:00,1599,1,2,3.34,Riverine,21252,1,Painted and pink flagged nail on telephone pole on N side of rt 1458 with aluminum numbers 9213 attached.,,2,5,,,,29.70871,-96.04501,5,5240,20904,1.0,2017-09-11T05:00:00,1770,,6,2,brazos river
8303,N/A,150.2,180,[],2017-09-09T05:00:00,1612,1,2,2.91,Riverine,21704,0908_1736_2,Right marker,,3,5,0.2,,,29.24674,-96.84699,6,5443,21231,1.0,2017-09-21T05:00:00,1760,0.058,6,2,Guadalupe River
8382,Right,165.15,180,[],2017-09-11T05:00:00,1791,1,2,2.32,Riverine,22109,0911_1040_1,On iron next to bridge,,2,1,0.1,,,29.08358,-97.28493,3,5479,21482,1.0,2017-09-23T05:00:00,1760,0.018,6,2,Gohlke Creek
9969,N/A,6.359,180,[],2017-09-15T05:00:00,330,6,2,0.0,Coastal,23282,0915_1430_1,"DEBRIS IN DITCH, NEAR SHORE",,4,2,0.4,,,29.5268128615,-94.7713819642,3,6546,22129,1.0,2017-09-23T05:00:00,1842,0.046,6,2,GALVESTON BAY
10047,N/A,115.8,180,[],2017-09-25T05:00:00,1760,1,2,4.9,Riverine,25171,0925_1215_1,fair seed line on 6-in birch tree,,2,5,0.1,,,29.92373,-95.58727,5,6571,23177,1.0,2017-09-26T05:00:00,1727,0.2,6,2,White Oak Bayou
7751,N/A,112.431,180,[],2017-09-06T05:00:00,1599,1,2,7.59,Riverine,21253,1,Telephone pole directly across rt 1458  from TX DoT lot on the NW side of the road,,2,5,,,,29.68492,-96.05888,5,5241,20905,1.0,2017-09-11T05:00:00,1770,,6,2,brazos river
8281,Left,256.4,180,[],2017-09-14T05:00:00,1822,1,2,5.85,Riverine,22927,0914_1310_1,Downstream left bank and about 30 yards east of the bridge,,1,1,0.04,,,29.51899,-97.00074,6,5427,21939,1.0,2017-09-19T05:00:00,1760,0.099,6,2,Lavaca River
9910,Left,55.792,180,[],2017-09-12T05:00:00,330,1,2,4.41,Riverine,22497,0912_1530_1,SEED LINE ON EASTERN FACING WALL ON BJ'S MARINA,,2,5,,,,30.05875,-95.13147,5,6531,21731,1.0,2017-09-20T05:00:00,1841,0.5857,2,2,EAST FORK SAN JACINTO RIVER
9971,N/A,3.755,180,[],2017-09-15T05:00:00,330,6,2,0.0,Coastal,23283,0915_1445_1,"DEBRIS IN DITCH, NEAR JERI SEAFOOD, DOCKS",,4,2,0.4,,,29.5368326611,-94.7610205684,3,6547,22130,1.0,2017-09-23T05:00:00,1842,0.046,6,2,TRINITY BAY
10717,N/A,22.8,180,[],2017-09-06T05:00:00,1521,1,4,3.18,Riverine,21705,LC-BR1-002,"HWM is on side of shed 130 feet ESE of driveway entrance. Shed is behind house.
House next door 346 Wildflower flooded also. No distinct HWM found on structure.  at 347 Wildflower",,1,5,,,,30.36505,-93.20328,6,6965,21233,1.0,2017-09-08T05:00:00,1521,0.1,6,2,Calcasieu
10234,N/A,75.21,180,[],2017-09-21T05:00:00,1762,1,2,3.7,Riverine,24323,0921_1600_1,Poor seed line 1.55' below top of pile cap at 1st pile bent Rt of Lt abut (HWM on right side of bent). Pile cap is 1.71' below wheelguard.,,2,5,0.1,,,30.71268,-93.56073,4,6627,22697,1.0,2017-09-22T05:00:00,1727,0.13,6,2,Pullem Branch
7752,N/A,112.641,180,[],2017-09-06T05:00:00,1599,1,2,7.52,Riverine,21254,2,HWM on telephone pole marked with painted nail and pink flagging tape across 1458 to the left of HWM1,,2,5,,,,29.68492,-96.05888,5,5241,20905,1.0,2017-09-11T05:00:00,1770,,6,2,brazos river
8383,Left,165.03,180,[],2017-09-11T05:00:00,1791,1,2,5.55,Riverine,22110,0911_1040_2,On concrete under bridge,,2,1,0.1,,,29.08358,-97.28493,3,5479,21482,1.0,2017-09-23T05:00:00,1760,0.018,6,2,Gohlke Creek
9972,N/A,4.812,180,[],2017-09-15T05:00:00,330,6,2,0.0,Coastal,23284,0915_1500_1,DERBIS LINE ON SHORE,,4,2,0.4,,,29.6287864185,-94.7057862435,3,6548,22131,1.0,2017-09-23T05:00:00,1842,0.046,6,2,TRINITY BAY
10050,N/A,97.49,180,[],2017-09-25T05:00:00,1760,1,2,0.0,Riverine,25173,0925_1315_1,good seed and drift on downstream left bank,,2,2,0.1,,,29.88749,-95.5557,7,6572,23178,1.0,2017-09-26T05:00:00,1727,0.2,6,2,White Oak Bayou
9741,N/A,17.14,180,[],2017-09-14T05:00:00,1772,2,2,4.75,Riverine,22929,0914_0811,seed line trash compactor,,3,5,0.2,,,29.76794,-95.18846,8,6262,21941,1.0,2017-09-14T05:00:00,1772,0.0522,7,2,Greens Bayou
7753,N/A,113.123,180,[],2017-09-06T05:00:00,1599,1,2,4.64,Riverine,21255,1,Telephone pole on the south side of rt 1458  HWM marked with painted nail and pink flagging tape,,2,5,,,,29.6616,-96.05042,5,5242,20906,1.0,2017-09-11T05:00:00,1770,,6,2,bessies creek
9068,N/A,3.583,180,[],2017-09-17T05:00:00,1762,1,2,5.34,Riverine,23635,0917_1825_2,ORANGE NAIL+TAPE ON TELEPHONE POLE NEAR BRIDGE OFF 9TH AVE,,1,5,0.02,,,29.92759,-93.94891,5,5848,22300,1.0,2017-09-20T05:00:00,1770,0.022966,6,2,unknown
8172,N/A,382.214,180,[],2017-09-07T05:00:00,1834,1,2,5.85,Riverine,22542,0907_1050_1,Tree located 25 feet east of bridge on downstream side.,,3,1,0.2,,,29.81619,-97.20261,3,5397,21756,1.0,2017-09-21T05:00:00,1834,0.14,6,2,Colorado River
10694,N/A,9.49,180,[],2017-09-07T05:00:00,1521,1,4,1.1,Riverine,22112,LC-JKN2-003A,excellent seed lines on front of house at 3100 General Wainwright,,1,5,,,,30.20371,-93.17483,4,,21119,0.0,2015-09-11T05:00:00,1521,0.1,6,2,Calcasieu River
8280,Right,234.1,180,[],2017-09-14T05:00:00,1822,1,2,0.0,Riverine,22931,0914_1320_1,Wash line upstream right bank concrete skirt bottom of paint,,1,5,0.05,,,29.48085,-96.97941,3,5426,21942,1.0,2017-09-19T05:00:00,1760,0.099,6,2,Lavaca River
9789,N/A,15.5,180,[],2017-09-08T04:00:00,1760,1,2,2.0,Riverine,21978,0908_1830_2,On the other end of the river. Along the concrete of the bridge. A debris snag will be on ones right.,level 4 survey; field readings 12.549+3 TU,4,2,0.4,,,29.30252,-95.26768,4,6502,21390,1.0,2017-09-17T04:00:00,900,0.6,6,2,Unknown
10062,N/A,94.68,180,[],2017-09-26T05:00:00,1760,1,2,4.0,Riverine,25179,0926_1020_1,seed line 1.24 ft below top of pile cap at 1st pile bent left of right abutment. Top of pile cap is 2.82 ft below bridge curb where survey TBM,,1,5,0.05,,,29.88709,-95.5325,4,6575,23181,1.0,2017-09-26T05:00:00,1727,0.2,6,2,Rolling Fork
9120,N/A,65.51,180,[],2017-09-15T05:00:00,1833,1,2,0.0,Riverine,23113,0915_1305_2,"Mud line at north end of the bridge marked with painted stake. Located on east road embankment, approximately 25 ft south of the guard rail's endpoint. Bottom of the stake is the elevation of the mudline observed in nearby vegetation.",,4,1,0.4,,,30.093633,-94.648516,7,5881,22042,1.0,2017-10-06T05:00:00,1760,0.1,6,2,Long Island Creek
9070,N/A,4.872,180,[],2017-09-17T05:00:00,1762,1,2,2.13,Riverine,23636,0917_1852_1,ORANGE TAPE ON CHAINLINK FENCE,,1,2,0.02,,,29.903,-93.96614,2,5851,22301,1.0,2017-09-20T05:00:00,1770,0.022966,6,2,unknown
7756,N/A,113.402,180,[],2017-09-06T05:00:00,1599,1,2,3.91,Riverine,21257,1,telephone pole on the E side of Spur road at the property corner marked with a painted and flagged nail.,,2,5,,,,29.67883,-96.01545,5,5243,20907,1.0,2017-09-11T05:00:00,1770,,6,2,brazos river
9346,Left,226.8,180,[],2017-09-16T04:00:00,1780,1,2,0.9,Riverine,23343,0916_1752_2,On base of tree downstream of road left of channel and red gate near barbed-wire fence with tape and paint,level 4,2,1,0.1,,,30.76425,-94.48144,5,6008,22165,1.0,2017-09-20T04:00:00,1722,1.4,6,2,Unknown
10055,N/A,102.54,180,[],2017-09-25T05:00:00,1760,1,2,1.2,Riverine,25175,0925_1425_1,"excellent seed line 0.23 ft below downstream left bridge seat, which is 1.82 ft below survey TBM
(verified by drift line)",,1,5,0.02,,,29.88837,-95.57372,4,6573,23179,1.0,2017-09-26T05:00:00,1727,0.2,6,2,White Oak Bayou Trib
9071,N/A,4.869,180,[],2017-09-17T05:00:00,1762,1,2,0.0,Riverine,23637,0917_1852_2,"ORANGE STAKE IN LEVEE AT SIDE OF BRIDGE FURTHEST AWAY FROM HWY AND CLOSEST TO FLINT HILLS RESOURCES, NEAR",,1,2,0.02,,,29.903,-93.96614,7,5851,22301,1.0,2017-09-20T05:00:00,1770,0.022966,6,2,unknown
7757,N/A,114.327,180,[],2017-09-06T05:00:00,1599,1,2,3.95,Riverine,21258,2,telephone pole on W side of Spur rd at the corner of the property line   marked with a painted nail and flagger tape,,2,5,,,,29.67883,-96.01545,5,5243,20907,1.0,2017-09-11T05:00:00,1770,,6,2,brazos river
10088,N/A,3.24,180,[],2017-09-04T05:00:00,1762,1,2,0.0,Coastal,21265,0904_1200_1,"THIS MARK IS ACROSS THE WATERWAY/JETTY. MUST DRIVE AROUND. MARK IS OFF NEAR THE END OF THE PIER, LOOK FOR TAPE ON A POLE NEAR THE PALM TREES, THIS IS ENTRANCE TO PIER. WALK THE PIER UNTIL YOU SEE TAPE ON THE RAILING, THE MARKS ARE IN LINE WITH THE TAPE. THE MARKS ARE MARKED WITH FLAG AND TAPE.",Avg of two HWM,2,2,0.1,,,28.41018,-96.4814,7,5124,20839,1.0,2017-09-08T05:00:00,1770,0.085302,6,2,unknown
10046,N/A,6.578,180,[],2017-09-03T05:00:00,1760,1,2,0.0,Coastal,20831,0903_1510_10,"300FT PAST GATE ON LEFT, FLAG ON SIGN TO SIGNAL WHEN TO STOP. DEBRIS LINE MARKED WITH FLAG, TAPE, AND PAINT",,2,2,0.1,,,28.30976,-96.80207,7,,20615,1.0,2017-09-06T05:00:00,1770,0.098425,6,2,NA
9072,N/A,4.905,180,[],2017-09-17T05:00:00,1762,1,2,1.71,Riverine,23638,0917_1915_1,"ORANGE TAPE ON LIGHT POLE WITH ""RESERVED FOR DEACON"" SIGN",,1,1,0.02,,,29.89645,-93.98591,2,5852,22302,1.0,2017-09-20T05:00:00,1770,0.022966,6,2,unknown
7554,N/A,5.18,180,[],2017-09-04T05:00:00,1762,1,2,0.0,Coastal,21247,0904_1350_1,"LOCATED ON RECTANGULAR MOUND OF GRASS 50 FT FROM GREEN HOUSE. DEBRIS LINES MARKED WITH PAINT, TAPE, AND FLAG.",,2,2,,,,28.512397,-96.48792,7,5131,20844,1.0,2017-09-08T05:00:00,1770,0.085302,6,2,unknown
7763,N/A,114.613,180,[],2017-09-06T05:00:00,1599,1,2,3.82,Riverine,21259,1,Telephone pole on the N side of Sagebrush road marked with a painted nail and pink flagging tape,,2,5,,,,29.70178,-95.99787,5,5245,20908,1.0,2017-09-11T05:00:00,1770,,6,2,brazos river
10059,Right,86.04,180,[],2017-09-25T05:00:00,1760,1,2,0.0,Riverine,25177,0925_1600_1,drift line on downstream right bank about 100 ft downstream of bridge,,4,2,0.4,,,29.86061,-95.52413,7,6574,23180,1.0,2017-09-26T05:00:00,1727,0.2,6,2,Cole Creek
9742,N/A,18.52,180,[],2017-09-14T05:00:00,1772,2,2,5.7,Riverine,22935,0914_0855,stain line on door outside hospital,,1,6,0.05,,,29.77212,-95.19306,8,6263,21945,1.0,2017-09-14T05:00:00,1772,0.0806,7,2,Greens Bayou
7764,N/A,114.846,180,[],2017-09-06T05:00:00,1599,1,2,4.53,Riverine,21260,2,Telephone pole on E side of Cheyenne rd marked with a painted nail and pink flagging tape,,2,5,,,,29.70178,-95.99787,5,5245,20908,1.0,2017-09-11T05:00:00,1770,,6,2,brazos river
7556,N/A,6.388,180,[],2017-09-04T05:00:00,1762,1,2,0.0,Coastal,21246,0904_1422_1,"DEBRIS LINE NEAR MONUMENT WAY RD SIGN. TAPE ON ""STATE MAINTENANCE ENDS"" SIGN SIGNALING WHERE THE MARK IS. MARKED WITH TAPE, FLAG, AND PAINT. ACROSS THE ROAD IS A SIMILAR MARK.",Avg of 2 HWM,2,2,,,,28.526985,-96.508277,7,5132,20845,1.0,2017-09-08T05:00:00,1770,0.085302,6,2,unknown
8406,N/A,14.8,180,[],2017-09-09T05:00:00,1612,1,2,6.53,Riverine,21711,0909_0811_1,Residential street,"set temporary RM with RTKGPS, Then ran short level loop to HWM's",2,5,0.1,,,29.45467,-95.07063,6,5495,21237,1.0,2017-09-17T05:00:00,1840,0.07,6,2,dickenson bayou
9924,Left,222.554,180,[],2017-09-13T05:00:00,330,6,2,0.0,Riverine,22936,0913_1315_1,DEBRIS IN SOUTH DITCH,Labeled as 0913_1315_2 on pdf field form (labeled 0913_1315_1 in STN).   Processed as 0913_1315_2  in field.,4,2,0.4,,,30.5984190168,-95.1972198525,7,6536,21948,1.0,2017-09-21T05:00:00,1842,0.61,6,2,EAST FORK SAN JACINTO RIVER
10011,N/A,16.13,180,[],2017-09-16T05:00:00,1833,1,2,2.4,Riverine,23291,0916_1350_1,"Fine debris line on railroad trestle marked with nail and orange ribbon. Painted stake used to assist locating. On south bank, west of road.",,2,2,0.1,,,29.966118,-94.220437,5,6657,22134,1.0,2017-09-23T05:00:00,1727,0.01,6,2,Kidd Gully
10235,N/A,58.92,180,[],2017-09-21T05:00:00,1762,1,2,6.4,Riverine,24329,0921_1700_1,"Fair seed line in 20"" oak tree marked with nail and orange flagging.",,2,5,0.1,,,30.62097,-93.65844,5,6699,22703,1.0,2017-09-22T05:00:00,1727,0.13,6,2,Big Slough
8590,N/A,227.583,180,[],2017-09-08T05:00:00,1834,1,2,0.0,Riverine,22118,0908_1353_2,"West side of bridge, center on apron",,5,1,0.5,,,29.5129,-96.6284,3,5582,21485,1.0,2017-09-21T05:00:00,1839,0.001,6,2,Lavaca River
7862,N/A,261.055,180,[],2017-09-08T05:00:00,1760,1,2,0.0,Riverine,23640,0908_1730,Debris caught in fence on rt bank downstream of 183 bridge,,2,2,,,,29.46113,-97.443656,5,5269,22303,1.0,2017-09-18T05:00:00,1767,0.12,6,2,Unknown
9448,Left,106.52,180,[],2017-09-09T05:00:00,1791,1,2,5.7,Riverine,21713,0909_1130_1,Utility pole near column for address #1418,,4,2,0.3,,,30.11294,-95.4225,6,6076,21239,1.0,2017-10-07T05:00:00,1645,0.01,6,2,Spring Creek
9394,Right,17.1,180,[],2017-09-06T04:00:00,1599,1,2,3.99,Riverine,21263,2,Telephone pole approx 200 yards of bridge on the upstream side marked with painted nail and pink flagging tape,level 4 survey; field readings 3.92TU+13.032; +0.16' GNSS adjustment,2,5,,,,29.31628,-95.09795,5,,20909,1.0,2017-09-16T04:00:00,900,0.006562,6,2,willow bayou
9073,N/A,8.963,180,[],2017-09-17T05:00:00,1762,1,2,4.33,Riverine,23642,0917_1930_2,"BLACK SHARPIE LINE+ORANGE TAPE ON ""ROAD"" PART OF GATE NEAR END OF GUARDRAIL. SHARPIE LINE MARKS WASH LINE",,1,9,0.03,,,29.91419,-94.04254,4,5853,22304,1.0,2017-09-20T05:00:00,1770,0.022966,6,2,unknown
9074,N/A,8.632,180,[],2017-09-17T05:00:00,1762,1,2,4.33,Riverine,23641,0917_1930_1,"ORANGE TAPE ON RUSTY FENCE WITH PURPLE TOP, NEXT TO SPEED LIMIT 60 SIGN",,1,2,0.03,,,29.91419,-94.04254,2,5853,22304,1.0,2017-09-20T05:00:00,1770,0.022966,6,2,unknown
10691,N/A,15.59,180,[],2017-09-07T05:00:00,1521,1,4,0.0,Riverine,22120,LC-JKN2-002A,Downstream of right abutment,,1,5,,,,30.33975,-93.25439,4,,21116,0.0,2017-09-08T05:00:00,1521,0.1,6,2,Indian Bayou
9744,N/A,17.12,180,[],2017-09-14T05:00:00,1772,2,2,0.0,Riverine,22938,0914_0930,Debris line in parking lot,,3,2,0.2,,,29.7783,-95.18569,,6265,21946,1.0,2017-09-14T05:00:00,1772,0.0523,7,2,Goodyear Creek
7542,N/A,7.574,180,[],2017-09-04T05:00:00,1762,1,2,0.0,Coastal,21264,0904_1230_1,"ON BOTH SIDES AND EDGES OF BRIDGE THERE ARE DEBRIS LINES MARKED WITH FLAGS, PAINT, AND TAPE.",Avg of 4 HWM,2,2,,,,28.47317,-96.55481,7,5125,20840,1.0,2017-09-08T05:00:00,1770,0.085302,6,2,unknown
8186,N/A,342.297,180,[],2017-09-07T05:00:00,1834,1,2,3.81,Riverine,22552,0907_1105_1,"Both survey points located south of bridge, marked fence poles with white disks flanked with orange paint. Flags along roadside at both locations.",,5,1,0.5,,,29.81179,-97.1395,3,5401,21761,1.0,2017-09-21T05:00:00,1834,0.14,6,2,Colorado River
9449,Left,106.95,180,[],2017-09-09T05:00:00,1791,1,2,5.69,Riverine,21715,0909_1130_2,15 ft down path in woods opposite from utility pole,,4,2,0.4,,,30.11294,-95.4225,6,6076,21239,1.0,2017-10-07T05:00:00,1645,0.01,6,2,Spring Creek
9973,N/A,4.864,180,[],2017-09-15T05:00:00,330,6,2,0.0,Coastal,23294,0915_1350_1,"WEST OF LODGE, 300FT",,3,2,0.2,,,29.6542676323,-94.6982039847,3,6549,22135,1.0,2017-09-23T05:00:00,1842,0.046,6,2,TRINITY BAY
9080,N/A,17.083,180,[],2017-09-18T05:00:00,1762,1,2,0.98,Riverine,23643,0918_1115_1,"ORANGE TAPE+BLACK SHARPIE ON METAL POLE ON WOODEN FENCE ALONG DRAINAGE DITCH, BY PINE TREE",,1,5,0.02,,,29.98343,-93.99942,2,5855,22305,1.0,2017-09-20T05:00:00,1770,0.2,6,2,unknown
9745,N/A,24.94,180,[],2017-09-14T05:00:00,1772,2,2,3.2,Riverine,22939,0914_1005,debris line in chain link fence,,4,2,0.4,,,29.7809,-95.20976,8,6266,21949,1.0,2017-09-14T05:00:00,1772,0.0474,7,2,Greens Bayou
9395,N/A,17.4,180,[],2017-09-06T04:00:00,1599,1,2,3.25,Riverine,21266,1,Middle wooden guardrail support at the dead end barrier of 33rd street.  marked with painted nail and pink flagging tape,level 4 survey; field readings 3.28TU+13.962; +0.16' GNSS adjustment,2,5,,,,29.33235,-95.06837,5,6046,20910,1.0,2017-09-16T04:00:00,900,0.006562,6,2,willow bayou
7599,N/A,6.493,180,[],2017-09-06T05:00:00,1760,1,2,0.0,Coastal,21717,0906_1430_1,"NEAR SEAWALL MARKED WITH PAINT, TAPE, AND FLAG.",,2,2,,,,28.7195,-96.25627,7,5161,21245,1.0,2017-09-09T05:00:00,1770,0.042651,6,2,Unknown
10261,N/A,66.18,180,[],2017-09-21T05:00:00,1762,1,2,4.3,Riverine,24334,0921_1805_1,Excellent seed line on aluminum siding of house underneath built up porch. Talked to resident who verified peak. No 2nd HWM needed.,,1,5,0.02,,,30.69495,-93.59046,4,6709,22706,1.0,2017-09-22T05:00:00,1727,0.13,6,2,Sabine River
9119,N/A,65.11,180,[],2017-09-15T05:00:00,1833,1,2,0.3,Riverine,23111,0915_1300_1,"Debris line at north end of bridge marked with painted stake. Located on east road embankment, approximately 15 ft north of the guard rail's endpoint.",,4,2,0.3,,,30.093633,-94.648516,7,5881,22042,1.0,2017-10-06T05:00:00,1760,0.1,6,2,Long Island Creek
9084,N/A,10.768,180,[],2017-09-18T05:00:00,1762,1,2,2.85,Riverine,23645,0918_1155_1,ORANGE NAIL+TAPE ON WOODEN POST NEXT TO TREE AT UPSTREAM LEFT END OF GUARDRAIL,,1,2,0.02,,,29.95825,-94.04466,5,5857,22306,1.0,2017-09-20T05:00:00,1770,0.022966,6,2,unknown
8380,Left,217.29,180,[],2017-09-11T05:00:00,1791,1,2,4.58,Riverine,22124,0911_1130_1,Concrete under bridge,,3,2,0.2,,,29.07646,-97.35074,3,5477,21488,1.0,2017-09-23T05:00:00,1760,0.018,6,2,Guadalupe River
7598,N/A,6.673,180,[],2017-09-06T05:00:00,1760,1,2,0.0,Coastal,21718,0906_1430_2,"APRROX 25 FT FROM SHED ON SIDE OF HOUSE MARKED WITH FLAG, PAINT, TAPE.",,2,2,,,,28.7195,-96.25627,3,5161,21245,1.0,2017-09-09T05:00:00,1770,0.042651,6,2,Unknown
9998,N/A,18.82,180,[],2017-09-16T05:00:00,1833,1,2,0.0,Riverine,23296,0916_1550_1,"Debris line marked with painted stake south of road on east bank, near bridge.",,4,2,0.3,,,30.023723,-94.196242,7,6654,22137,1.0,2017-09-23T05:00:00,1727,0.01,6,2,Willow Marsh Bayou
9746,N/A,31.99,180,[],2017-09-14T05:00:00,1772,2,2,1.67,Riverine,22943,0914_1115,debris in fence,,4,2,0.4,,,29.80306,-95.19835,8,6267,21952,1.0,2017-09-14T05:00:00,1772,0.0391,7,2,Greens Bayou
9085,N/A,11.043,180,[],2017-09-18T05:00:00,1762,1,2,3.27,Riverine,23646,0918_1155_2,"ORANGE TAPE ON CHAINLINK FENCE AT WELD SPEC, VERY END NEAR CANAL, UPSTREAM RIGHT BANK",,1,2,0.03,,,29.95825,-94.04466,2,5857,22306,1.0,2017-09-20T05:00:00,1770,0.022966,6,2,unknown
9396,N/A,17.2,180,[],2017-09-06T04:00:00,1599,1,2,4.69,Riverine,21268,3,telephone pole down the bank and off to the far left of the dead end barrier of 33rd street marked with a painted nail and pink flagging tape,level 4 survey; field readings 4.97TU+12.056; +0.16' GNSS adjustment,3,5,,,,29.33235,-95.06837,5,6046,20910,1.0,2017-09-16T04:00:00,900,0.006562,6,2,willow bayou
7638,N/A,4.803,180,[],2017-09-06T05:00:00,1760,1,2,0.0,Coastal,21719,0906_1440_1,"DEBRIS LINES ON BOTH THE RIGHT AND LEFT SIDE OF BRIDGE, MARKED WITH PAINT, TAPE, AND FLAG",,2,2,,,,28.70659,-96.23411,7,5166,21247,1.0,2017-09-09T05:00:00,1770,0.042651,6,2,Unknow
9776,N/A,28.1,180,[],2017-09-18T04:00:00,900,1,2,,Riverine,23647,no_label,,"level 4 survey; field reading 28.09; measured higher debris line on LB (approximates mud/snag line in bushes, not leveled)",2,2,0.1,,,29.28164,-95.33099,8,6497,21484,1.0,2017-09-18T04:00:00,900,0.5,6,2,unknown
9996,N/A,18.48,180,[],2017-09-16T05:00:00,1833,1,2,0.7,Riverine,23298,0916_1700_1,Fine debris line on north side of bridge at the west bank. Marked with paint. Bottom edge of paint line indicates HWM.,,2,2,0.1,,,30.038566,-94.177979,3,6653,22138,1.0,2017-09-23T05:00:00,1727,0.01,6,2,Ditch No. 5
8205,N/A,262.647,180,[],2017-09-07T05:00:00,1760,1,2,5.61,Riverine,22126,0907_1520_1,"387 River View LaGrange, TX. Marker located on right side of entryway to house.",,3,5,0.2,,,29.9048,-96.8842,5,5408,21487,1.0,2017-09-21T05:00:00,1834,0.14,6,2,Unknown
9747,N/A,32.75,180,[],2017-09-14T05:00:00,1772,2,2,0.0,Riverine,22944,0914_1120,debris on cement footer,,4,2,0.4,,,29.80333,-95.1993,8,6267,21952,1.0,2017-09-14T05:00:00,1772,0.07,7,2,Greens Bayou
7639,N/A,3.668,180,[],2017-09-06T05:00:00,1760,1,2,0.0,Coastal,21720,0906_1440_2,,,2,2,,,,28.70659,-96.23411,3,5166,21247,1.0,2017-09-09T05:00:00,1770,0.042651,6,2,Unknow
9399,N/A,20.6,180,[],2017-09-06T04:00:00,1599,1,2,3.58,Riverine,21270,1,Painted and flagged nail on telephone pole at the dead end of Elizabeth Lane,level 4 survey; field readings TU3.39+17.037; +0.16' GNSS adjustment,3,5,,,,29.33428,-95.10469,5,6048,20911,1.0,2017-09-16T04:00:00,900,0.006562,6,2,cloud bayou
8185,N/A,340.824,180,[],2017-09-07T05:00:00,1834,1,2,1.0,Riverine,22563,0907_1105_2,"Both survey points located south of bridge, marked fence poles with white disks flanked with orange paint. Flags along roadside at both locations.",,5,2,0.5,,,29.81179,-97.1395,3,5401,21761,1.0,2017-09-21T05:00:00,1834,0.14,6,2,Colorado River
9748,N/A,36.01,180,[],2017-09-14T05:00:00,1772,2,2,1.2,Riverine,22945,0914_1140,debris line on wooden fence,,1,2,0.05,,,29.81549,-95.21334,8,6268,21953,1.0,2017-09-14T05:00:00,1772,0.0456,7,2,Greens Bayou
9749,N/A,37.18,180,[],2017-09-14T05:00:00,1772,2,2,3.98,Riverine,22946,0914_1330,debris line on chain link fence,,4,2,0.4,,,29.80631,-95.23345,8,6269,21954,1.0,2017-09-14T05:00:00,1772,0.0431,7,2,Greens Bayou
7513,N/A,2.838,180,[],2017-09-04T05:00:00,1762,1,2,0.0,Coastal,21271,0904_1130_1,"MARK IS TO THE RIGHT OF CONCRETE ABOUT 50 FT. MARKED WITH TAPE, PAINT, AND FLAG.",,2,2,,,,28.41061,-96.48467,7,5122,20825,1.0,2017-09-08T05:00:00,1770,0.085302,6,2,unknown
7650,N/A,5.636,180,[],2017-09-06T05:00:00,1760,1,2,0.0,Riverine,21722,0906_1525_1,"DEBRIS LINE PAST DITCH, MARKED WITH FLAG, TAPE, AND PAINT",,2,2,,,,28.70161,-96.22517,7,5167,21248,1.0,2017-09-09T05:00:00,1770,0.042651,6,2,Unknown
8207,N/A,261.651,180,[],2017-09-07T05:00:00,1760,1,2,5.69,Riverine,22128,0907_1520_2,Marker identified by orange tape around debris line on chainlink fence.,,4,2,0.4,,,29.90504,-96.88506,2,5408,21487,1.0,2017-09-21T05:00:00,1834,0.14,6,2,Unknown
10077,N/A,67.76,180,[],2017-09-26T05:00:00,1760,1,2,2.0,Riverine,25184,0926_1425_1,front door of house at 107 Beaver Trail Poin,,1,5,0.02,,,29.75367,-95.54056,4,6578,23184,1.0,2017-09-26T05:00:00,1727,0.2,6,2,Buffalo Bayou
8287,Right,337.5,180,[],2017-09-14T05:00:00,1822,1,2,0.0,Riverine,22924,0914_1140_1,"Right bank upstream on bridge abutment -3.90 from bottom of bridge truss.
     Note gate through fence 60 feet west near metal shed",,1,1,0.05,,,29.55755,-97.14169,3,,21936,0.0,2017-09-19T05:00:00,1760,0.099,6,2,Lavaca river
8140,N/A,205.417,180,[],2017-09-13T05:00:00,1834,1,2,,Riverine,24337,0913_1135,"Sharp mud
 line on concrete skirt downstream right side -2.360 feet from bottom of bridge",,6,1,,,,29.45336,-96.76177,3,5377,22707,1.0,2017-09-18T05:00:00,1834,0.0004,6,2,Navidad River
8213,N/A,269.6,180,[],2017-09-14T05:00:00,1822,1,2,6.6,Riverine,22947,0914_1350_1,Left bank under bridge nice seed line bottom of yellow paint,,1,5,0.04,,,29.4599,-97.04549,3,5423,21947,1.0,2017-09-20T05:00:00,1760,0.089,6,2,Smouthers Creek
7649,N/A,6.053,180,[],2017-09-06T05:00:00,1760,1,2,0.0,Coastal,21723,0906_1550_1,"DEBRIS LINE TO THE RIGHT SIDE OF SHOP, MARKED WITH PAINT, FLAG, AND TAPE.",,2,2,,,,28.71411,-96.21022,7,5168,21249,1.0,2017-09-09T05:00:00,1770,0.042651,6,2,Unknown
8163,Right,138.477,180,[],2017-09-13T05:00:00,1822,6,2,1.1,Riverine,22843,1450,Upstream right bank 200 feet west of bridge on metal fence post,,5,2,,,,29.2728642,-96.71916667,3,5394,21899,1.0,2017-09-18T05:00:00,1839,0.0004,6,1,peach creek
9121,N/A,65.87,180,[],2017-09-15T05:00:00,1833,1,2,3.4,Riverine,23122,0915_1320_1,Mud line in trees marked with tape on west side of road. Located approximately 20 ft north of guard rail.,,4,1,0.3,,,30.08774,-94.651543,2,5882,22047,1.0,2017-10-06T05:00:00,1760,0.1,6,2,White's Bayou
8191,N/A,316.102,180,[],2017-09-07T05:00:00,1834,1,2,0.0,Riverine,22572,0907_1330_1,Wash line on apron of bridge; west upstream side,,2,9,0.1,,,29.80594,-97.06532,3,5404,21768,1.0,2017-09-21T05:00:00,1834,0.14,6,2,Colorado River
8876,N/A,230.611,180,[],2017-09-08T05:00:00,1834,1,2,,Riverine,22130,0908_1420_2,White disk nailed into telephone pole on west side of bridge on Hwy 90 on downstream side approximately 100 feet off of right bank.,,5,2,0.5,,,29.5089,-96.6387,5,5741,21490,1.0,2017-09-21T05:00:00,1839,0.001,6,2,Lavaca River
9258,Right,19.64,180,[],2017-09-18T05:00:00,1846,1,2,2.16,Riverine,23649,0918_0914_1,"Debris snag caught in chain link fence on north side of the road, marked with orange flagging and orange paint.",,2,4,0.06,,,29.82448,-95.09658,2,5958,22318,1.0,2017-09-24T05:00:00,1645,,2,2,unknown
9751,Left,39.6,180,[],2017-09-14T05:00:00,1772,2,2,7.46,Riverine,22948,0914_1346,mud line stain on window of business,,3,6,0.2,,,29.82481,-95.22776,8,6270,21955,1.0,2017-09-14T05:00:00,1772,0.0794,7,2,Greens Bayou
7648,N/A,8.033,180,[],2017-09-06T05:00:00,1760,1,2,0.0,Coastal,21724,0906_1605_1,"DEBRIS LINE MARKED IN GRASS WITH PAINT, FLAG, AND TAPE. ANOTHER LINE FOUND UNDER DOCK TO THE RIGHT.",Avg of 2 HWM,2,2,,,,28.721,-96.20337,7,5169,21251,1.0,2017-09-09T05:00:00,1770,0.042651,6,2,Gulf of America
7509,N/A,3.412,180,[],2017-09-04T05:00:00,1762,1,2,0.0,Coastal,21273,0904_1030_1,"DEBRIS LINE MARKED WITH FLAG, TAPE, AND PAINT AT THE END OF SCURLOCK ST.",,2,2,,,,28.42905,-96.43987,7,5121,20778,1.0,2017-09-08T05:00:00,1770,0.085302,6,2,unknown
9753,Right,38.81,180,[],2017-09-14T05:00:00,1772,2,2,3.98,Riverine,22949,0914_1355,debris line on chain link fence,,4,2,0.4,,,29.8235,-95.23089,8,6270,21955,1.0,2017-09-14T05:00:00,1772,0.0505,7,2,Greens Bayou
9259,Right,20.15,180,[],2017-09-18T05:00:00,1846,1,2,5.29,Riverine,23650,0918_0914_2,Nail in tree on south side of road marked with orange paint and orange flagging.  Stake marked with orange on side of road placed as an indicator.,,1,5,0.03,,,29.82441,-95.09653,5,5958,22318,1.0,2017-09-24T05:00:00,1645,,6,2,unknown
9400,N/A,22.7,180,[],2017-09-06T04:00:00,1599,1,2,2.6,Riverine,21274,1,Marker line labeled HWM on electrical box on the S side of Sayko st flagged with pink tape,level 4 survey; field readings TU 2.12+20.441 transferred elev to mailbox ; +0.16' GNSS adjustment,2,5,,,,29.35896,-95.09964,4,6049,20912,1.0,2017-09-16T04:00:00,900,0.006562,6,2,cloud bayou
10190,Right,37.4,180,[],2017-09-14T04:00:00,1780,1,2,3.85,Riverine,22999,0914_1123_2,On palm tree on north side of blue building with tape on right side of channel,,1,1,0.01,,,30.28877,-94.18742,5,6013,21986,1.0,2017-09-22T04:00:00,1722,0.3,6,2,Unknown
9794,N/A,28.0,180,[],2017-09-08T04:00:00,1760,1,2,3.5,Riverine,21988,0908_1910_1,Debris on the chain link fence near the bridge.,level 4 survey; field readings 24.293+3.67',1,2,0.02,,,29.34948,-95.30136,4,6504,21401,1.0,2017-09-17T04:00:00,900,0.6,6,2,Unknown
8290,N/A,223.9,180,[],2017-09-09T05:00:00,1762,1,2,8.67,Riverine,22917,0909_1700_2,Mud line on the inside concrete wall,,1,1,0.04,,,29.46453,-96.94979,2,5431,21932,1.0,2017-09-20T05:00:00,1760,0.089,6,2,Lavaca River
7510,N/A,2.057,180,[],2017-09-04T05:00:00,1762,1,2,0.0,Coastal,21275,0904_1030_2,"CUT LINE NEAR THE SCURLOCK ST SIGN, MARKED WITH PAINT AND TAPE.",,2,9,,,,28.42905,-96.43987,3,5121,20778,1.0,2017-09-08T05:00:00,1770,0.085302,6,2,unknown
7640,N/A,7.405,180,[],2017-09-06T05:00:00,1760,1,2,0.0,Riverine,21726,0906_1645_1,"SEED LINE FOUND MARKED WITH FLAG, TAPE AND PAINT, 30FT FROM CASH CK SIGN. TWO MARKS ON LEFT SIDE ON EACH SIDE OF ROAD, ONE MARK ON RIGHT SIDE. ALL MARKED WITH FLAG, PAINT, AND TAPE.",Avg of 3 HWM,2,2,,,,28.76322,-96.19306,7,5171,21253,1.0,2017-09-09T05:00:00,1770,0.042651,6,2,Unknown
9122,N/A,65.39,180,[],2017-09-15T05:00:00,1833,1,2,0.0,Riverine,23123,0915_1325_2,"Mud line marked with stake on east side of road, located approximately 75 ft north of guard rail.",,4,1,0.3,,,30.08774,-94.651543,7,5882,22047,1.0,2017-10-06T05:00:00,1760,0.1,6,2,White's Bayou
8877,N/A,228.489,180,[],2017-09-08T05:00:00,1834,1,2,3.1,Riverine,22132,0908_1449_1,Located on cedar tree on north end of bridge on downstream side.,,5,1,0.5,,,29.4862,-96.7027,5,5746,21492,1.0,2017-09-21T05:00:00,1839,0.001,6,2,Lavaca River
9353,N/A,30.9,180,[],2017-09-14T05:00:00,1780,1,2,5.45,Riverine,23000,0914_1217_1,On vertical electrical conduit on east side of green building to the right of white doors,,1,1,0.03,,,30.26575,-94.17495,4,6014,21987,1.0,2017-09-22T05:00:00,1722,0.3,6,2,Unknown
9754,Left,44.36,180,[],2017-09-14T05:00:00,1772,2,2,3.79,Riverine,22950,0914_1425,Sharpie line designating HWM on door,,3,9,0.2,,,29.84938,-95.22619,9,6272,21956,1.0,2017-09-14T05:00:00,1772,0.279,7,2,Greens Bayou
9370,N/A,19.74,180,[],2017-09-13T05:00:00,1833,1,2,3.7,Riverine,22618,0913_1045_1,Debris snag on chainlink fence marked with tape. Located approximately 30 feet north west of moss bluff road next to sign for buried gas pipeline.,,3,2,0.2,,,29.947162,-94.762201,2,6029,21792,1.0,2017-10-06T05:00:00,1770,0.04,6,2,West Branch Devers Canal
10085,N/A,75.02,180,[],2017-09-27T05:00:00,1760,1,2,1.9,Riverine,25187,0927_0850_1,door facing west and creek. HWM is 1.94 ft above the slab. Mark verified by many other seed lines. No 2nd HWM needed.,,1,5,0.02,,,29.86273,-95.46898,4,6579,23186,1.0,2017-09-27T05:00:00,1727,0.2,6,2,White Oak Bayou
9755,N/A,43.46,180,[],2017-09-14T05:00:00,1772,2,2,3.54,Riverine,22951,0914_1445,debris line on park sigh,,3,2,0.2,,,29.84586,-95.26114,8,6273,21957,1.0,2017-09-14T05:00:00,1772,0.0535,7,2,Halls Bayou
9260,Right,18.67,180,[],2017-09-18T05:00:00,1846,1,2,0.0,Riverine,23652,0918_1030_1,"Stake in ground, marked in orange, marking debris line next to chainlink fence near the shore on the south side of the park. Orange flag hung in fence as an indicator.",,3,2,0.18,,,29.8053,-95.09588,7,5959,22319,1.0,2017-09-24T05:00:00,1645,,6,2,unknown
8878,N/A,230.612,180,[],2017-09-08T05:00:00,1834,1,2,0.0,Riverine,22133,0908_1449_2,Located on apron on south end of bridge on downstream side.,,5,2,0.5,,,29.4862,-96.7027,3,5746,21492,1.0,2017-09-21T05:00:00,1839,0.001,6,2,Lavaca River
7645,N/A,7.031,180,[],2017-09-07T05:00:00,1760,1,2,0.0,Riverine,21727,0907_0945_1,"DEBRIS LINE MARKED WITH PAINT, TAPE, AND FLAG IN THE GRASS. SIMILAR LINE MARKED TO THE RIGHT ABOUT 30FT.",,2,2,,,,28.72439,-96.18814,3,5172,21254,1.0,2017-09-09T05:00:00,1770,0.042651,6,2,Unknown
8192,N/A,313.368,180,[],2017-09-07T05:00:00,1834,1,2,0.0,Riverine,22573,0907_1330_2,Wash line on apron of bridge; east downstream side,,2,9,0.1,,,29.80594,-97.06532,3,5404,21768,1.0,2017-09-21T05:00:00,1834,0.14,6,2,Colorado River
10103,N/A,65.5,180,[],2017-09-27T05:00:00,1760,1,2,1.8,Riverine,25188,0927_0930_1,left abutment at downstream bridge. Seed line is 3.40' below curb at Upstream left abutment of downstream bridge.,,1,5,0.05,,,29.83264,-95.45286,4,6581,23187,1.0,2017-09-27T05:00:00,1727,0.2,6,2,White Oak Bayou
8294,N/A,215.5,180,[],2017-10-09T05:00:00,1760,1,2,3.65,Riverine,25454,0909_1630_2,Debris line on the concrete of the bridge,,1,5,0.02,,,29.42454,-96.94007,2,5435,23281,1.0,2017-09-20T05:00:00,1760,0.089,6,2,Lavaca River
9127,N/A,6.43,180,[],2017-09-14T05:00:00,1760,1,2,3.0,Riverine,23108,0914_0830_2,USGS plastic marker on private chain-link fence 25 ft N of HWM 1.,level III,2,2,0.1,,,30.04077,-93.79326,4,5885,22041,1.0,2017-09-26T05:00:00,13,0.13,6,2,Lower Sabine River
7646,N/A,7.185,180,[],2017-09-07T05:00:00,1760,1,2,0.0,Riverine,21728,0907_0945_2,ANOTHER SIMILAR POINT MARKED ABOUT 500FT TO THE LEFT OF FIRST.,Avg of 2 HWM,2,2,,,,28.72439,-96.18814,3,5172,21254,1.0,2017-09-09T05:00:00,1770,0.042651,6,2,Unknown
8087,N/A,328.178,180,[],2017-09-12T05:00:00,1822,1,2,0.0,Riverine,22574,0912_1205,Paint and flagging at cut in soil Upstream right bank between 2nd and 3rd steel barrier post,,1,1,,,,29.65353,-97.02212,6,5314,21771,1.0,2017-09-19T05:00:00,1834,0.18,6,2,Mullberry Creek
7507,N/A,3.681,180,[],2017-09-04T05:00:00,1762,1,2,0.0,Coastal,21277,0904_1010_1,"ABOUT 50 FT AWAY FROM PALM TREES ACROSS THE ROAD OF 10TH AND MAPLE. IN FRONT OF LIGHT GREEN HOUSE IN DITCH. MARKED WITH FLAG, PAINT, AND TAPE.",,2,2,,,,28.44199,-96.41255,7,5120,20777,1.0,2017-09-08T05:00:00,1770,0.085302,6,2,unknown
8298,N/A,163.1,180,[],2017-09-08T05:00:00,1599,1,2,1.41,Riverine,21633,0908_1713_2,nail and tab in fence post on E side of CR 12 just N of intersection of CR 12 B,,2,5,0.1,,,29.30619,-96.88416,6,5439,21169,1.0,2017-09-21T05:00:00,1760,0.052,6,2,Lavaca River
9262,Right,19.35,180,[],2017-09-18T05:00:00,1846,1,2,0.0,Riverine,23653,0918_1030_2,"Stake in ground with orange paint, near the shore of the north end of the park. Orange flagging hung in tree above as an indicator.",,2,2,0.1,,,29.80556,-95.09589,7,5959,22319,1.0,2017-09-24T05:00:00,1645,,2,2,unknown
9759,N/A,42.27,180,[],2017-09-14T05:00:00,1772,2,2,0.0,Riverine,22952,0914_1500,debris line in field,,4,2,0.4,,,29.837,-95.27055,8,6275,21958,1.0,2017-09-14T05:00:00,1772,0.0487,7,2,Halls Bayou
10106,N/A,70.8,180,[],2017-09-27T05:00:00,1760,1,2,1.1,Riverine,25189,0927_1015_1,crape myrtle.,,2,5,0.1,,,29.826044,-95.481466,5,6582,23188,1.0,2017-09-27T05:00:00,1727,0.2,6,2,Brickhouse Gully
7643,N/A,10.335,180,[],2017-09-07T05:00:00,1760,1,2,0.1,Riverine,21729,0907_1030_1,"DEBRIS LINE NEAR ""NO DUMPING"" SIGN MARKED WITH FLAG, PAINT, AND TAPE.",,2,2,,,,28.7506,-96.15023,3,5173,21255,1.0,2017-09-09T05:00:00,1770,0.042651,6,2,Unknown
9762,N/A,47.8,180,[],2017-09-14T05:00:00,1772,2,2,2.76,Riverine,22953,0914_1520,debris in chain link fence,,3,2,0.2,,,29.84952,-95.29551,8,6277,21959,1.0,2017-09-14T05:00:00,1772,0.0763,7,2,Halls Bayou
8888,N/A,191.865,180,[],2017-09-08T05:00:00,1834,1,2,2.0,Riverine,22135,0908_1524_1,"Located along fence line approximately 50 feet northeast of bridge, on big oak tree. Mark faces northwest.",,4,1,0.25,,,29.46573,-96.54445,5,5751,21494,1.0,2017-09-21T05:00:00,1839,0.001,6,2,Lavaca River
7508,N/A,3.881,180,[],2017-09-04T05:00:00,1762,1,2,0.0,Coastal,21278,0904_1010_2,DIRECTLY ACROSS THE ROAD FROM 0904_1010_1 MARK. ALSO MARKED WITH PAINT.,,2,2,,,,28.44199,-96.41255,7,5120,20777,1.0,2017-09-08T05:00:00,1770,0.085302,6,2,unknown
10151,N/A,218.703,180,[],2017-09-07T05:00:00,1834,1,2,6.9,Riverine,22576,0907_1830_1,"Debris caught in tree line, 250 feet northwest on Zapalac Rd. near intersection of Zapalac Rd and Kallus-Beyer Rd.",,5,2,0.5,,,29.78003,-96.70595,5,5413,21772,1.0,2017-09-21T05:00:00,1834,0.1,6,2,Colorado River
8208,N/A,253.701,180,[],2017-09-07T05:00:00,1760,1,2,0.0,Riverine,22136,0907_1700_1,Orange paint line over mud line located under the northern side of bridge over the Colorado River on outskirts of LaGrange.,,4,1,0.4,,,29.89692,-96.87068,3,5409,21493,1.0,2017-09-21T05:00:00,1834,0.14,6,2,Colorado River
7644,N/A,9.094,180,[],2017-09-07T05:00:00,1760,1,2,0.0,Riverine,21730,0907_1030_2,"ON OPPOSING END OF BRIDGE MARKED WITH FLAG, PAINT, AND TAPE.",,2,2,,,,28.7506,-96.15023,3,5173,21255,1.0,2017-09-09T05:00:00,1770,1.3,6,2,Unknown
8296,N/A,232.1,180,[],2017-09-09T05:00:00,1762,1,2,6.68,Riverine,22913,0909_1600_2,Seed line on the concrete of the bridge,,1,5,0.02,,,29.44723,-96.93239,2,5434,21930,1.0,2017-09-20T05:00:00,1760,0.089,6,2,unknown
10108,N/A,60.2,180,[],2017-09-27T05:00:00,1760,1,2,2.1,Riverine,25191,0927_1050_1,seed line on window of building,,1,5,0.02,,,29.81895,-95.44712,4,6583,23189,1.0,2017-09-27T05:00:00,1727,0.2,6,2,White Oak Bayou
9388,N/A,26.2,180,[],2017-09-06T04:00:00,1599,1,2,6.2,Riverine,21280,1,Telephone pole on N side of CR 167 marked with painted nail and pink flagging tape,level 4 survey; field readings 22.610+3.43tu; +0.16' GNSS adjustment,2,5,,,,29.35353,-95.18681,5,6042,20914,1.0,2017-09-16T04:00:00,900,0.006562,6,2,halls bayou
9263,Left,12.39,180,[],2017-09-18T05:00:00,1846,1,2,5.2,Riverine,23656,0918_1125_2,"Nail in 12inch tree on left bank, ~80ft from parking lot and ~50ft from the road. Marked with orange paint at nail, orange flagging, and an orange stake at the base.",,1,5,0.02,,,29.78239,-95.10294,5,5962,22320,1.0,2017-09-24T05:00:00,1645,,2,2,unknown
9769,N/A,51.36,180,[],2017-09-14T05:00:00,1772,2,2,0.7,Riverine,22955,0914_1555,Spray paint mark on bridge with label,,1,9,0.05,,,29.89188,-95.23865,3,6283,21961,1.0,2017-09-14T05:00:00,1772,0.0461,7,2,Greens Bayou
8088,Left,313.708,180,[],2017-09-13T05:00:00,1822,1,2,2.9,Riverine,22578,0912_1230,Down stream left bank on concrete skirt -2.90 feet from bottom of bridge truss,,2,1,,,,29.70264,-97.00375,3,5315,21773,1.0,2017-09-19T05:00:00,1834,0.18,6,2,Rocky Creek
8300,N/A,148.6,180,[],2017-09-08T05:00:00,1599,1,2,3.95,Riverine,21636,0908_1551_1,Large tree marked with nail/tab and tape on the SW side of CR 444 just N of the bridge,,2,5,0.1,,,29.21893,-96.97,6,5442,21173,1.0,2017-09-21T05:00:00,1760,0.058,6,2,Lavaca River
10111,N/A,57.46,180,[],2017-09-27T05:00:00,1760,1,2,0.0,Riverine,25192,0927_1130_1,drift and seed on left bank just downstream of downstream left abutment of bridge,,3,5,0.2,,,29.808707,-95.440206,7,6584,23190,1.0,2017-09-27T05:00:00,1727,0.2,6,2,White Oak Bayou
9525,N/A,130.934,180,[],2017-09-09T05:00:00,1762,1,2,0.0,Riverine,22579,0909_1455_1,"Lat 29.42403 Long -96.28416
North end of bridge on upstream side apron.",,5,1,0.5,,,29.42403,-96.28416,3,6122,21774,1.0,2017-10-09T05:00:00,1645,0.052,6,2,unknown
8307,Right,29.5,180,[],2017-09-10T05:00:00,1791,1,2,0.0,Riverine,21962,0910_1630_1,"West side of bridge 100 ft, near dirt road, at bank of river",,5,4,0.5,,,28.53183,-97.04334,6,5447,21391,1.0,2017-09-22T05:00:00,1760,0.136,6,2,San Antonio River
8379,Right,165.98,180,[],2017-09-11T05:00:00,1791,1,2,0.0,Riverine,22138,0911_1230_1,"200 ft NE of bridge, N side of road, on hillside",,5,1,0.5,,,29.06377,-97.32425,6,5476,21495,1.0,2017-09-23T05:00:00,1760,0.018,6,2,Guadalupe River
9773,N/A,56.88,180,[],2017-09-14T05:00:00,1772,2,2,0.0,Riverine,22956,0914_1645,cut line/mud line in planter near road,,4,1,0.4,,,29.92425,-95.25813,8,6285,21962,1.0,2017-09-14T05:00:00,1772,0.0651,7,2,Greens Bayou
10112,N/A,52.82,180,[],2017-09-27T05:00:00,1760,1,2,1.1,Riverine,25193,0927_1200_1,seed 0.92 ft above slab on glass door of church,,1,5,0.02,,,29.78994,-95.41794,4,6585,23191,1.0,2012-09-27T05:00:00,1727,0.2,6,2,White Oak Bayou
9877,N/A,24.79,180,[],2017-09-21T05:00:00,1833,1,2,0.0,Riverine,22957,0914_1845_01,wash line on woods north shoulder of highway. Located approximately 100 ft east of riprap.,,4,3,0.3,,,29.945454,-94.325729,8,6641,21963,1.0,2017-09-22T05:00:00,1837,0.11,6,2,Green Pond Gully
9526,N/A,131.798,180,[],2017-09-09T05:00:00,1762,1,2,0.0,Riverine,22580,0909_1455_2,"Lat 29.42363 Long -96.28413
South end of bridge on downstream side of apron.",,4,1,0.25,,,29.42363,-96.28413,3,6122,21774,1.0,2017-10-09T05:00:00,1645,0.052,6,2,unknown
9267,N/A,11.56,180,[],2017-09-18T05:00:00,1846,1,2,3.07,Riverine,23659,0918_1240_2,Debris line on stone wall of the park along Park Rd near the entrance at Independence Pwy. (in line with debris line)  Marked with red lumber crayon and orange stake in the ground as an indicator.,,1,5,0.05,,,29.75229,-95.08817,4,5965,22321,1.0,2017-09-26T05:00:00,1645,,6,2,unknown
7870,N/A,365.451,180,[],2017-09-09T05:00:00,1822,1,2,0.0,Riverine,21733,0909_1215,left downstream bank of bridge concrete skirt 7.80  ft from bottom of bridge,"surveyed at hwm line, did not use height above ground",5,1,,,,29.68641,-97.64698,3,5274,21257,1.0,2017-09-22T05:00:00,1834,0.12,6,2,Salt branch tributary
8308,Left,31.7,180,[],2017-09-10T05:00:00,1791,1,2,1.14,Riverine,21970,0910_1630_2,"100 ft west of bridge on South side, halfway down bank, on tree",,3,1,0.2,,,28.53207,-97.04339,6,5447,21391,1.0,2017-09-22T05:00:00,1760,0.136,6,2,San Antonio River
8218,N/A,259.987,180,[],2017-09-08T05:00:00,1834,1,2,0.0,Riverine,22581,0908_0830_1,Located on northern side of bridge on HWY 201 on apron on downstream side.,,5,5,0.5,,,29.7382,-96.69336,3,,21776,0.0,2017-09-21T05:00:00,1834,0.1,6,2,Colorado River
9268,N/A,11.63,180,[],2017-09-18T05:00:00,1846,1,2,2.22,Riverine,23660,0918_1240_1,Seed line eastern stone wall of monument park running along Independence Pwy and facing monument. Marked with a red lumber crayon.,,1,5,0.02,,,29.75239,-95.0883,4,5965,22321,1.0,2017-09-26T05:00:00,1645,,6,2,unknown
9402,Right,217.7852,180,[],2017-09-21T04:00:00,1722,1,2,2.1,Riverine,24348,TXPOL22253-3,"300FT W of crossing of Mill Crk on HWY190, at Three Bridges Rd",,2,5,0.1,,,30.72028,-94.69268,4,,22253,0.0,2017-09-21T04:00:00,1722,1.406,6,2,Mill Creek
7651,N/A,7.09,180,[],2017-09-07T05:00:00,1760,1,2,0.0,Riverine,21734,0907_1055_1,"MARKED WITH FLAG, PAINT, TAPE ON END OF BRIDGE.",,2,2,,,,28.77411,-96.14819,3,5175,21258,1.0,2017-09-09T05:00:00,1770,0.042651,6,2,Unknown
10113,N/A,41.3,180,[],2017-09-27T05:00:00,1760,1,2,1.0,Riverine,25194,0927_1300_1,"eed in 4"" sweet gum tree downstream of community center on left bank.",,3,5,0.2,,,29.77885,-95.38457,5,6586,23192,1.0,2017-09-27T05:00:00,1727,0.2,6,2,White Oak Bayou
7652,N/A,6.896,180,[],2017-09-07T05:00:00,1760,1,2,0.0,Riverine,21735,0907_1055_2,"MARKED WITH FLAG, PAINT, TAPE ON END OF OTHER END OF BRIDGE.",,2,2,,,,28.77411,-96.14819,3,5175,21258,1.0,2017-09-09T05:00:00,1770,0.042651,6,2,Unknown
7997,Left,311.428,180,[],2017-09-12T05:00:00,1822,1,2,1.3,Riverine,22582,0911_1320,Nail in tree downstream left bank wood line near second reflector post from bridge,,1,1,,,,29.73966,-96.97211,6,5307,21775,1.0,2017-09-19T05:00:00,1834,0.18,6,2,Bee Creek
8203,Left,252.6,180,[],2017-09-14T05:00:00,1822,1,2,6.3,Riverine,22959,0914_1425_1,Nail and paint on tree left downstream side,,1,1,0.04,,,29.41159,-97.06576,6,5407,21964,1.0,2017-09-20T05:00:00,1760,,6,2,Rocky Creek
9270,Right,10.49,180,[],2017-09-18T05:00:00,1846,1,2,0.0,Riverine,23661,0918_1504_1,Cut line in mud marked with a Stake with orange paint and yellow flag under bridge on the right bank.,,4,9,0.3,,,29.75699,-95.12404,7,5967,22322,1.0,2017-09-24T05:00:00,1645,,6,2,unknown
10114,N/A,56.68,180,[],2017-09-27T05:00:00,1760,1,2,2.4,Riverine,25196,0927_1350_1,seed in 3 trunked elm tree.,,2,5,0.1,,,29.81918,-95.37962,5,6587,23193,1.0,2017-09-27T05:00:00,1727,0.2,6,2,Little White Oak Bayou
8219,N/A,257.173,180,[],2017-09-08T05:00:00,1834,1,2,0.0,Riverine,22583,0908_0830_2,Located on southern side of bridge on HWY 201 on apron on downstream side.,,5,2,0.5,,,29.7382,-96.69336,3,5415,21776,1.0,2017-09-21T05:00:00,1834,0.1,6,2,Colorado River
9272,Right,10.55,180,[],2017-09-18T05:00:00,1846,1,2,0.0,Riverine,23662,0918_1504_2,Stake in ground with orange paint marking debris line just US of the bridge on the right bank.,,4,2,0.4,,,29.75698,-95.12411,7,5967,22322,1.0,2017-09-24T05:00:00,1645,,2,2,unknown
8338,N/A,102.018,180,[],2017-09-07T05:00:00,1760,1,2,0.0,Riverine,21772,0907_1510_1,Inverse debris line under the bridge on the concrete. If facing the river it is the bridge on ones right.,,1,2,0.01,,,29.30606,-96.1041,2,5457,21281,1.0,2017-09-10T05:00:00,1787,0.00686,6,2,Unknown
7653,N/A,7.795,180,[],2017-09-07T05:00:00,1760,1,2,0.0,Riverine,21736,0907_1125_1,DEBRIS LINE MARKED OFF OF ACCESS ROAD APPROX QUARTER MILE FROM BRIDGE.,,2,2,,,,28.78831,-96.15261,3,5176,21259,1.0,2017-09-09T05:00:00,1770,0.042651,6,2,Unknown
9357,N/A,64.4,180,[],2017-09-14T04:00:00,1780,1,2,0.0,Riverine,23005,0914_1312_1,On apron of concrete culvert just west of road near guardrail with paint,level III,1,1,0.05,,,30.3835,-94.17458,4,6016,21990,1.0,2017-09-24T04:00:00,1722,0.0324,6,2,Unknown
10092,N/A,64.29,180,[],2017-09-27T05:00:00,1760,1,2,1.6,Riverine,25198,0927_1440_1,"in 24"" elm tree in front yard of residence.",,3,6,0.2,,,29.838228,-95.396206,5,6580,23194,1.0,2017-09-27T05:00:00,1727,0.2,6,2,Little White Oak Bayou
8231,N/A,197.838,180,[],2017-09-08T05:00:00,1834,1,2,0.95,Riverine,22584,0908_1235_1,Marker located approximately 100 feet south of first bridge on Hwy. 109 on east side of road.,,5,5,0.5,,,29.72764,-96.55216,5,5422,21777,1.0,2017-09-21T05:00:00,1834,0.1,6,2,Colorado River
7654,N/A,8.268,180,[],2017-09-07T05:00:00,1760,1,2,0.0,Riverine,21737,0907_1125_2,MARKED 400FT AWAY FROM OTHER POINT TOWARDS BRIDGE.,,1,2,,,,28.78831,-96.15261,3,5176,21259,1.0,2017-09-09T05:00:00,1770,0.042651,6,2,Unknown
9327,N/A,28.07,180,[],2017-09-12T05:00:00,1776,1,2,7.0,Riverine,22465,0912_1645_2,Distinct mudline marked with tape on south embankment of road. Located in treeline approximately 250 feet to the east of Texaco road.,,4,1,0.4,,,30.057068,-94.82917,2,,21713,1.0,2017-10-06T05:00:00,1770,0.04,6,2,Drainage ditch
9334,Right,152.0,180,[],2017-09-16T04:00:00,1780,1,2,3.4,Riverine,23320,0912_1232_1,On concrete fence on right side of channel. Mark is away from channel. Line scratched in spray paint.,level III,1,5,0.05,,,30.67649,-94.35149,3,5998,22152,1.0,2017-09-25T04:00:00,1722,0.0049,6,2,Unknown
9917,N/A,13.32,180,[],2017-09-21T05:00:00,1833,1,2,0.0,Riverine,22962,0914_15:45_2,debris line approximately 230 ft north of Bayou on east side of highway.,,5,2,0.5,,,29.869075,-94.29056,2,6646,21965,1.0,2017-09-21T05:00:00,1837,0.16,6,2,South Fork Taylor Bayou
8889,N/A,155.459,180,[],2017-09-08T05:00:00,1834,6,2,0.0,Riverine,22145,0908_1609_2,West side of bridge nailed into the road just off to shoulder on downstream side.,,5,2,0.5,,,29.3624391,-96.57748,5,5752,21499,1.0,2017-09-21T05:00:00,1839,0.001,6,2,Lavaca River
8232,N/A,198.256,180,[],2017-09-08T05:00:00,1834,1,2,1.0,Riverine,22586,0907_1235_2,Marker located approximately 200 feet north of first bridge on Hwy. 109 on east side of road.,,5,2,0.5,,,29.73022,-96.55226,5,5422,21777,1.0,2017-09-21T05:00:00,1834,0.1,6,2,Colorado River
7655,N/A,9.852,180,[],2017-09-07T05:00:00,1760,1,2,0.0,Riverine,21738,0907_1210_1,OFF CORNER OF DIRT ROAD ABOUT 35FT IN A TREE. MARKED WITH FLAG AND TAPE.,,2,2,,,,28.83402,-96.13609,2,5177,21261,1.0,2017-09-09T05:00:00,1770,0.042651,6,2,Unknown
7957,Left,334.543,180,[],2017-09-12T05:00:00,1822,1,2,0.96,Riverine,22585,0912_1345,Wooden fence post next to buried cable indicator near the norther most edge of guard rail,,1,2,,,,29.77006,-96.9093,6,5319,21778,1.0,2017-09-19T05:00:00,1834,0.18,6,2,East Navidad River
8199,N/A,262.633,180,[],2017-09-07T05:00:00,1760,1,2,0.0,Riverine,22144,0907_1430_1,Located on northern end of bridge on shoulder; downstream side,,4,1,0.4,,,29.86745,-96.93265,3,5406,21497,1.0,2017-09-21T05:00:00,1834,0.14,6,2,Unknown
8197,N/A,264.077,180,[],2017-09-07T05:00:00,1760,1,2,0.0,Riverine,22146,0907_1430_2,Located on southern end of bridge on shoulder; downstream side,,4,1,0.4,,,29.86539,-96.9332,3,5406,21497,1.0,2017-09-21T05:00:00,1834,0.14,6,2,Unknown
7656,N/A,10.115,180,[],2017-09-07T05:00:00,1760,1,2,0.0,Riverine,21739,0907_1210_2,ANOTHER MARK 100FT DOWN THE ROAD MARKED WITH FLAG AND TAPE.,,2,2,,,,28.83402,-96.13609,7,5177,21261,1.0,2017-09-09T05:00:00,1770,0.042651,6,2,Unknown
9901,N/A,18.5,180,[],2017-09-22T05:00:00,1833,1,2,0.0,Riverine,22963,0914_1750_1,Debris line marked by tape in tree line south of I10. Located approximately 70 feet east of bridge.,,2,1,0.1,,,29.887573,-94.322203,8,6644,21966,1.0,2017-09-22T05:00:00,1837,0.11,6,2,South Fork Taylor Bayou at I10
9527,N/A,133.892,180,[],2017-09-09T05:00:00,1762,1,2,4.9,Riverine,22587,0909_1539_1,"Lat 29.38770 Long -96.32552
Marker placed in oak tree 100 feet southeast of station MLV 25 for Trunkline Gas.",,5,5,0.5,,,29.3877,-96.32552,5,6410,21779,1.0,2017-10-08T05:00:00,1645,0.302,6,2,unknown
9276,N/A,28.62,180,[],2017-09-18T05:00:00,1846,1,2,2.42,Riverine,23665,0918_1604_2,Red lumber crayon marking a debris line on the metal pylon casing in front of the fence at dead end.  Right of basket ball hoop.,,2,2,0.06,,,29.71114,-95.1637,4,5969,22323,1.0,2017-09-25T05:00:00,1645,,6,2,unknown
7657,N/A,24.19,180,[],2017-09-07T05:00:00,1760,1,2,0.0,Riverine,21740,0907_1230_1,"MARKED IN BACKYARD OF RESIDENCE WITH FLAG AND TAPE.
4 INCHES OR MORE OF WATER STATED BY OWNER .",,2,2,,,,28.82857,-96.14295,3,5178,21262,1.0,2017-09-09T05:00:00,1770,0.042651,6,2,Unknown
9529,N/A,135.91,180,[],2017-09-09T05:00:00,1762,1,2,0.8,Riverine,22588,0909_1539_2,"Lat 29.39036 Long -96.32857
Marker located on base boards of restrooms on northeast corner.",,4,5,0.25,,,29.39036,-96.32857,5,6410,21779,1.0,2017-10-08T05:00:00,1645,0.302,6,2,unknown
7963,N/A,8.343,180,[],2017-09-04T05:00:00,1762,1,2,0.0,Riverine,21045,0904_1430_1,"lat 28.51861 long -96.80507
25 feet down steep slope, right bank, downstream side of bridge",,4,2,,,,28.51861,-96.80507,7,5327,20773,1.0,2017-09-06T05:00:00,1770,0.098,6,2,Victoria Barge Canal
7813,Left,7.307,180,[],2017-09-03T05:00:00,1763,1,2,0.0,Riverine,20765,0903_0900_1,Fence post near north end of bridge (upstream side).,"DEBRIS LINE, ELEVATIONS FINAL",4,2,,,,28.22318,-96.98648,3,5256,20583,1.0,2017-09-06T05:00:00,871,0.22,6,2,Cavasso Creek
10115,N/A,73.5,180,[],2017-09-27T05:00:00,1760,1,2,1.4,Riverine,25200,0927_1520_1,pstream left bridge seat of bridge. HWM is 5.60' below top of upstream handrail.,,1,5,0.02,,,29.853394,-95.409506,4,6588,23195,1.0,2017-09-27T05:00:00,1727,0.2,6,2,Little White Oak Bayou
9531,N/A,129.155,180,[],2017-09-09T05:00:00,1762,1,2,6.4,Riverine,22589,0909_1653_1,"Lat 29.37145 Long -96.26738
Located on telephone pole on east side of road.",,5,2,0.5,,,29.37145,-96.26738,5,6411,21782,1.0,2017-10-08T05:00:00,1645,0.302,6,2,unknown
8893,N/A,111.953,180,[],2017-09-08T05:00:00,1834,1,2,2.34,Riverine,22149,0908_1718_1,Mark located on northeast side of horizontal beam of bridge on upstream side.,,4,5,0.25,,,29.22788,-96.6067,5,5754,21503,1.0,2017-09-21T05:00:00,1839,0.001,6,2,Lavaca River
7506,N/A,3.829,180,[],2017-09-04T05:00:00,1762,1,2,0.0,Coastal,21294,0904_1000_1,"RAMP MARKED AT THE LEFT SIDE WITH TAPE ON POLE. LOOK FOR PAINT MARKS, THIS IS THE HIGHEST MARK. VERIFIED BY OWNER OF POC FISHING CENTER",,2,2,,,,28.43893,-96.4142,3,5119,20776,1.0,2017-09-08T05:00:00,1770,0.085302,6,2,unknown
8900,Left,50.685,180,[],2017-09-20T05:00:00,1839,6,2,,Riverine,24034,0920_1830_2,debris line on downstream east side of bridge on jeep trail,,3,2,0.2,,,29.07928636,-96.56805556,3,5757,21508,1.0,2017-09-20T05:00:00,1839,0.001,6,1,Lavaca River
9335,Right,122.8,180,[],2017-09-16T04:00:00,1780,1,2,5.95,Riverine,23325,0912_1350_1,In tree on right bank close to road with paint and tape for visibility.,,2,1,0.1,,,30.61976,-94.35718,5,5999,22154,1.0,2017-09-25T04:00:00,1722,0.0049,6,2,Unknown
9277,Right,31.12,180,[],2017-09-18T05:00:00,1846,1,2,0.0,Riverine,23667,0918_1715_1,"Debris line on right bank along chain link fence next to a business name Hurricane Tool and Supply ~300ft US from road. Marked with a stake, orange paint, and an orange flag in the chain link fence as an indicator.",,4,2,0.25,,,29.68164,-95.18002,7,5970,22324,1.0,2017-09-25T05:00:00,1645,,6,2,unknown
9336,Left,75.6,180,[],2017-09-16T04:00:00,1780,1,2,1.6,Riverine,23326,0916_0938_1,On wooden mailbox post at 7667 McNeely Road on left side of channel with tape and marker,level III,1,5,0.05,,,30.46658,-94.32186,5,6000,22155,1.0,2017-09-25T04:00:00,1722,0.0049,6,2,Unknown
8204,Right,243.9,180,[],2017-09-14T05:00:00,1822,1,2,0.0,Riverine,22966,0914_1440_1,Right bank downstream paint and a rebar stake about 10 feet from concrete apron and roadway,,2,1,0.1,,,29.37837,-97.06543,3,5399,21967,1.0,2017-09-20T05:00:00,1760,,6,2,Rocky Creek
7814,Left,7.378,180,[],2017-09-03T05:00:00,1763,1,2,0.0,Riverine,20766,0903_0900_2,North end of bridge (downstream side).,"DEBRIS LINE, ELEVATIONS FINAL",4,2,,,,28.22309,-96.98724,3,5256,20583,1.0,2017-09-05T05:00:00,871,0.22,6,2,Cavasso Creek
7658,N/A,14.449,180,[],2017-09-07T05:00:00,1760,1,2,5.7,Riverine,21742,0907_1315_1,"OWNER STATES DRIVEWAY ALERT SYSTEM WAS UNDERWATER. NOT MARKED, IT IS LOCATED ON TREE.",,2,1,,,,28.86208,-96.15566,3,5179,21264,1.0,2017-09-09T05:00:00,1770,0.042651,6,2,Unknown
8049,N/A,8.612,180,[],2017-09-05T05:00:00,1760,1,2,0.0,Coastal,21295,0905_0945_2,Orange painted stake near blue shack guard house,,4,2,,,,28.63628,-96.61617,7,5353,20915,1.0,2017-09-07T05:00:00,1787,0.16,6,2,Gulf of America
8229,N/A,201.403,180,[],2017-09-08T05:00:00,1834,1,2,0.95,Riverine,22590,0908_1213_1,Green disk marker located on fenceline just off of Hwy 71 leaving Columbus on side of river access road for the bridge over Colorado River on upstream side of bridge.,,5,2,0.5,,,29.71559,-96.54726,5,5421,21781,1.0,2017-09-21T05:00:00,1834,0.1,6,2,Colorado River
7975,N/A,272.422,180,[],2017-09-12T05:00:00,1822,1,2,0.0,Riverine,22591,0912_1440,Seed and mud line upstream left bank -7.20 from bottom of bridge truss,,3,1,,,,29.68308,-96.93722,3,5328,21780,1.0,2017-09-19T05:00:00,1834,0.11,6,2,West Navidad River
9338,Right,84.9,180,[],2017-09-16T04:00:00,1780,1,2,5.8,Riverine,23328,0916_1050_1,On wooden electric pole on upstream side of road 150 feet from right bank with tape and paint,level III,2,1,0.1,,,30.51081,-94.37604,5,6001,22157,1.0,2017-09-24T04:00:00,1722,0.03,6,2,Unknown
10116,N/A,54.87,180,[],2017-09-28T05:00:00,1760,1,2,1.9,Riverine,25201,0928_0800_1,downstream left bridge seat at upstream bridge.,,1,5,0.02,,,29.77798,-95.48255,4,6589,23196,1.0,2017-09-28T05:00:00,1727,0.2,6,2,Spring Branch Bayou
9532,N/A,128.122,180,[],2017-09-09T05:00:00,1762,1,2,6.62,Riverine,22592,0909_1653_2,"Lat 29.36915 Long -96.26826
Located on telephone pole on east side of road approximately 400 feet south of first mark.",,5,2,0.5,,,29.36915,-96.26826,5,6411,21782,1.0,2017-10-08T05:00:00,1645,0.302,6,2,unknown
9337,Left,84.9,180,[],2017-09-16T04:00:00,1780,1,2,6.0,Riverine,23329,0916_1050_2,On wooden electric pole on upstream side of road 90 feet from left bank with tape and paint,level III,2,1,0.1,,,30.51081,-94.37604,5,6001,22157,1.0,2017-09-24T04:00:00,1722,0.0324,6,2,Unknown
8165,Right,210.5,180,[],2017-09-14T05:00:00,1822,1,2,0.0,Riverine,22967,0914_1510_1,Wash line -3.70 from bottom of bridge truss Right bank upstream,,2,1,0.1,,,29.3777,-97.01031,3,5398,21968,1.0,2017-09-20T05:00:00,1760,0.089,6,2,Rocky Creek
9281,Left,31.58,180,[],2017-09-18T05:00:00,1846,1,2,0.0,Riverine,23670,0918_1800_1,"Debris pile DS left bank from bridge, behind Spring Buildinig.",,4,2,0.4,,,29.66531,-95.19899,7,5972,22325,1.0,2017-09-25T05:00:00,1645,,6,2,Vince Bayou
8895,N/A,103.969,180,[],2017-09-08T05:00:00,1834,1,2,1.0,Riverine,22151,0908_1736_1,East side of bridge on downstream side,,5,1,0.5,,,29.22742,-96.58295,3,5755,21504,1.0,2017-09-21T05:00:00,1839,0.001,6,1,Lavaca River
9373,N/A,6.38,180,[],2017-09-13T05:00:00,1833,1,2,2.6,Riverine,22651,0913_1458_1,Mudline in hanging moss marked with tape. Approximately 120 yards southwest of bend in road.,,4,1,0.4,,,29.830347,-94.737645,2,6031,21809,1.0,2017-10-06T05:00:00,1770,0.04,6,2,Trinity River
9477,N/A,181.168,180,[],2017-09-09T05:00:00,1762,1,2,4.32,Riverine,22153,0909_0830_1,"Lat 29.69067 Long -96.46008
Marker located in small oak tree on western side of overflow in treeline on south side of road.",,5,1,0.5,,,29.69067,-96.46008,5,6402,21500,1.0,2017-10-10T05:00:00,1645,0.203,6,2,unknown
9928,Left,215.83,180,[],2017-09-13T05:00:00,330,1,2,0.0,Riverine,22968,0913_1440_1,DEBRIS LINE NORTH DITCH,,3,2,0.2,,,30.5666,-95.19474,3,6538,21969,1.0,2017-09-21T05:00:00,1842,0.61,2,2,EAST FORK SAN JACINTO RIVER
9378,N/A,9.21,180,[],2017-09-13T05:00:00,1833,1,2,0.0,Riverine,22702,0913_1350_1,Distinct debris line west of bridge on north bank on bridge's concrete embankment. Marked with spray paint. Approximately 50 feet south from north end of bridge.,,1,2,0.05,,,29.875064,-94.828751,3,6035,21847,1.0,2017-10-06T05:00:00,1770,0.04,6,2,Old River
7659,N/A,13.301,180,[],2017-09-07T05:00:00,1760,1,2,5.1,Riverine,21744,0907_1315_2,MUD LINE MARKED ON LEFT SIDE OF PROPERTY ON TREES. MARKED WITH FLAG AND TAPE.,,2,1,,,,28.86208,-96.15566,2,5179,21264,1.0,2017-09-09T05:00:00,1770,0.042651,6,2,Unknown
9862,N/A,30.33,180,[],2017-09-20T05:00:00,1833,1,2,0.0,Riverine,22494,0912_1215_2,line on upstream right bank above culvert,,3,2,0.2,,,29.827653,-94.48241,2,6351,21729,1.0,2017-09-20T05:00:00,1837,0.13,6,2,Ogden Ditch
10117,N/A,45.52,180,[],2017-09-28T05:00:00,1760,1,2,3.7,Riverine,25202,0928_0915_1,"36"" sycamore tree across street from residence.",,2,5,0.1,,,29.760998,-95.427245,5,6590,23197,1.0,2017-09-28T05:00:00,1727,0.2,6,2,Buffalo Bayou
7943,N/A,9.993,180,[],2017-09-03T05:00:00,1763,1,2,0.0,Coastal,20768,0903_1000_1,Back yard,Elevation is final. No further adjustments necessary.,2,2,,,,28.13801,-97.00061,7,5316,20584,1.0,2017-09-05T05:00:00,1744,0.07,6,2,Gulf of America
8896,N/A,103.493,180,[],2017-09-08T05:00:00,1834,6,2,0.0,Riverine,22152,0908_1736_2,West side of bridge on upstream side.,,5,2,0.5,,,29.22751426,-96.58302,3,5755,21504,1.0,2017-09-21T05:00:00,1839,0.001,6,2,Lavaca River
10002,Right,32.7,180,[],2017-09-16T04:00:00,1602,1,2,5.93,Riverine,23330,0916_1850_01,"Nail in tree 150 ft from stream center, downstream, right bank. Marked with orange paint.",,2,5,0.1,,,30.34472,-93.80478,5,6560,22156,1.0,2017-09-28T04:00:00,1731,0.183,6,2,Unknown
9282,Left,32.47,180,[],2017-09-18T05:00:00,1846,1,2,0.0,Riverine,23671,0918_1800_2,"Debris line in chain link fence facing south, behind Sprint building marked  with flagging and orange paint, with a stake as an indicator.",,3,4,0.15,,,29.66524,-95.19904,2,5972,22325,1.0,2017-09-25T05:00:00,1645,,6,2,Vince Bayou
9929,Left,215.852,180,[],2017-09-13T05:00:00,330,1,2,0.0,Riverine,22969,0913_1445_2,"DEBRIS LINE IN NORTH DITCH, 25FT EAST OF OTHER HWM",,3,2,0.2,,,30.5666,-95.19474,3,6538,21969,1.0,2017-09-21T05:00:00,1842,0.61,2,2,EAST FORK SAN JACINTO RIVER
10118,N/A,33.66,180,[],2017-09-28T05:00:00,1760,1,2,0.0,Riverine,25204,0928_1050_1,Sesquicentennial Park,,4,2,0.4,,,29.764779,-95.366213,5,6591,23198,1.0,2017-10-03T05:00:00,1727,0.2,6,2,Buffalo Bayou
10718,N/A,5.74,180,[],2017-09-09T05:00:00,1521,1,4,2.14,Riverine,22154,LC-JKN2-016,Excellent seed line on pier railing post at Riverside Park Complex off Goos Street,,1,5,,,,30.26568,-93.19772,6,6966,21505,1.0,2017-09-10T05:00:00,1521,,6,2,Calcasieu River
7946,N/A,10.57,180,[],2017-09-03T05:00:00,1763,1,2,0.0,Coastal,20770,0903_1000_3,Back yard,Elevation is final. No further adjustments necessary.,2,2,,,,28.13801,-97.00083,7,5316,20584,1.0,2017-09-05T05:00:00,1744,0.07,6,2,Gulf of America
8220,N/A,287.06,180,[],2017-09-08T05:00:00,1834,1,2,2.0,Riverine,22594,0908_0900_1,Marker located under the bridge on pier on northwest end of bridge.,,5,2,0.5,,,29.71137,-96.70101,3,,21784,0.0,2018-09-21T05:00:00,1834,0.1,6,2,Colorado River
9384,N/A,7.99,180,[],2017-09-13T05:00:00,1833,1,2,3.2,Riverine,22712,0913_1635_2,"Distinct mudline on west bank of old lake, marked with tape in treeline that is approximately 50 feet north of I10. Further from water's edge than first HWM.",,3,1,0.2,,,29.830937,-94.800856,2,6039,21853,1.0,2017-10-06T05:00:00,1770,0.04,6,2,Old River Lake
9925,Left,221.738,180,[],2017-09-13T05:00:00,330,6,2,0.0,Riverine,22937,0913_1320_2,DEBRIS IN NORTH DITCH,,4,2,0.4,,,30.5984733192,-95.1975026234,7,6536,21948,1.0,2017-09-21T05:00:00,1842,0.61,6,2,EAST FORK SAN JACINTO RIVER
9479,N/A,186.692,180,[],2017-09-09T05:00:00,1762,1,2,0.0,Riverine,22155,0909_0830_2,"Lat 29.69042 -96.459560
Marker physically nailed into side of road on eastern side of overflow on south side of road.",,4,2,0.25,,,29.69042,-96.45956,5,6402,21500,1.0,2017-10-10T05:00:00,1645,0.203,6,2,unknown
7660,N/A,16.749,180,[],2017-09-07T05:00:00,1760,1,2,0.0,Riverine,21746,0907_1335_1,"DEBRIS LINE TO LEFT OF BOAT RAMP, MARKED WITH FLAG, TAPE, AND PAINT.",,2,2,,,,28.86419,-96.16317,3,5180,21265,1.0,2017-09-09T05:00:00,1770,0.042651,6,2,Unknown
8138,N/A,217.7,180,[],2017-09-14T05:00:00,1822,1,2,0.0,Riverine,22970,0914_1525_1,Mud line left on left bank under bridge -2.64 from bridge bottom of truss,,4,1,0.4,,,29.40779,-96.98339,3,5371,21970,1.0,2017-09-20T05:00:00,1760,0.089,6,2,Rocky Creek
9852,N/A,31.11,180,[],2017-09-20T05:00:00,1833,1,2,4.35,Riverine,22489,0912_1115_1,Seed and mud line on abandon tracker grill,,3,5,0.2,,,29.845814,-94.449485,2,6342,21727,1.0,2017-09-20T05:00:00,1837,0.13,6,2,Rush Ditch
8875,N/A,230.595,180,[],2017-09-08T05:00:00,1834,1,2,0.0,Riverine,22127,0908_1420_1,Orange paint sprayed on center of apron below east end of bridge.,,5,1,0.5,,,29.5089,-96.6387,3,5741,21490,1.0,2017-09-21T05:00:00,1839,0.001,6,2,Lavaca River
7468,N/A,19.492,180,[],2017-09-03T05:00:00,1760,1,2,,Coastal,20774,0902_1700_1,,"First HWM listed on field sheet, elevation is final",2,2,,,,27.8914444,-97.237333,,5109,20586,1.0,2017-09-04T05:00:00,871,0.114829,6,2,NA
9458,Left,115.31,180,[],2017-09-09T05:00:00,1791,1,2,5.98,Riverine,21747,0909_1300_1,Second utility pole down Devonshire from Gosling,,2,1,0.1,,,30.11586,-95.50716,6,6082,21266,1.0,2017-10-06T05:00:00,1645,0.121,6,2,Willow Creek
8227,N/A,203.138,180,[],2017-09-08T05:00:00,1834,1,2,1.25,Riverine,22596,0908_1158_1,Located on telephone pole on Northwest corner of Columbus Junior High School.,,5,5,0.5,,,29.71181,-96.54929,5,5420,21785,1.0,2017-09-21T05:00:00,1834,0.1,6,2,Colorado River
8897,N/A,79.773,180,[],2017-09-08T05:00:00,1834,1,2,1.9,Riverine,22156,0908_1800_1,"West side of bridge on downstream side, marked on backside of bridge pier.","gps point on wingwall adjacent to HWM, added +0.02 ft to elevation (tapedown)",5,5,0.5,,,29.09998,-96.60583,3,5756,21506,1.0,2017-09-20T05:00:00,1839,0.001,6,1,Lavaca River
8396,N/A,12.41,180,[],2017-09-16T05:00:00,1847,1,2,3.0,Riverine,23674,2,seed line on wall and filing cabinet inside residence garage,This is the better of the two HWM's. Landowners confirmed presense of big trucks and boats passing thru the flood water during the flood. These will make wakes which will make marks on exposed nearby surfaces unreliable.,1,5,0.02,,,29.35514,-95.0156,8,5487,21080,1.0,2017-09-16T05:00:00,1847,0.05,6,2,dickinson bayou
8983,N/A,31.7,180,[],2017-09-27T05:00:00,13,1,2,2.5,Riverine,24814,survey team,house number 110 Jones Rd.,This mark was an excellent seed line found on home beside site. Use this mark as others are draw down at bridge.,1,5,0.05,,,30.2439,-94.02206,8,5801,22028,1.0,2017-09-27T05:00:00,13,0.24,6,2,West Tenmile Creek
7818,N/A,22.356,180,[],2017-09-07T05:00:00,1760,1,2,0.0,Riverine,21748,0907_1430_1,"DEBRIS LINE ON UPSTREAM LEFT SIDE, MARKED WITH PAINT.",,2,2,,,,28.88646,-96.18152,3,5257,21267,1.0,2017-09-09T05:00:00,1770,0.042651,6,2,Unknown
9533,N/A,121.732,180,[],2017-09-09T05:00:00,1762,1,2,5.65,Riverine,22597,0909_1712_1,"Lat 29.35163 Long -96.20887
West side of bridge on right hand side as traveling west.",,5,2,0.5,,,29.35163,-96.20887,5,6412,21783,1.0,2017-10-08T05:00:00,1645,0.302,6,2,unknown
9933,Right,229.741,180,[],2017-09-13T05:00:00,330,6,2,0.0,Riverine,22972,0913_1410_1,DEBRIS PILE IN NORTH DITCH,,3,2,0.2,,,30.5460239512,-95.288827425,3,6539,21971,1.0,2017-09-21T05:00:00,1842,0.61,6,2,WINTERS BAYOU
7469,N/A,20.035,180,[],2017-09-02T05:00:00,1760,1,2,,Coastal,20775,0902_1700_3,,HWM shot directly. elevation is final,2,2,,,,27.8914444,-97.237333,2,5109,20586,1.0,2017-09-04T05:00:00,871,0.114829,6,2,NA
9932,Right,227.884,180,[],2017-09-13T05:00:00,330,6,2,0.0,Riverine,22973,0913_1415_2,,,3,2,0.2,,,30.5458530017,-95.2887355021,3,6539,21971,1.0,2017-09-21T05:00:00,1842,0.61,6,2,WINTERS BAYOU
10225,N/A,29.278,180,[],2017-09-15T05:00:00,1762,1,2,4.58,Riverine,23675,0915_1730_1,"ORANGE NAIL+TAPE ON FENCEPOST ALONG BACK OF OVERFLOW PARKING LOT, NEAR WHITE SHED",,1,2,0.04,,,30.21955,-94.1909,5,6696,22326,1.0,2017-09-22T05:00:00,1770,0.049213,6,2,unknown
9340,Right,105.3,180,[],2017-09-16T04:00:00,1780,1,2,0.0,Riverine,23334,0916_1242_1,On apron on upstream side of road on right bank with paint,Level 4,3,1,0.2,,,30.56057,-94.40012,4,6003,22159,1.0,2017-09-20T04:00:00,1722,1.4,6,2,Unknown
9690,N/A,23.4,180,[],2017-09-27T05:00:00,13,1,2,3.8,Riverine,24792,0927_3,"at pete and dales heavy truck repair in shelter at east side of property on back wall.
Flagged by survey crew. Talked to owners and confirmed the height of the mark.",at truck repair shop on back wall of shelter where tractor was parked at edge of property. Excellent mark,1,5,0.05,,,30.17773,-93.92525,8,6221,22207,1.0,2017-09-27T05:00:00,13,0.24,6,2,Cow Bayou Sabine River
5427,N/A,7.96,180,[],2017-09-09T05:00:00,1521,1,4,3.0,Riverine,22158,LC-JKN2-017A,"Good seed lines in trees on edge of open field (see site drawing) at Goos Ferry Road
A: N30.28727  W093.515132",,2,5,,,,30.28727,-93.15132,6,,21507,0.0,2017-09-10T05:00:00,1521,0.1,6,2,Calcasieu River
9934,Left,204.816,180,[],2017-09-13T05:00:00,330,1,2,6.7,Riverine,22975,0913_1505_2,"DEBRIS IN TREE, SOUTH DITCH 6FT WEST OF OTHER HWM",,3,2,0.2,,,30.54325,-95.17053,5,6540,21972,1.0,2017-09-21T05:00:00,1842,0.61,2,2,EAST FORK SAN JACINTO RIVER
9918,N/A,12.96,180,[],2017-09-14T05:00:00,1833,1,2,0.0,Riverine,22960,0914_15:40_1,Mudline marked with painted stake approximately 170 ft north of Bayou on east side of highway.,,4,1,0.4,,,29.869075,-94.29056,7,6646,21965,1.0,2017-09-21T05:00:00,1837,0.16,6,2,South Fork Taylor Bayou
7471,N/A,3.573,180,[],2017-09-02T05:00:00,1760,1,2,,Coastal,20776,0902_1645_1,"DEBRIS LINE ON SOUTH SIDE OF ROAD, LARGE AREA OF DEBRIS MOSTLY FINES. FIRST OFF ROAD ABOUT 6FT FROM PALM TREE. FLAGS AND PAINT.",First HWM listed on field form. elevation is final,2,2,,,,27.8848333,-97.1541944,,5110,20588,1.0,2017-09-04T05:00:00,871,0.114829,6,2,NA
10226,N/A,29.088,180,[],2017-09-15T05:00:00,1762,1,2,6.34,Riverine,23676,0915_1730_2,"ORANGE NAIL+TAPE ON TREE, NEAR BRIDGE AND MAIN CHURCH PARKING LOT. - CAUTION:POISON IVY ON VINE",,3,2,0.2,,,30.21955,-94.1909,5,6696,22326,1.0,2017-09-22T05:00:00,1770,0.049213,6,2,unknown
7819,N/A,21.978,180,[],2017-09-07T05:00:00,1760,1,2,0.0,Riverine,21749,0907_1430_2,DEBRIS LINE ON DOWNSTREAM LEFT SIDE OF THE UPSTREAM BRIDGE.,,2,2,,,,28.88646,-96.18152,3,5257,21267,1.0,2017-09-09T05:00:00,1770,0.042651,6,2,Unknown
9575,N/A,36.9,180,[],2017-09-13T05:00:00,1760,1,2,2.3,Riverine,23441,0913_1915_2,"USGS plastic marker on right gate post (looking at gate), south side of CR 826, west of HWM 0913_1915_1.
Mark corroborated by farmer.",level III,2,2,0.1,,,30.27305,-93.94721,4,6148,22205,1.0,2017-09-27T05:00:00,13,0.24,6,2,Gum Slough to Sabine River
9938,Left,188.148,180,[],2017-09-13T05:00:00,330,1,2,0.0,Riverine,22976,0913_1540_1,SAND DEPOSIT ON WESTERN SLOPE OF GRADIENT,,3,2,0.2,,,30.49283,-95.16143,3,6541,21973,1.0,2017-09-21T05:00:00,1842,0.61,2,2,EAST FORK SAN JACINTO RIVER
9480,Right,197.62,180,[],2017-09-09T05:00:00,1791,1,2,3.02,Riverine,21844,0909_1830_1,South-western most post on guardrail,,3,2,0.2,,,30.14358,-95.75286,6,6096,21326,1.0,2017-10-07T05:00:00,1645,0.01,6,2,Walnut Creek
5428,N/A,7.96,180,[],2017-09-09T05:00:00,1521,1,4,3.24,Riverine,22159,LC-JKN2-017B,Good seed lines in trees on edge of open field (see site drawing) B: N30.28734 W093.15130 at Goos Ferry Road,,2,5,,,,30.28734,-93.1513,6,,21507,0.0,2017-09-10T05:00:00,1521,0.1,6,2,Calcasieu River
7473,N/A,4.591,180,[],2017-09-02T05:00:00,1760,1,2,,Riverine,20777,0902_1630_1,,"FIrst HWM on field form, elevation is final",2,2,,,,27.83755,-97.21978,7,5111,20589,1.0,2017-09-04T05:00:00,871,0.114829,6,2,NA
8228,N/A,202.964,180,[],2017-09-08T05:00:00,1834,1,2,0.65,Riverine,22599,0908_1158_2,Located on telephone pole at Northeast corner of Robson St.,,5,5,0.5,,,29.71181,-96.54929,5,5420,21785,1.0,2017-09-21T05:00:00,1834,0.1,6,2,Colorado River
7820,N/A,23.323,180,[],2017-09-07T05:00:00,1760,1,2,0.0,Riverine,21750,0907_1430_3,MUD LINE MARKED DOWNSTREAM RIGHT OF THE DOWNSTREAM BRIDGE WITH PAINT.,,2,1,,,,28.88646,-96.18152,3,5257,21267,1.0,2017-09-09T05:00:00,1770,0.042651,6,2,Unknown
9342,Right,138.0,180,[],2017-09-16T04:00:00,1780,1,2,0.0,Riverine,23337,0916_1513_2,On bridge apron on downstream side of road on right bank with paint,level 4,2,1,0.1,,,30.61622,-94.45648,4,6005,22161,1.0,2017-09-20T04:00:00,1722,1.4,6,2,Unknown
9926,Right,247.73,180,[],2017-09-13T05:00:00,330,6,2,0.0,Riverine,22940,0913_1350_1,DEBRIS IN SOUTH DITCH,Use 0913_1350_1_1 and 0913_1350_1_3 for average elevation.,4,2,0.4,,,30.5729459004,-95.3469673983,3,6537,21951,1.0,2017-09-21T05:00:00,1842,0.61,6,2,WINTERS BAYOU
9535,N/A,124.92,180,[],2017-09-09T05:00:00,1762,1,2,5.3,Riverine,22600,0909_1747_1,"Lat 29.34168 Long -96.23432
Marker placed on telephone pole located at southwest corner of property at 541 River Valley Dr., Wharton, TX. 77488",,5,1,0.5,,,29.34168,-96.23432,5,6413,21786,1.0,2017-10-08T05:00:00,1645,0.302,6,2,unknown
9939,Left,187.535,180,[],2017-09-13T05:00:00,330,1,2,0.0,Riverine,22977,0913_1545_2,"DEBRIS IN SOUTH DITCH, 25FT WEST OF OTHER HWM",,3,2,0.2,,,30.49283,-95.16143,7,6541,21973,1.0,2017-09-22T05:00:00,1842,0.61,2,2,EAST FORK SAN JACINTO RIVER
5429,N/A,7.96,180,[],2017-09-09T05:00:00,1521,1,4,3.45,Riverine,22160,LC-JKN2-017C,Good seed lines in trees on edge of open field (see site drawing) C: N30.28741 W093.15131 at Goos Ferry Road,,2,5,,,,30.28741,-93.15131,6,,21507,0.0,2017-09-10T05:00:00,1521,0.1,6,2,Calcasieu River
7823,N/A,32.759,180,[],2017-09-07T05:00:00,1760,1,2,0.0,Riverine,21751,0907_1500_1,HWM ALREADY MARKED WITH PAINT ON THE DOWNSTREAM LEFT SIDE OF THE BRIDGE.,,2,2,,,,28.92805,-96.17084,3,5258,21268,1.0,2017-09-09T05:00:00,1770,0.042651,6,2,Unknown
7475,N/A,4.344,180,[],2017-09-02T05:00:00,1760,1,2,0.0,Coastal,20779,0902_1600_10,"DEBRIS ON EAST SIDE OF MARINA
NEAR BROKEN SEAWALL.",elevation is final,2,2,,,,27.9123611,-97.132305,,5112,20591,1.0,2017-09-04T05:00:00,871,0.114829,6,2,NA
9345,Right,235.8,180,[],2017-09-16T04:00:00,1780,1,2,3.2,Riverine,23340,0916_1730_1,On tree downstream of road 6 feet from right bank near elevated black pipe with tape and paint,level 4,1,1,0.05,,,30.77486,-94.43207,5,,22164,1.0,2017-09-18T04:00:00,1722,1.5,6,2,Unknown
9743,N/A,20.3,180,[],2017-09-14T05:00:00,1760,1,2,2.85,Riverine,23451,0914_1615_1,USGS marker on chain link fence W side of intersection FR 1136 (Old Buna Rd) & Andy Lane on fence. Survey crew note: only surveyed one mark as they are on same structure and are side by side,level III,3,2,0.2,,,30.16316,-93.87126,4,6264,22210,1.0,2017-09-27T05:00:00,13,0.24,6,2,Cow Bayou to Sabine River
7916,Right,193.8,180,[],2017-09-14T05:00:00,1822,1,2,0.0,Riverine,22978,0914_1545_1,Fine mud line dropped on the Right bank up stream top of paint,,1,5,,,,29.3559,-96.96695,3,5306,21974,1.0,2017-09-20T05:00:00,1760,,6,2,Rocky Creek
9344,N/A,235.7,180,[],2017-09-16T04:00:00,1780,1,2,2.95,Riverine,23341,0916_1730_2,On end of concrete culvert under bridge downstream of road with paint,level 4,1,1,0.05,,,30.77486,-94.43207,4,6007,22164,1.0,2017-09-18T04:00:00,1722,1.5,6,2,Unknown
9316,N/A,14.23,180,[],2017-09-14T05:00:00,1760,1,2,2.4,Riverine,23437,0914_1200_1,"USGS plastic marker on wood fence post W of intersection on E bound off ramp of I-10.
Survey crew note: The fence is very unstable and leaning over some. Mark is poor to very poor.",level III,3,2,0.2,,,30.11555,-93.82317,4,,22203,1.0,2017-09-27T05:00:00,13,0.24,6,2,Lower Sabine River
10211,Right,227.0,180,[],2017-09-16T04:00:00,1780,1,2,0.75,Riverine,23342,0916_1752_1,On base of tree 20 feet downstream of bridge at right bank of channel with tape and paint,level 4,2,1,0.1,,,30.76425,-94.48144,5,6008,22165,1.0,2017-09-20T04:00:00,1722,1.4,6,2,Unknown
9796,N/A,36.6,180,[],2017-09-08T04:00:00,1760,1,2,1.85,Riverine,21996,0908_1945_2,A seed line on the upstream side of the bridge,level 4 survey; field readings RTK 34.663+1.90TU,1,5,0.02,,,29.38155,-95.36476,2,6505,21402,1.0,2017-09-17T04:00:00,900,0.6,6,2,Unknown
10040,N/A,4.376,180,[],2017-09-02T04:00:00,1760,1,2,,Coastal,20780,0902_1530_6,"DEBRIS LINE PUSHED UP AGAINST RAILROAD, TWO AREAS MARKED ABOUT 80FT FROM EACH OTHER, MARKED WITH FLAGS AND PAINT.",Elevation is final. No further adjustments necessary.,2,2,,,,27.9452778,-97.1133611,2,6661,20592,1.0,2017-09-04T04:00:00,1744,0.206693,6,2,NA
7824,N/A,52.887,180,[],2017-09-07T05:00:00,1760,1,2,0.0,Riverine,21753,0907_1530_1,MARKED ON DOWNSTREAM LEFT SIDE WITH PAINT,,2,1,,,,28.99598,-96.13632,3,5259,21269,1.0,2017-09-09T05:00:00,1770,0.042651,6,2,Unknown
9356,N/A,21.89,180,[],2017-09-12T05:00:00,1776,1,2,6.7,Riverine,22468,0912_1804_1,Distinct mudline in treeline marked with tape on south side of HWY 563. Located approximately 300 ft north west from intersection of HWY 563 and CR 149.,Located on small branch that may move around,3,1,0.2,,,30.010858,-94.773728,2,6017,21716,1.0,2017-10-05T05:00:00,1770,0.05,2,2,Trinity River
8475,N/A,81.936,180,[],2017-09-05T05:00:00,1776,1,2,0.81,Riverine,21588,0905_1230_1,Debris on top of wooden bridge. STN indicates uncertainty as Excellent. JMT changed Quality from Good to Excellent.,,1,2,0.02,,,29.6253,-95.7154,4,5536,21135,1.0,2017-10-07T05:00:00,1770,0.19,7,2,unknown
10000,Left,45.1,180,[],2017-09-16T04:00:00,1602,1,2,3.46,Riverine,23344,0916_1812_01,"Nail in tree 50 ft from stream center, downstream, left bank. Marked with orange paint.",,2,5,0.1,,,30.42531,-93.82115,5,6559,22162,1.0,2017-09-28T04:00:00,1645,0.183,6,2,Unknown
9878,N/A,24.81,180,[],2017-09-22T05:00:00,1833,1,2,0.0,Riverine,22958,0914_1845_02,wash line in woods 95 ft east bridge,,4,3,0.4,,,29.945454,-94.325729,2,6641,21963,1.0,2017-09-22T05:00:00,1837,0.11,6,2,Green Pond Gully
7826,N/A,52.92,180,[],2017-09-07T05:00:00,1760,1,2,0.0,Riverine,21754,0907_1530_2,MARKED WITH DOWNSTREAM RIGHT SIDE WITH PAINT,,2,1,,,,28.99598,-96.13632,3,5259,21269,1.0,2017-09-09T05:00:00,1770,0.042651,6,2,Unknown
8421,N/A,52.33,180,[],2017-09-08T05:00:00,1791,1,2,0.0,Riverine,21566,0908_1315_1,Across from 13603 Delwood Springs,Direct RTK shot on disk in grass.,2,2,0.1,,,29.959,-95.16394,6,5504,21132,1.0,2017-09-21T05:00:00,1840,0.07,6,2,Lake Houston
9180,N/A,29.3,180,[],2017-09-15T05:00:00,1762,1,2,3.35,Riverine,23686,0915_1815_1,"ORANGE NAIL+TAPE ON TREE, NEXT TO PAVILLION BY BOUTTE'S RESTAURANT. NAIL ON PAVILLION FACING SIDE OF TREE. LINE LEVELED FROM COLUMN TO TREE",,4,2,0.4,,,30.22073,-94.20171,5,5913,22331,1.0,2017-09-22T05:00:00,1770,0.049213,6,2,unknown
10719,N/A,9.4,180,[],2017-09-09T05:00:00,1521,1,4,3.01,Riverine,22164,LC-JKN2-018A,Good seed line in 20 inch oak next to boat ramp at White Oak Park,,2,5,,,,30.29683,-93.11729,6,6967,21510,1.0,2017-09-10T05:00:00,1521,0.1,6,2,Calcasieu
7825,N/A,52.818,180,[],2017-09-07T05:00:00,1760,1,2,0.0,Riverine,21755,0907_1530_3,MARKE ON THE UPSTREAM RIGHT SIDE WITH FLAG AND TAPE.,,2,2,,,,28.99598,-96.13632,7,5259,21269,1.0,2017-09-09T05:00:00,1770,0.042651,6,2,Unknown
9182,N/A,28.668,180,[],2017-09-15T05:00:00,1762,1,2,2.27,Riverine,23687,0915_1815_2,"BLACK SHARPIE LINE+TAPE ON DRUG FREE AREA SIGN, AT ENTRANCE OF PARK.",,1,1,0.05,,,30.22073,-94.20171,4,5913,22331,1.0,2017-09-22T05:00:00,1770,0.049213,6,2,unknown
7914,Left,181.4,180,[],2017-09-14T05:00:00,1822,1,2,3.94,Riverine,22981,0914_1610_1,Nail and flagging downstream left bank about 150 yards away from bridge,,1,5,,,,29.33821,-96.92994,6,5305,21976,1.0,2017-09-20T05:00:00,1760,,6,2,Lavaca River
8477,N/A,80.128,180,[],2017-09-05T05:00:00,1762,1,2,0.81,Riverine,21580,0905_1300_2,Debris Snags on the chain link fence upstream side.,,1,2,0.02,,,29.6173,-95.7326,4,5537,21139,1.0,2017-10-07T05:00:00,1770,0.19,7,2,Brazos River
9940,Right,164.066,180,[],2017-09-14T05:00:00,330,1,2,0.0,Riverine,22982,0914_0910_1,DEBRIS IN NORTH DITCH,,4,2,0.4,,,30.4029,-95.164,7,6542,21977,1.0,2017-09-22T05:00:00,1842,0.61,2,2,WINTERS BAYOU
9482,N/A,186.711,180,[],2017-09-09T05:00:00,1762,1,2,0.0,Riverine,22165,0909_0854_1,"Lat 29.66759 Long -96.50367
Located on western fork on road near northwestern bank of water body.",,5,9,0.5,,,29.66759,-96.50367,5,6099,21509,1.0,2017-10-10T05:00:00,1645,0.203,6,2,unknown
10147,Right,59.397,180,[],2017-09-23T05:00:00,1853,1,2,2.85,Riverine,25206,09-23-1136-1,Debris line on fence right bank and downstream of bridge about 80 ft from channel,,4,2,0.4,,,28.80626,-96.81519,7,6600,23200,1.0,2017-09-23T05:00:00,1853,0.036,6,1,Riverine
10001,Right,45.1,180,[],2017-09-16T04:00:00,1602,1,2,3.56,Riverine,23346,0916_1812_02,"Nail in tree, 120 ft from stream center, downstream, right bank. Marked with orange flagging.",,2,5,0.1,,,30.42537,-93.82167,5,6559,22162,1.0,2017-09-28T04:00:00,1645,0.183,6,2,Unknown
7504,N/A,5.712,180,[],2017-09-04T05:00:00,1762,1,2,0.0,Coastal,21315,0904_0930_1,"25 FT INTO GRASS 1 OF 3 POINTS MARKED WITH FLAG, PAINT, AND TAPE ALONG DEBRIS LINE.",,2,2,,,,28.44864,-96.40318,7,5118,20775,1.0,2017-09-08T05:00:00,1770,0.085302,6,2,uknown
9362,N/A,20.57,180,[],2017-09-13T05:00:00,1833,1,2,6.3,Riverine,22604,0913_1020_2,Debris line marked with tape approximately 150 ft south of canal. Located in tree line on west side of County Road 133.,Located on small branch that may move around,4,2,0.4,,,29.969109,-94.74265,2,6022,21787,1.0,2017-10-05T05:00:00,1770,0.05,6,2,Drainage Ditch
7827,N/A,78.261,180,[],2017-09-07T05:00:00,1760,1,2,0.0,Riverine,21756,0907_1600_1,"DEBRIS LINE MARKED WITH PAINT, FLAG, AND TAPE 20FT BEFORE BRIDGE.",,2,2,,,,29.10167,-96.17662,3,5260,21270,1.0,2017-09-09T05:00:00,1770,0.042651,6,2,Unknown
8899,Right,50.916,180,[],2017-09-20T05:00:00,1839,6,2,,Riverine,24033,0920_1830_1,wash line on downstream west side of bridge on jeep trail,wash line,3,9,0.2,,,29.07928636,-96.56805556,3,5757,21508,1.0,2017-09-20T05:00:00,1839,0.001,6,1,Lavaca River
9803,N/A,28.1,180,[],2017-09-14T05:00:00,1772,2,2,3.62,Riverine,22941,0914_1035,debris line on fence,,4,2,0.4,,,29.78915,-95.21289,8,6313,21950,1.0,2017-09-14T05:00:00,1772,0.0372,7,2,Greens Bayou
9941,Right,164.236,180,[],2017-09-14T05:00:00,330,1,2,0.8,Riverine,22983,0914_0915_2,DEBRIS PILE ON FENCE POST,,4,2,0.4,,,30.4029,-95.164,7,6542,21977,1.0,2017-09-22T05:00:00,1842,0.61,2,2,WINTERS BAYOU
9982,N/A,17.11,180,[],2017-09-24T05:00:00,1760,1,2,1.1,Riverine,25166,0924_0924_1,Good seed line 1.35' below downstream right bridge seat,,1,5,0.02,,,30.0673,-94.15696,4,6649,23173,1.0,2017-09-24T05:00:00,1727,0.01,6,2,Neches
10720,N/A,9.4,180,[],2017-09-09T05:00:00,1521,1,4,,Riverine,22166,LC-JKN2-018B,Good seed line in 12 inch oak across from White Oak Park main building at White Oak Park,,2,5,,,,30.29638,-93.11686,6,,21510,0.0,2017-09-10T05:00:00,1521,0.1,6,2,Calcasieu
7505,N/A,5.659,180,[],2017-09-04T05:00:00,1762,1,2,0.0,Coastal,21316,0904_0930_2,"25 FT INTO GRASS 1 OF 3 POINTS MARKED WITH FLAG, PAINT, AND TAPE ALONG DEBRIS LINE.",,2,2,,,,28.44864,-96.40318,7,5118,20775,1.0,2017-09-08T05:00:00,1770,0.085302,6,2,uknown
9381,Left,82.8,180,[],2017-09-16T04:00:00,1780,1,2,0.0,Riverine,23347,0916_1026_1,On bridge apron on left side of channel downstream of road with paint,level 4,2,1,0.1,,,30.48311,-94.39491,4,6036,22167,1.0,2017-09-20T04:00:00,1722,1.4,6,2,Unknown
7829,N/A,78.36,180,[],2017-09-07T05:00:00,1760,1,2,0.0,Riverine,21757,0907_1600_2,"CUT LINE MARKED WITH PAINT, FLAG, AND TAPE ON UPSTREAM RIGHT, 75FT PAST BRIDGE.",,2,6,,,,29.10167,-96.17662,3,5260,21270,1.0,2017-09-09T05:00:00,1770,0.042651,6,2,Unknown
9136,N/A,48.78,180,[],2017-09-15T05:00:00,1833,1,2,3.7,Riverine,23158,0915_1455_1,"Fine debris line on culvert's cement wall. Located on eastern highway embankment. Elevation is 0.8 feet below top of concrete wall, or 3.7 ft above channel bottom.",,3,2,0.2,,,29.966629,-94.59624,3,5892,22073,1.0,2017-10-06T05:00:00,1770,0.01,6,2,West Branch Devers Canal
9944,Right,177.265,180,[],2017-09-14T05:00:00,330,1,2,0.0,Riverine,22984,0914_0940_1,DEBRIS IN NORTH DITCH,,4,2,0.4,,,30.4279,-95.1969,7,6543,21978,1.0,2017-09-22T05:00:00,1842,0.61,2,2,WINTERS BAYOU
9383,Right,82.4,180,[],2017-09-16T04:00:00,1780,1,2,0.0,Riverine,23349,0916_1036_1,On bridge apron on right side of channel upstream of road with paint,level 4,2,1,0.1,,,30.47998,-94.39462,4,6038,22168,1.0,2017-09-20T04:00:00,1722,1.4,6,2,Unknown
9185,N/A,53.985,180,[],2017-09-16T05:00:00,1762,1,2,1.58,Riverine,23690,0916_1030_1,"BLACK SHARPIE LINE+ORANGE PAINT ON LEFT UPSTREAM GUARDRAIL ,4TH METAL POST FROM END OF BRIDGE, ONE POST AWAY FROM WHITE REFLECTOR.",,2,1,0.1,,,30.25567,-94.36494,4,5915,22333,1.0,2017-09-22T05:00:00,1770,0.049213,6,2,unknown
9945,Right,177.132,180,[],2017-09-14T05:00:00,330,1,2,1.1,Riverine,22985,0914_0945_2,"DEBRIS IN SOUTH DITCH, AROUND FENCE POST",,4,2,0.4,,,30.4279,-95.1969,7,6543,21978,1.0,2017-09-22T05:00:00,1842,0.61,2,2,WINTERS BAYOU
9483,N/A,188.658,180,[],2017-09-09T05:00:00,1762,1,2,2.53,Riverine,22168,0909_0854_2,"Lat 29.66430 Long -96.50516
Located on eastern fork of road on eastern side of oak tree near entrance to rock quarry.",,5,1,0.5,,,29.6643,-96.50516,5,6099,21509,1.0,2017-10-10T05:00:00,1645,0.203,6,2,unknown
7125,N/A,5.525,180,[],2017-09-02T05:00:00,1760,1,2,2.1,Riverine,20787,0902_1230_19,"MARKER ON REAR DECK SUPPORT, SIMILAR TO TWO MARKS FOUND INSIDE OF HOUSE AT 2.3FT AND 2.4FT.",USGS marker on 6x6 post supporting balcony,2,2,,,,28.078222,-97.0956388,4,4990,20597,1.0,2017-09-05T05:00:00,871,0.042651,6,2,NA
7831,N/A,97.774,180,[],2017-09-07T05:00:00,1760,1,2,0.0,Riverine,21759,0907_1640_1,"DEBRIS LINE MARKED ON THE UPSTREAM LEFT SIDE WITH PAINT, FLAG, TAPE. PICTURE WITH PEPSI BOTTLE IS UPSTREAM LEFT.",Avg of 2 HWM,2,2,,,,29.18815,-96.27016,3,5261,21271,1.0,2017-09-09T05:00:00,1770,0.042651,6,2,Unknown
9367,N/A,18.41,180,[],2017-09-13T05:00:00,1833,1,2,3.6,Riverine,22607,0913_1116_2,"Distinct mudline located in brush on north side of CR 133, approximately 50' west of CR 1336. Marked with tape.",,3,1,0.2,,,29.935947,-94.762789,2,6025,21788,1.0,2017-10-05T05:00:00,1770,0.05,6,2,Trinity River
10148,Left,59.497,180,[],2017-09-23T05:00:00,1853,1,2,2.53,Riverine,25207,09-23-1136-2,Debris on fence downstream of bridge on left bank 40 ft. downstream of bridge,,4,2,0.4,,,28.80662,-96.8152,7,6600,23200,1.0,2017-09-23T05:00:00,1853,0.036,6,2,Riverine
9608,N/A,17.522,180,[],2017-09-08T05:00:00,1762,1,2,2.24,Riverine,22608,0908_0930_1,"Lat 29.726987
Long -95.298812
Seed lines along building located on Pasadena St.",,2,5,0.1,,,29.726987,-95.298812,8,6435,21789,1.0,2017-09-08T05:00:00,1762,0.13,6,2,unknown
9997,Left,61.0,180,[],2017-09-16T04:00:00,1602,1,2,6.15,Riverine,23351,0916_1736_01,"Nail in 200 ft from stream on upstream, left bank. Marked with orange flagging.",,3,5,0.2,,,30.4318,-93.90693,5,6558,22169,1.0,2017-09-28T04:00:00,1645,0.183,6,2,Unknown
7832,N/A,98.327,180,[],2017-09-07T05:00:00,1760,1,2,0.0,Riverine,21760,0907_1640_2,"DEBRIS LINE MAKRED ON THE UPSTREAM RIGHT SIDE WITH PAINT, FLAG, TAPE.",,2,2,,,,29.18815,-96.27016,3,5261,21271,1.0,2017-09-09T05:00:00,1770,0.042651,6,2,Unknown
10721,N/A,10.62,180,[],2017-09-09T05:00:00,1521,1,4,2.29,Riverine,22169,LC-JKN2-019A,excellent seed line on ds handrail at Hecker Road 30 ft from rt abut,,1,5,,,,30.33033,-93.07198,4,6968,21511,1.0,2017-09-10T05:00:00,1521,0.1,6,2,Serpentine Bayou
7913,N/A,182.5,180,[],2017-09-14T05:00:00,1822,1,2,3.41,Riverine,22986,0914_1700_1,Mud line on left bank bridge abutment bottom of paint line,,2,5,,,,29.3619,-96.92543,3,5304,21979,1.0,2017-09-20T05:00:00,1760,,6,2,Lavaca River
9609,N/A,16.791,180,[],2017-09-08T05:00:00,1762,1,2,1.96,Riverine,22609,0908_0930_2,"Lat 29.726882
Long -95.298668
Seed lines along metal fence of home located on Pasadena St.",,2,5,0.1,,,29.726882,-95.298668,8,6435,21789,1.0,2017-09-08T05:00:00,1762,0.13,6,2,unknown
9946,Right,214.946,180,[],2017-09-14T05:00:00,330,1,2,7.4,Riverine,22987,0914_1000_1,"NAIL IN PINE TREE, NORTH DITCH",,3,2,0.2,,,30.47732,-95.23105,5,6544,21980,1.0,2017-09-22T05:00:00,1842,0.61,2,2,WINTERS BAYOU
9461,Right,122.13,180,[],2017-09-09T05:00:00,1791,1,2,0.0,Riverine,21761,0909_1330_1,"Near parking lot for flooring store, near construction area",,2,2,0.1,,,30.11328,-95.50729,6,6084,21272,1.0,2017-10-06T05:00:00,1645,0.121,6,2,Willow Creek
9611,N/A,24.288,180,[],2017-09-08T05:00:00,1762,1,2,3.47,Riverine,22610,0908_1030_1,"Lat 29.718148
Long -95.309486
Seed line along wooden privacy fence on Merry Ln",,3,5,0.2,,,29.718148,-95.309486,8,6436,21790,1.0,2017-09-08T05:00:00,1762,0.13,6,2,unknown
9947,Right,214.462,180,[],2017-09-14T05:00:00,330,1,2,0.0,Riverine,22988,0914_1015_2,DEBRIS IN NORTH DITCH,,4,2,0.4,,,30.47732,-95.23105,7,6544,21980,1.0,2017-09-21T05:00:00,1842,0.61,6,2,WINTERS BAYOU
9487,N/A,237.971,180,[],2017-09-09T05:00:00,1762,1,2,4.5,Riverine,22171,0909_0946_1,"29.63853 -96.59372
North upstream side on bridge apron.",,5,5,0.5,,,29.63853,-96.59372,3,,21512,1.0,2017-10-10T05:00:00,1645,0.203,6,2,unknown
9464,Left,130.57,180,[],2017-09-09T05:00:00,1791,1,2,0.0,Riverine,21762,0909_1410_1,On concrete NE of bridge,,2,2,0.1,,,30.1481,-95.50589,3,6086,21275,1.0,2017-10-06T05:00:00,1645,0.121,6,2,Spring Creek
8409,N/A,11.61,180,[],2017-09-17T05:00:00,1840,1,2,4.23,Riverine,24369,22733_HWM1,seed /fine debris line on sheltered front porch of home. Home is currently unoccupied.,"Set temporary RM in center of cul-de-sac, and ran short level loop to HWM on porch",1,5,0.05,,,29.4567,-95.0362,2,5497,22733,1.0,2017-09-17T05:00:00,1840,0.07,6,2,Dickenson Bayou
9387,N/A,96.9,180,[],2017-09-16T04:00:00,1780,1,2,1.2,Riverine,23353,0916_1326_2,On base of tree on Wildwood Drive near gazebo southeast of store near shore of lake with tape,level 4,1,1,0.05,,,30.51483,-94.43842,5,,22170,1.0,2017-09-20T04:00:00,1722,1.4,6,2,Unknown
9612,N/A,73.642,180,[],2017-09-07T05:00:00,1762,1,2,5.21,Riverine,22611,0907_1550_1,"Lat 29.721307
Long -95.565625
Bridge under Westpark Rd, seed line on concrete",,2,5,0.1,,,29.721307,-95.565625,10,6437,21791,1.0,2017-09-07T05:00:00,1762,0.1,6,2,unknown
10119,N/A,100.08,180,[],2017-09-07T05:00:00,1760,1,2,0.28,Riverine,21763,0907_1400_1,Seed line on a school sign near Sunny Ln rd.,,1,5,0.01,,,29.3446,-96.1947,4,5454,21276,1.0,2017-09-10T05:00:00,1787,0.00686,6,2,Unknown
10015,Left,13.17,180,[],2017-09-23T05:00:00,1727,1,2,0.9,Riverine,25152,no_label,Excellent seed line 1.42' below top of downstream left wingwall of bridge.,,1,5,0.02,,,30.0362,-94.14828,4,6658,22136,1.0,2017-09-23T05:00:00,1727,0.01,6,2,Hillebrandt Bayou
8210,N/A,251.751,180,[],2017-09-07T05:00:00,1760,1,2,3.48,Riverine,22172,0907_1740_1,Green disk nailed into post 50 feet south of creek,,5,5,0.5,,,29.86567,-96.81862,5,5411,21501,1.0,2017-09-21T05:00:00,1834,0.14,6,2,Unknown
9454,N/A,67.305,180,[],2017-09-06T05:00:00,1762,1,2,1.28,Riverine,21918,0906_1640_1,Mud line on the telephone poll,,1,1,0.01,,,29.5306,-95.5931,4,6079,21369,1.0,2017-10-07T05:00:00,1770,0.19,6,2,unknown
10120,N/A,99.981,180,[],2017-09-07T05:00:00,1760,1,2,0.0,Riverine,21764,0907_1400_2,On the wall of the concrete drainage ditch in front of the school,,1,2,0.01,,,29.3446,-96.1947,2,5454,21276,1.0,2017-09-10T05:00:00,1787,0.00686,6,2,Unknown
8211,N/A,251.584,180,[],2017-09-07T05:00:00,1760,1,2,1.99,Riverine,22173,0907_1740_2,White disk nailed into post 200 feet south of creek,,5,5,0.5,,,29.86524,-96.81828,5,5411,21501,1.0,2017-09-21T05:00:00,1834,0.14,6,2,Unknown
9390,Left,108.6,180,[],2017-09-16T04:00:00,1780,1,2,0.0,Riverine,23356,0916_1400_2,On apron of bridge downstream of road on left side of channel with paint,,3,1,0.2,,,30.55834,-94.4628,4,6043,22172,1.0,2017-09-20T04:00:00,1722,0.7,6,2,Unknown
9391,Left,108.8,180,[],2017-09-16T04:00:00,1780,1,2,3.6,Riverine,23355,0916_1400_1,On wooden electric pole downstream of road on left side of channel 40 feet from road with tape and paint,Level 4,2,1,0.1,,,30.55834,-94.4628,5,,22172,1.0,2017-09-20T04:00:00,1722,0.7,6,2,Unknown
10004,Right,14.89,180,[],2017-09-23T05:00:00,1727,1,2,2.0,Riverine,25153,no_label,Excellent seed line on downstream headwall of culvert near right corner. Seed line is 1.24' below top of headwall.,,1,5,0.02,,,29.919934,-94.162808,4,6655,22124,1.0,2017-09-23T05:00:00,1727,0.01,6,2,Canal
8333,N/A,105.966,180,[],2017-09-07T05:00:00,1760,1,2,1.46,Riverine,21765,0907_1420_1,Debris line on a telephone pole,,1,2,0.02,,,29.3277,-96.1178,2,5455,21277,1.0,2017-09-10T05:00:00,1787,0.00686,6,2,Unknown
9081,Left,59.9,180,[],2017-09-15T05:00:00,1835,1,2,0.0,Riverine,23357,0915_1530_01,"Stake in ground at Upstream, Left Bank, 15 ft. East of bridge abutment. Marked with orange pain and flagging on road sign.",,4,2,0.4,,,30.54902,-93.79739,7,5872,22171,1.0,2017-10-04T05:00:00,1760,0.256,6,2,Slaydons Creek
9216,Right,9.03,180,[],2017-09-16T05:00:00,1846,1,2,5.07,Riverine,23381,0916_1553_2,Nail with USGS disk in 7inch tree and orange flagging ~65ft away from mark 1 going towards the creek and away from Market St.,,1,5,0.03,,,29.73368,-94.98016,6,5931,22182,1.0,2017-09-23T05:00:00,1645,,6,2,Unnamed creek flowing into Goose Creek
9994,Left,74.7,180,[],2017-09-16T04:00:00,1602,1,2,2.65,Riverine,23358,0916_1538_01,"Nail in fence post on downstream, left bank, 30 ft from end of guardrail. Marked with orange flagging.",,2,5,0.1,,,30.47588,-93.9388,5,6557,22173,1.0,2017-09-28T04:00:00,1645,0.183,6,2,Unknown
9083,Left,58.03,180,[],2017-09-15T05:00:00,1835,1,2,0.0,Riverine,23359,0915_1530_02,"Stake in ground on Downstream, Left bank at edge of bridge abutment.",,4,2,0.4,,,30.54884,-93.79733,7,5872,22171,1.0,2017-10-04T05:00:00,1760,0.256,6,2,Slaydons Creek
8334,N/A,105.738,180,[],2017-09-07T05:00:00,1760,1,2,2.98,Riverine,21766,0907_1420_2,Debris line on the concrete of the drain,,1,2,0.02,,,29.3277,-96.1178,2,5455,21277,1.0,2017-09-10T05:00:00,1787,0.00686,6,2,Unknown
10724,N/A,11.7,180,[],2017-09-11T05:00:00,1521,1,4,2.05,Riverine,22176,LC-JKN2-021,Excellent seed line on 1st pile cap left of right abutment on the upstream side marked with sharpee at Anthony Ferry Rd,,1,5,,,,30.29115,-93.31508,4,6970,21515,1.0,2017-09-11T05:00:00,1521,,6,2,Houston River
8167,Left,33.245,180,[],2017-09-05T05:00:00,1760,1,2,0.0,Riverine,21331,0905_1200_1,left bank upstream side,,2,2,,,,28.72524,-96.76817,7,5396,20954,1.0,2017-09-07T05:00:00,1787,0.16,6,2,Placebo Creek
10692,N/A,15.59,180,[],2017-09-07T05:00:00,1521,1,4,,Riverine,22614,LC-JKN2-002B,excellent seed lines left and right abuts with sharpee mark,,1,5,,,,30.33967,-93.25469,6,,21116,0.0,2017-09-08T05:00:00,1521,0.1,6,2,Indian Bayou
9948,Right,214.4,180,[],2017-09-14T05:00:00,330,1,2,0.0,Riverine,22993,0914_1045_2,"DEBRIS IN SOUTH FENCE ROW, 50FT WEST OF OTHER HWM",,3,2,0.2,,,30.51554,-95.26082,3,6382,21983,1.0,2017-09-22T05:00:00,1842,0.61,2,2,WINTERS BAYOU
9465,Right,129.56,180,[],2017-09-09T05:00:00,1791,1,2,0.0,Riverine,21767,0909_1410_2,SE side of bridge on concrete,,2,2,0.1,,,30.14297,-95.50446,3,6086,21275,1.0,2017-10-06T05:00:00,1645,0.121,6,2,Spring Creek
7153,N/A,5.384,180,[],2017-09-02T05:00:00,1760,1,2,0.0,Coastal,20797,0902_0900_2,DEBRIS LINE DIRECTLY UNDER SOUTH END OF BRIDGE.,elevations final,2,2,,,,28.1113889,-97.026694,2,4991,20603,1.0,2017-09-05T05:00:00,871,0.042651,6,2,NA
7154,N/A,5.361,180,[],2017-09-02T05:00:00,1760,1,2,0.0,Coastal,20798,0902_0900_1,DEBRIS LINE NEAR PARKING LOT OF BOAT RAMP ON WEST SIDE OF ROAD AND WEST SIDE OF BRIDGE,elevation is final,2,2,,,,28.1113889,-97.026694,2,4991,20603,1.0,2017-09-05T05:00:00,871,0.042651,6,2,NA
9989,N/A,26.34,180,[],2017-09-24T05:00:00,1727,1,2,0.0,Riverine,25155,no_label,Good drift line at downstream left abutment of downstream bridge.,,2,2,0.2,,,30.06345,-94.2177,7,6650,22150,1.0,2017-09-24T05:00:00,1727,0.01,6,2,Willow Marsh Bayou
10693,N/A,15.59,180,[],2017-09-07T05:00:00,1521,1,4,4.0,Riverine,22615,LC-JKN2-002C,fair seedline on powerpole #23676 us left bank at bridge,,3,5,,,,30.33897,-93.25436,6,6944,21116,1.0,2017-09-08T05:00:00,1521,0.1,6,2,Indian Bayou
8166,Left,32.506,180,[],2017-09-05T05:00:00,1760,1,2,0.0,Riverine,21332,0905_1200_2,left bank downstream side,,2,2,,,,28.72527,-96.76822,7,5396,20954,1.0,2017-09-07T05:00:00,1787,0.16,6,2,Placebo Creek
9919,Left,135.6,180,[],2017-09-14T05:00:00,330,1,2,0.0,Riverine,22996,0914_1150_1,"SOUTH FACING SLOPE, OTHER PARTY LABELED LU50",GNSS survey of TBM and tied in HWM,2,2,,,,30.33632,-95.0995,3,6534,21985,1.0,2017-09-18T05:00:00,1842,0.058,2,2,EAST FORK SAN JACINTO RIVER
9920,Left,135.67,180,[],2017-09-14T05:00:00,330,1,2,0.0,Riverine,22997,0914_1155_2,SOUTH FACING SLOPE 30FT WEST,GNSS survey of TBM and tied in HWM.,3,2,,,,30.33632,-95.0995,3,6534,21985,1.0,2017-09-18T05:00:00,1842,0.058,2,2,EAST FORK SAN JACINTO RIVER
10133,N/A,191.492,180,[],2017-09-08T05:00:00,1834,1,2,2.75,Riverine,22137,0908_1524_2,Located along fence line approximately 100 feet southeast of bridge on big oak tree. Mark faces road.,,4,1,0.25,,,29.46533,-96.54445,5,5751,21494,1.0,2017-09-21T05:00:00,1839,0.001,6,2,Lavaca River
10695,N/A,9.49,180,[],2017-09-07T05:00:00,1521,1,4,,Riverine,22616,LC-JKN2-003B,excellent seed lines on front of house and on fence at 3100 General Wainwright,,1,5,,,,30.20376,-93.17467,6,6945,21119,1.0,2013-09-11T05:00:00,1521,0.1,6,2,Calcasieu River
7165,N/A,6.295,180,[],2017-09-02T05:00:00,1760,1,2,2.45,Riverine,20799,0902_0900_1,TAPE ALONG FENCE LINE IN DOG RUN 3RD POST FROM SHORE.,elevation is final,2,2,,,,28.1011944,-97.04683,2,4992,20604,1.0,2017-09-05T05:00:00,871,0.042651,6,2,NA
8209,N/A,253.076,180,[],2017-09-11T05:00:00,1760,1,2,,Riverine,22139,0907_1700_2,Orange paint line over mud line located 75 feet off road on the upstream northern side of bridge,,4,1,0.4,,,29.89737,-96.87056,3,5409,21493,1.0,2017-09-21T05:00:00,1834,0.14,6,2,Colorado River
8375,N/A,128.31,180,[],2017-09-11T05:00:00,1791,1,2,6.85,Riverine,22178,0911_1430_2,Pole on side of road,,2,1,0.1,,,28.97081,-97.19552,3,5472,21514,1.0,2017-09-22T05:00:00,1760,0.018,6,2,Guadalupe River
8575,N/A,62.828,180,[],2017-09-06T05:00:00,1762,1,2,0.0,Riverine,21989,0906_1200_2,Seed line on the eastern end underneath the bridge,Tape that marked HWM missing so measured what appeared to be the HWM,1,5,0.02,,,29.5747,-95.60663,2,5576,21400,1.0,2017-10-07T05:00:00,1770,0.19,6,2,unknown
9467,Left,157.89,180,[],2017-09-09T05:00:00,1791,1,2,0.0,Riverine,21768,0909_1515_1,Concrete NE side of bridge,,5,1,0.5,,,30.19716,-95.5351,6,6088,21279,1.0,2017-10-06T05:00:00,1645,0.121,6,2,Bear Branch
9990,Left,110.8,180,[],2017-09-16T04:00:00,1602,1,2,0.0,Riverine,23363,0916_1311_01,"Stake in ground, left bank, downstream edge of culvert. Marked with paint.",,5,2,0.5,,,30.58791,-93.97523,7,6556,22175,1.0,2017-09-28T04:00:00,1645,0.183,6,2,Unknown
8335,N/A,105.569,180,[],2017-09-07T05:00:00,1760,1,2,0.0,Riverine,21769,0907_1420_3,Debris line across the street from the drain,,1,2,0.03,,,29.3277,-96.1178,2,5455,21277,1.0,2017-09-10T05:00:00,1787,0.00686,6,2,Unknown
10725,N/A,13.0,180,[],2017-09-09T05:00:00,1521,1,4,2.12,Riverine,22179,LC-JKN2-022A,nail with flagging in 14 in hardwood us left bank at Highway 27 crossing of Houston River,,3,5,,,,30.29117,-93.35564,6,6971,21516,1.0,2017-09-11T05:00:00,1521,0.1,6,2,Houston River
9252,N/A,34.01,180,[],2017-09-17T05:00:00,1836,1,2,0.0,Riverine,23517,0917_1655_1,Debris line LBUS of small drainage ditch ~150' from Wallisville Rd.,,4,2,0.4,,,29.81864,-95.0551,7,5954,22243,1.0,2017-09-23T05:00:00,1645,,6,2,unknown
8376,Left,160.83,180,[],2017-09-11T05:00:00,1791,1,2,0.0,Riverine,22140,0911_1250_1,"High on concrete bank north side of bridge, west side of road, sand line",Sand line on concrete,2,9,0.1,,,29.05181,-97.26602,3,5473,21498,1.0,2017-09-23T05:00:00,1760,0.018,6,2,Guadalupe River
8369,N/A,120.0,180,[],2017-09-11T05:00:00,1760,2,2,0.0,Riverine,25455,0911_1625_3,Concrete on SE side of bridge.,,2,2,0.1,,,28.91201,-97.08607,3,5467,23299,1.0,2017-09-22T05:00:00,1760,0.136,6,2,Spring Creek
10698,N/A,9.36,180,[],2017-09-07T05:00:00,1521,1,4,0.89,Riverine,22617,LC-JKN2-006B,seed line under carport and seed line on inside of fence by gate 3009 N Wainwright,,1,5,,,,30.20658,-93.1752,6,,21124,0.0,2017-09-10T05:00:00,1521,0.1,6,2,Calcasieu River
9991,N/A,112.1,180,[],2017-09-16T04:00:00,1602,1,2,6.75,Riverine,23364,0916_1311_02,"Nail in tree, 30 ft from culvert. Downstream, mid channel. Marked with orange and paint.",,4,5,0.3,,,30.58785,-93.97544,5,6556,22175,1.0,2017-09-28T04:00:00,1645,0.183,6,2,Unknown
7166,N/A,5.917,180,[],2017-09-02T05:00:00,1760,1,2,0.0,Coastal,20802,0902_0845_2,"FLAG 30FT FROM FENCE 4FT SHOREWARD OF TREE, SECOND FLAG ON DEBRIS LINE ABOUT 150FT FROM DOG RUN FENCE LINE.",elevation is final,2,2,,,,28.1011944,-97.04683,2,4992,20604,1.0,2017-09-05T05:00:00,871,0.042651,6,2,NA
8336,N/A,102.798,180,[],2017-09-07T05:00:00,1760,1,2,1.78,Riverine,21770,0907_1500_1,Along the wall of Los Cucos restaurant,,1,5,0.01,,,29.30928,-96.10314,2,5456,21280,1.0,2017-09-10T05:00:00,1787,0.00686,6,2,Unknown
10726,N/A,13.0,180,[],2017-09-09T05:00:00,1521,1,4,0.0,Riverine,22180,LC-JKN2-022B,debris line in grass on left ds embankment,,3,5,,,,30.29218,-93.355,6,,21516,0.0,2017-09-11T05:00:00,1521,0.1,6,2,Houston River
8226,N/A,200.174,180,[],2017-09-08T05:00:00,1834,1,2,1.12,Riverine,22619,0908_1128_1,Located on backside of Coldwell Banker building on corner of Hwy 90 and Hwy 71. Northwest corner towards bottom of building marked with a green disk.,,5,5,0.5,,,29.70708,-96.54678,5,5419,21793,1.0,2017-09-21T05:00:00,1834,0.1,6,2,Colorado River
8903,N/A,27.59,180,[],2017-09-09T05:00:00,1786,6,2,2.9,Riverine,21829,0909_1155,On south Bar X Ranch sign,,2,1,0.1,,,29.11463,-95.53481,8,5760,21314,1.0,2017-09-09T05:00:00,1786,0.18,6,2,Brazos River
9614,N/A,73.645,180,[],2017-09-07T05:00:00,1762,1,2,8.5,Riverine,22621,0907_1550_2,"Lat 29.7212186
Long -95.565607
Bridge under Westpark Rd, seed line on concrete",,2,5,0.1,,,29.7212186,-95.565607,10,6437,21791,1.0,2017-09-07T05:00:00,1762,0.1,6,2,unknown
9104,Left,116.0,180,[],2017-09-16T05:00:00,1602,1,2,3.19,Riverine,23365,0916_1037_01,"Nail in tree, downstream, left bank, 20 ft. from stream center. Marked with orange flagging.",,2,5,0.1,,,30.63981,-93.95613,5,5870,22177,1.0,2017-09-28T05:00:00,1645,0.183,6,2,Nichols Creek
8337,N/A,102.615,180,[],2017-09-07T05:00:00,1760,1,2,0.0,Riverine,21771,0907_1500_2,The concrete on the bridge across from Los Cucos restaurant.,,1,1,0.01,,,29.30928,-96.10314,2,5456,21280,1.0,2017-09-10T05:00:00,1787,0.00686,6,2,Unknown
8187,N/A,336.984,180,[],2017-09-07T05:00:00,1834,1,2,2.62,Riverine,22181,0907_1205_1,Tree marked with green disk and paint with flag along roadside.,,3,2,0.2,,,29.85181,-97.13347,3,5402,21517,1.0,2017-09-21T05:00:00,1834,0.14,6,2,Colorado River
10154,N/A,202.09,180,[],2017-09-08T05:00:00,1834,1,2,1.12,Riverine,22622,0908_1128_2,Marked with Green disk on telephone pole outside railroad maintenance shed next to train tracks on Hwy 71 approximately 400 feet northwest of intersection of Hwy 71 and Hwy 90.,,5,5,0.5,,,29.70758,-96.547,5,5419,21793,1.0,2015-09-21T05:00:00,1834,0.1,6,2,Colorado River
7427,N/A,6.497,180,[],2017-09-02T05:00:00,1760,1,2,,Riverine,20804,0902_0815_2,"DEBRIS CAUGHT ALONG METAL SCREENS IN FENCES, 7TH RUNG UP FENCING.",debris line on wire fence at rear of property. elevation is final,2,2,,,,28.1058,-97.04627,2,5074,20605,1.0,2017-09-05T05:00:00,871,0.042651,6,2,NA
10711,N/A,6.56,180,[],2017-09-08T05:00:00,1521,1,4,,Riverine,22620,LC-JKN2-007B,"Good seed lines/sand/mud
Height above ground in trees at 1905 South Perkins Ferry Road",,2,5,,,,30.28034,-93.22852,6,,21218,0.0,2017-09-11T05:00:00,1521,0.1,6,2,Calcasieu West Fork
9616,N/A,73.246,180,[],2017-09-07T05:00:00,1762,1,2,0.0,Riverine,22623,0907_1610_1,"Lat 29.7222544
Long -95.565674
Debris line along bank of bridge crossing",,2,2,0.1,,,29.7222544,-95.565674,7,6438,21795,1.0,2017-09-07T05:00:00,1762,0.1,6,2,unknown
7429,N/A,6.195,180,[],2017-09-02T05:00:00,1760,1,2,,Coastal,20806,0902_0815_4,at patio,debris line 4ft from patio of home. elevation is final,2,2,,,,28.1058,-97.04627,2,5074,20605,1.0,2017-09-05T05:00:00,871,0.042651,6,2,NA
10141,N/A,338.151,180,[],2017-09-07T05:00:00,1834,1,2,4.31,Riverine,22182,0907_1205_2,Tree marked with green disk and paint with flag along roadside.,,3,2,0.2,,,29.85233,-97.13335,3,5402,21517,1.0,2017-09-21T05:00:00,1834,0.14,6,2,Colorado River
9921,Left,131.738,180,[],2017-09-14T05:00:00,330,1,2,0.0,Riverine,23002,0914_1200_1,"SOUTH FACING SLOP, FLAGGED BY OTHER PARTY",GNSS survey and tied in HWM.,2,2,,,,30.32568,-95.10015,3,6535,21988,1.0,2017-09-18T05:00:00,1842,0.033,2,2,EAST FORK SAN JACINTO RIVER
7428,N/A,6.27,180,[],2017-09-02T05:00:00,1760,1,2,,Coastal,20805,0902_0815_3,6x6 of AC stand,6x6 of AC stand. elevation is final,2,2,,,,28.1058,-97.04627,4,5074,20605,1.0,2017-09-05T05:00:00,871,0.042651,6,2,NA
9105,Right,116.3,180,[],2017-09-16T05:00:00,1602,1,2,1.65,Riverine,23366,0916_1037_02,"Nail in tree, right bank, downstream, 20 ft from stream center. Marked with orange flagging.",,2,5,0.1,,,30.63946,-93.9561,5,5870,22177,1.0,2017-09-28T05:00:00,1645,0.183,6,2,Nichols Creek
8222,N/A,286.107,180,[],2017-09-08T05:00:00,1834,1,2,3.72,Riverine,22624,0908_0922_1,"Northeast side of bridge, marker located on bridge pier on downstream side (cannot see from road).",,5,2,0.5,,,29.69671,-96.69794,3,,21794,0.0,2017-09-21T05:00:00,1834,0.1,6,2,Colorado River
8339,N/A,102.232,180,[],2017-09-07T05:00:00,1760,1,2,0.0,Riverine,21773,0907_1510_2,A mud line on the bridge. It is the bridge on ones left when facing the river.,,1,1,0.01,,,29.30606,-96.1041,2,5457,21281,1.0,2017-09-10T05:00:00,1787,0.00686,6,2,Unknown
9534,N/A,120.994,180,[],2017-09-09T05:00:00,1762,1,2,6.7,Riverine,22598,0909_1712_2,"Lat 29.35167 Long -96.20837
East side of bridge on left hand side as traveling west.",,5,5,0.5,,,29.35167,-96.20837,5,6412,21783,1.0,2017-10-08T05:00:00,1645,0.302,6,2,unknown
8194,N/A,296.073,180,[],2017-09-07T05:00:00,1834,1,2,0.0,Riverine,22183,0907_1400_1,Southern side of bridge on apron; upstream side,,5,2,0.5,,,29.84544,-97.04461,3,5405,21518,1.0,2017-09-21T05:00:00,1834,0.14,6,2,Colorado River
8340,N/A,95.849,180,[],2017-09-07T05:00:00,1760,1,2,0.0,Riverine,21774,0907_1545_1,"A debris can be found across the street from the ""end county maintenance"" sign.",,1,2,0.03,,,29.29168,-96.06067,4,5458,21282,1.0,2017-09-10T05:00:00,1787,0.00686,6,2,Unknown
8223,N/A,286.624,180,[],2017-09-08T05:00:00,1834,1,2,2.2,Riverine,22625,0908_0922_2,Southwest side of bridge downstream side approximately 150 feet downstream on cedar tree on left side.,,5,2,0.5,,,29.69672,-96.69786,5,5417,21794,1.0,2017-09-21T05:00:00,1834,0.1,6,2,Colorado River
8195,N/A,296.424,180,[],2017-09-07T05:00:00,1834,1,2,0.0,Riverine,22184,0907_1400_2,HWM type: wash line. Northern side of bridge on apron; downstream side,,5,9,0.5,,,29.84596,-97.04439,3,5405,21518,1.0,2017-09-21T05:00:00,1834,0.14,6,2,Colorado River
9102,Left,94.8,180,[],2017-09-15T05:00:00,1602,1,2,0.0,Riverine,23369,0915_1800_01,"Stake in ground on left bank, upstream edge of culvert grate. Marked with paint and flagging.",,4,2,0.4,,,30.60948,-93.88532,7,5869,22178,1.0,2017-09-28T05:00:00,1645,0.183,6,2,Slaydons Creek
9354,N/A,34.6,180,[],2017-09-14T04:00:00,1780,1,2,8.2,Riverine,23004,0914_1234_2,On wooden electric pole 0.10 mile north of Massey Lake Road,,2,1,0.1,,,30.28439,-94.18163,5,6015,21989,1.0,2017-09-22T04:00:00,1722,0.3,6,2,Unknown
8341,N/A,95.337,180,[],2017-09-07T05:00:00,1760,1,2,0.0,Riverine,21775,0907_1545_2,A second debris line can be found on the other end of the drain,,1,2,0.03,,,29.29168,-96.06067,4,5458,21282,1.0,2017-09-10T05:00:00,1787,0.00686,6,2,Unknown
9617,N/A,73.341,180,[],2017-09-07T05:00:00,1762,1,2,0.0,Riverine,22626,0907_1610_2,"Lat 29.722302
Long -95.565667
Debris line along bank of bridge crossing",,2,2,0.1,,,29.722302,-95.565667,7,6438,21795,1.0,2017-09-07T05:00:00,1762,0.1,6,2,unknown
8372,N/A,101.12,180,[],2017-09-11T05:00:00,1760,2,2,0.0,Riverine,25456,0911_1550_2,On concrete on east side of bridge.,,3,1,0.2,,,28.89728,-97.13733,3,5470,23300,1.0,2017-09-23T05:00:00,1760,0.018,6,2,Guadalupe River
8898,N/A,79.639,180,[],2017-09-08T05:00:00,1834,1,2,,Riverine,22157,0908_1800_2,"East side of bridge on upstream side, marked on backside of bridge pier.","gps point on wingwall adjacent to HWM, elevation -0.010 ft (tapeup)",5,5,0.5,,,29.10011,-96.60555,3,5756,21506,1.0,2017-09-20T05:00:00,1839,0.001,6,1,Lavaca River
8373,N/A,145.48,180,[],2017-09-11T05:00:00,1791,1,2,0.0,Riverine,22186,0911_1515_1,Dead snag near bridge,,3,2,0.2,,,28.90604,-97.19471,6,5471,21520,1.0,2017-09-23T05:00:00,1760,0.018,6,2,Unnamed creek
9432,Right,79.4,180,[],2017-09-07T04:00:00,1791,1,2,0.0,Riverine,21346,0907_0930_3,Near gate and near sign for Harvest Green construction office,level 3 survey; +0.03' GNSS adjustment; field readings 79.363,3,1,0.2,,,29.63025,-95.71449,6,6067,20951,1.0,2017-09-20T04:00:00,900,0.1,6,2,Oyster Creek
8342,N/A,97.8945,180,[],2017-09-07T05:00:00,1760,1,2,0.0,Riverine,21776,0907_1610_1,"Across from the small,brown, brick house. on the edge of the ditch",,1,1,0.03,,,29.25333,-96.15856,4,5459,21283,1.0,2017-09-10T05:00:00,1787,0.00686,6,2,Unknown
8224,N/A,195.475,180,[],2017-09-08T05:00:00,1834,1,2,0.0,Riverine,22627,0908_1017_1,Green disk nailed into driveway approximately 50 feet SW of entrance to property.,,5,2,0.5,,,29.69482,-96.54441,5,5418,21796,1.0,2017-09-21T05:00:00,1834,0.1,6,2,Colorado River
8374,N/A,127.36,180,[],2017-09-11T05:00:00,1791,1,2,0.0,Riverine,22175,0911_1430_1,,,3,2,0.2,,,28.96995,-97.19713,6,5472,21514,1.0,2017-09-23T05:00:00,1760,0.018,6,2,Guadalupe River
8384,Left,240.6,180,[],2017-09-08T05:00:00,1599,1,2,1.51,Riverine,21639,0908_1341_1,1st Wooden fence post on the west side of HWY 443 on the LEW downstream side of creek,,2,5,0.1,,,29.37729,-97.26736,6,5480,21175,1.0,2017-09-24T05:00:00,1760,0.271,6,2,Guadalupe River
8377,Right,168.3,180,[],2017-09-11T05:00:00,1791,1,2,0.0,Riverine,22131,0911_1200_1,"250 ft south of bridge, west side of road, on hillside",,3,2,0.2,,,29.05937,-97.32822,6,5474,21491,1.0,2017-09-23T05:00:00,1760,0.018,6,2,Chisholm Creek
8343,N/A,97.8555,180,[],2017-09-07T05:00:00,1760,1,2,0.0,Riverine,21777,0907_1610_2,Across the stream from the first marker,,1,1,0.03,,,29.25333,-96.15856,4,5459,21283,1.0,2017-09-10T05:00:00,1787,0.00686,6,2,Unknown
9078,N/A,17.8,180,[],2017-09-12T05:00:00,1763,1,2,11.6,Riverine,22482,0912_1600_1,"USGS white plastic marker on corner of mobile home, directly to the left as you enter the gate to the property.",Level III,2,1,0.1,,,30.11821,-94.03497,4,5854,21723,1.0,2017-09-24T05:00:00,13,0.09,6,2,Lower Neches
9492,N/A,170.89,180,[],2017-09-09T05:00:00,1762,1,2,0.7,Riverine,22187,0909_1046_1,"Lat 29.57926 Long -96.41842
SW end of bridge down old driveway 50 feet before gate on telephone pole behind fence towards bottom.",,5,1,0.5,,,29.57926,-96.41842,5,6105,21521,1.0,2017-10-10T05:00:00,1645,0.203,6,2,unknown
9199,Right,17.39,180,[],2017-09-16T05:00:00,1846,1,2,0.0,Riverine,23372,0916_1140_2,"Debris line in grass on right bank marked with stake, yellow flag and orange paint.",,4,2,0.3,,,29.75652,-94.97099,7,5925,22179,1.0,2017-09-23T05:00:00,1645,,6,2,Canal leading into East Fork Goose Creek
9358,Right,61.8,180,[],2017-09-14T04:00:00,1780,1,2,0.5,Riverine,23007,0914_1337_1,"On right bank 60 feet from road, 15 feet from channel with tape and paint",,1,1,0.05,,,30.40005,-94.19456,5,6018,21991,1.0,2017-09-22T04:00:00,1722,0.3,6,2,Unknown
9618,N/A,35.63,180,[],2017-09-08T05:00:00,1762,1,2,0.0,Riverine,22629,0908_1330_1,"Lat 29.708199
Long -95.377103
Debris line along side walls of freeway",,2,2,0.1,,,29.708199,-95.377103,8,6439,21797,1.0,2017-09-08T05:00:00,1762,0.13,6,2,unknown
9493,N/A,172.74,180,[],2017-09-09T05:00:00,1762,1,2,0.0,Riverine,22188,0909_1046_2,"Lat 29.58208 Long -96.41498
Wash line at NE end of bridge on apron on downstream side.",,5,9,0.5,,,29.58208,-96.41498,3,6105,21521,1.0,2017-10-10T05:00:00,1645,0.203,6,2,unknown
8344,N/A,90.593,180,[],2017-09-07T05:00:00,1760,1,2,0.0,Riverine,21778,0907_1700_1,A debris line along the edge of the river.,,1,2,0.03,,,29.2498,-96.1058,4,5460,21285,1.0,2017-09-10T05:00:00,1787,0.00686,6,2,Unknkown
9360,Right,53.8,180,[],2017-09-14T04:00:00,1780,1,2,3.0,Riverine,23008,0914_1436_1,On wooden underground cable post 33 feet from road 470 feet from channel on right side of bank with tape,"gnss survey form says hwm1 not surveyed, but had marks mixed up; surveyed hwm1 and did not survey hwm2.",1,5,0.05,,,30.3756,-94.21415,5,6020,21992,1.0,2017-09-22T04:00:00,1722,0.3,6,2,Unknown
8378,N/A,166.5,180,[],2017-09-11T05:00:00,1760,6,2,0.0,Riverine,25457,0911_1200_2,"On hillside, 250 ft north of bridge, west of road.",,4,1,0.4,,,29.05992,-97.32805,6,5475,23301,1.0,2017-09-23T05:00:00,1760,0.018,6,2,Chisholm Creek
8484,Right,17.31,180,[],2017-09-04T07:00:00,1786,6,2,0.0,Riverine,20813,0904_0908,RB US from bridge,,3,2,0.2,,,28.88948,-95.78597,8,5540,20606,1.0,2017-09-04T07:00:00,1786,0.15,6,2,Live Oak Creek
9620,N/A,35.661,180,[],2017-09-08T05:00:00,1762,1,2,0.0,Riverine,22630,0908_1330_2,"Lat 29.707899
Long -95.376931
Debris line along side walls of freeway",,2,2,0.1,,,29.707899,-95.376931,8,6439,21797,1.0,2017-09-08T05:00:00,1762,0.13,6,2,unknown
8345,N/A,91.599,180,[],2017-09-07T05:00:00,1760,1,2,0.0,Riverine,21779,0907_1700_2,A second debris line along the edge of the river.,,1,2,0.03,,,29.2498,-96.1058,4,5460,21285,1.0,2017-09-10T05:00:00,1787,0.00686,6,2,Unknkown
8486,Left,17.49,180,[],2017-09-04T07:00:00,1786,6,2,2.1,Riverine,20815,0904_0912,On shrub LB US from bridge,,3,2,0.2,,,28.88991,-95.78545,8,5540,20606,1.0,2017-09-04T07:00:00,1786,0.2,6,2,Live Oak Creek
8371,Right,103.23,180,[],2017-09-11T05:00:00,1791,1,2,0.0,Riverine,22189,0911_1550_1,Concrete under  west side of bridge,,2,1,0.1,,,28.89738,-97.13899,3,5468,21523,1.0,2017-09-22T05:00:00,1760,0.018,6,2,Guadalupe River
9363,Left,48.2,180,[],2017-09-14T04:00:00,1780,1,2,1.75,Riverine,23011,0914_1622_2,On wooden electric pole in front of church 310 feet from channel on left side of channel,level III,3,5,0.2,,,30.35091,-94.20287,5,6021,21993,1.0,2017-09-24T04:00:00,1722,0.0324,6,2,Unknown
8956,Left,12.85,180,[],2017-09-10T05:00:00,1786,6,2,0.0,Riverine,22190,0910_1338,Poor GPS signal here,,4,2,0.4,,,29.55122,-95.09311,8,5789,21522,1.0,2017-09-10T05:00:00,1786,0.17,6,2,Clear Creek
8485,Left,17.74,180,[],2017-09-04T07:00:00,1786,6,2,0.0,Riverine,20814,0904_0911,LB US from bridge,,3,2,0.2,,,28.88994,-95.78543,8,5540,20606,1.0,2017-09-04T07:00:00,1786,0.2,6,2,Live Oak Creek
9203,Right,17.27,180,[],2017-09-16T05:00:00,1846,1,2,4.19,Riverine,23374,0916_1230_1,"Nail and USGS disk with orange flagging in streamward face of palm tree behind car wash, nearest to and west of dumpster",,2,4,0.1,,,29.75514,-94.97664,6,5926,22180,1.0,2017-09-23T05:00:00,1645,,6,2,East Fork Goose Creek
9767,N/A,18.7,180,[],2017-09-19T04:00:00,900,1,2,,Riverine,23724,no_label,"At metal gate on R bank, about 50 ft from bridge",level 3 survey;  +0.10' GNSS adjustment; field readings RTK 14.045+4.6 TU (other 3 HWMs secondary; resident reported 5-6 ft of water OVER bridge),3,2,0.2,,,29.2289,-95.3031,8,6493,21473,1.0,2017-09-19T04:00:00,900,0.2,6,2,unknown
8429,N/A,236.96,180,[],2017-09-10T05:00:00,1834,1,2,0.0,Riverine,22632,HWM2,,,1,2,0.0,,,30.42996,-95.32593,7,5509,21798,1.0,2017-09-20T05:00:00,1760,0.09,6,2,San Jacinto River
8487,Right,10.91,180,[],2017-09-04T05:00:00,1786,6,2,0.0,Riverine,20816,0904_1007,DS side of road,,2,2,0.1,,,28.8556,-95.82755,8,5542,20607,1.0,2017-09-04T05:00:00,1786,0.1,6,2,Payton Creek
8488,Right,10.93,180,[],2017-09-04T05:00:00,1786,6,2,0.0,Riverine,20817,0904_1008,DS side of road,,2,2,0.1,,,28.85557,-95.82765,8,5542,20607,1.0,2017-09-04T05:00:00,1786,0.14,6,2,Payton Creek
8957,Left,12.48,180,[],2017-09-10T05:00:00,1786,6,2,0.0,Riverine,22191,0910_1339,Poor GPS signal here.,,4,2,0.4,,,29.55121,-95.09312,8,5789,21522,1.0,2017-09-10T05:00:00,1786,0.13,6,2,Clear Creek
9204,Right,17.53,180,[],2017-09-16T05:00:00,1846,1,2,4.27,Riverine,23375,0916_1230_2,"Nail and USGS disk with orange flagging in streamward face of palm tree behind car wash, second from the dumpster.",,3,4,0.2,,,29.75511,-94.97665,6,5926,22180,1.0,2017-09-23T05:00:00,1645,,6,2,East Fork Goose Creek
8489,Right,10.96,180,[],2017-09-04T05:00:00,1786,6,2,0.0,Riverine,20818,0904_1009,US side of road,,2,5,0.1,,,28.8557,-95.8275,8,5542,20607,1.0,2017-09-04T05:00:00,1786,0.13,6,2,Payton Creek
8346,N/A,74.1095,180,[],2017-09-07T05:00:00,1760,1,2,0.6,Riverine,21782,0907_1830_1,A debris line on one of the parks posts,,1,2,0.01,,,29.16217,-96.04357,2,5461,21286,1.0,2017-09-10T05:00:00,1787,0.00686,6,2,Unknown
9205,Right,17.51,180,[],2017-09-16T05:00:00,1846,1,2,4.2,Riverine,23376,0916_1230_3,"Nail and USGS disk with orange flagging in streamward face of palm tree behind car wash, third one from the dumpster going toward Garth Rd.",,4,4,0.3,,,29.75509,-94.9767,6,5926,22180,1.0,2017-09-23T05:00:00,1645,,6,2,East Fork Goose Creek
7426,N/A,6.314,180,[],2017-09-02T05:00:00,1760,1,2,,Coastal,20803,0902_0815_1,"ALONG DEBRIS PILE IN BACK YARD OF HOUSE, TWO MARKS EXIST ONE 6 FT FROM PATIO THE SECOND IS 4FT FROM WALL ON 4X4 POST.",debris line marked by nail and usgs disc in 4x4 nr block wall. elevation is final,2,2,,,,28.1058,-97.04627,7,5074,20605,1.0,2017-09-05T05:00:00,871,1.3,6,2,NA
9364,N/A,51.8,180,[],2017-09-14T04:00:00,1780,1,2,3.35,Riverine,23013,0914_1728_2,On side of building near electrical panel near northeast corner,level III,2,1,0.1,,,30.34887,-94.22964,4,6023,21994,1.0,2017-09-24T04:00:00,1722,0.0324,6,2,Unknown
8430,N/A,179.5,180,[],2017-09-10T05:00:00,1834,1,2,0.5,Riverine,22633,0910_0920_1,"Base of 3"" tree, 0.5 ft abv grade. In hedge row.","Set temporary RM at edge of road (house with pond), and ran short level loop to v.good seedline in base of 3"" diameter thorn tree in hedgge row.",2,5,0.1,,,30.343,-95.3439,5,5510,21799,1.0,2017-09-20T05:00:00,1840,0.1,6,2,San Jacinto River
9494,N/A,193.777,180,[],2017-09-09T05:00:00,1762,1,2,0.0,Riverine,22192,0909_1133_1,"Lat 29.56382 Long -96.50192
Wash line on east side of bridge on apron on downstream side.",,5,9,0.5,,,29.56382,-96.50192,3,6403,21524,1.0,2017-10-10T05:00:00,1645,0.203,6,2,unknown
8347,N/A,73.8055,180,[],2017-09-07T05:00:00,1760,1,2,5.2,Riverine,21783,0907_1830_2,A mud line in the trees next to the marked post.,,1,1,0.01,,,29.16217,-96.04357,4,5461,21286,1.0,2017-09-10T05:00:00,1787,0.00686,6,2,Unknown
9495,N/A,195.063,180,[],2017-09-09T05:00:00,1762,1,2,0.0,Riverine,22193,0909_1133_2,"Lat 29.56336 Long -96.50256
Wash line west side of bridge on apron on upstream side.",,5,9,0.5,,,29.56336,-96.50256,3,6403,21524,1.0,2017-10-10T05:00:00,1645,0.203,6,2,unknown
9359,N/A,25.4,180,[],2017-09-13T05:00:00,1833,1,2,0.0,Riverine,22532,0913_0830_1,"Wash/debris line marked with painted stake. Orange ribbons lead the way to the stake. Located on west bank, approximately 20 ft south of the bridge pier.",,4,2,0.3,,,29.973672,-94.84463,7,6019,21752,1.0,2017-10-06T05:00:00,1770,0.04,6,2,Trinity River
9210,Left,9.93,180,[],2017-09-16T05:00:00,1846,1,2,1.28,Riverine,23378,0916_1510_2,Nail with USGS disk in DS face of 30inch tree ~50ft US from mark one almost inline with small metal bridge in the park.  Orange flagging around tree as well.,,2,5,0.06,,,29.72662,-94.99654,6,5928,22181,1.0,2017-09-23T05:00:00,1645,,6,2,Unnamed Creek
9366,N/A,52.2,180,[],2017-09-14T04:00:00,1780,1,2,4.05,Riverine,23014,0914_1757_1,At junction of wooden and orange Armour J buildings,level III,1,5,0.05,,,30.34937,-94.23174,5,6024,21995,1.0,2017-09-24T04:00:00,1722,0.0324,6,2,Unknown
8491,Right,10.53,180,[],2017-09-04T05:00:00,1786,6,2,0.0,Riverine,20820,0904_1032,,,3,2,0.2,,,28.83907,-95.85317,8,5543,20608,1.0,2017-09-04T05:00:00,1786,0.1,6,2,Payton Creek
8490,Left,10.61,180,[],2017-09-04T05:00:00,1786,6,2,0.0,Riverine,20819,0904_1028,US from bridge,,4,1,0.4,,,28.84031,-95.85192,8,5543,20608,1.0,2017-09-04T05:00:00,1786,0.1,6,2,Payton Creek
9368,N/A,59.9,180,[],2017-09-14T04:00:00,1780,1,2,3.0,Riverine,23016,0914_1820_1,On northeast corner of metal shed behind church,level III,3,5,0.15,,,30.34964,-94.29013,4,6026,21996,1.0,2017-09-24T04:00:00,1722,0.0324,6,2,Unknown
7897,N/A,274.347,180,[],2017-09-10T05:00:00,1822,1,2,4.82,Riverine,22194,1430,Nail and flagging 150 feet from last guard rail post 10 feet into scrub rt bank,,1,1,,,,30.0116,-96.91731,6,5295,21525,1.0,2017-09-20T05:00:00,1760,0.23,6,2,Rabbs Creek
7883,N/A,5.493,180,[],2017-09-03T05:00:00,1760,1,2,0.0,Riverine,20823,0903_1600_2,,elevation is final,2,2,0.1,,,28.141115,-96.97707,7,6780,20609,1.0,2017-09-06T05:00:00,871,0.223097,6,2,Gulf of America
8958,Right,23.08,180,[],2017-09-11T05:00:00,1786,6,2,1.5,Riverine,22195,0911_0756,Downstream side of bridge,,2,5,0.1,,,29.50378,-95.19426,8,5790,21526,1.0,2017-09-11T05:00:00,1786,0.04,6,2,Chigger Creek
9213,Right,8.85,180,[],2017-09-16T05:00:00,1846,1,2,2.59,Riverine,23380,0916_1553_1,"Nail with USGS disk in forked tree on ~125ft north of marsh and small bridge, near Market St. Orange flagging included.",,1,5,0.04,,,29.73392,-94.98024,6,5931,22182,1.0,2017-09-23T05:00:00,1645,,6,2,Unnamed creek flowing into Goose Creek
10121,Left,154.23,180,[],2017-09-09T05:00:00,1791,1,2,0.0,Riverine,21784,0909_1545_2,On concrete NW of bridge,,3,2,0.2,,,30.1762,-95.60075,6,6090,21284,1.0,2017-10-06T05:00:00,1645,0.121,6,2,Dry Creek
9369,N/A,58.9,180,[],2017-09-14T04:00:00,1780,1,2,5.8,Riverine,23018,0914_1903_1,On support post on left side of gate at plant entrance,,2,5,0.1,,,30.37492,-94.29914,4,6027,21997,1.0,2017-09-22T04:00:00,1722,0.3,6,2,Unknown
8348,N/A,107.393,180,[],2017-09-07T05:00:00,1760,1,2,8.55,Riverine,21785,0907_1940_1,Mud line in the leaves of a tree near the river,,1,1,0.03,,,29.30599,-96.13424,4,5462,21289,1.0,2017-09-10T05:00:00,1787,0.00686,6,2,Unknown
7868,N/A,5.005,180,[],2017-09-03T05:00:00,1760,1,2,0.0,Coastal,20824,0903_1600_1,"Lamar Beach rd 1, orange painted stake",elevation final,2,2,,,,28.13911,-96.97765,7,5275,20610,1.0,2017-09-06T05:00:00,871,0.22,6,2,Gulf of America
8432,N/A,143.77,180,[],2017-09-10T05:00:00,1834,1,2,3.25,Riverine,22637,0910_0940_2,"EAST, DOWNSTREAM side of RR bridge over Peach Creek, beside Old Hwy. 105","This mark is higher than the US mark. Water was above low chord of bridge, but NOT overtop. May have been pressure flow? HWM is good clear line of fine debris, sheltered from weather by concrete above.",3,5,0.2,,,30.31311,-95.21905,4,5511,21800,1.0,2017-09-20T05:00:00,1840,0.08,6,2,San Jacinto River
8349,N/A,106.042,180,[],2017-09-07T05:00:00,1760,1,2,0.0,Riverine,21786,0907_1940_2,Debris line near the fence entrance of the pumping station.,,1,2,0.03,,,29.30599,-96.13424,4,5462,21289,1.0,2017-09-10T05:00:00,1787,0.00686,6,2,Unknown
8959,Right,23.1,180,[],2017-09-11T05:00:00,1786,6,2,2.5,Riverine,22197,0911_0757,Downstream side of bridge,,2,5,0.1,,,29.50378,-95.19426,8,5790,21526,1.0,2017-09-11T05:00:00,1786,0.05,6,2,Chigger Creek
9223,N/A,4.97,180,[],2017-09-16T05:00:00,1846,1,2,0.0,Coastal,23383,0916_1658_1,"Storm surge debris line ~500ft south of parking lot, ~450ft east of gazebo, marked with a stake with orange paint.",,5,2,0.7,,,29.71122,-94.99328,7,5936,22183,1.0,2017-09-23T05:00:00,1645,,6,2,Tabbs Bay
9371,Left,57.9,180,[],2017-09-14T04:00:00,1780,1,2,7.7,Riverine,23019,0914_1919_1,On metal post of FM 418 road sign on left side of channel,,2,5,0.1,,,30.39225,-94.28735,4,6028,21998,1.0,2017-09-22T04:00:00,1722,0.3,6,2,Unknown
7956,N/A,9.274,180,[],2017-09-03T05:00:00,1760,1,2,0.0,Coastal,20826,0903_1500_2,"at 28.13051 long -96.97853,  The Reserve at Charles Bay, house 256 backyard, orange painted stake",Elevation is final. No further adjustments necessary.,2,2,,,,28.13047,-96.9786,7,5318,20611,1.0,2017-09-05T05:00:00,1744,0.07,6,2,Gulf of America
9469,Left,154.69,180,[],2017-09-09T05:00:00,1791,1,2,0.0,Riverine,21787,0909_1545_3,"Next to concrete, NW side of bridge",,3,2,0.2,,,30.17624,-95.60075,6,6090,21284,1.0,2017-10-06T05:00:00,1645,0.121,6,2,Dry Creek
8909,N/A,20.4,180,[],2017-09-13T05:00:00,1760,1,2,3.8,Riverine,23093,0913_1200_1,Mark at back of house number 4325 Clair St. Excellent seed line. Owner confirmed accuracy.,level III,2,2,0.1,,,30.19299,-94.05212,4,5763,22033,1.0,2017-09-25T05:00:00,13,0.16,6,2,Lower Neches
7482,N/A,10.659,180,[],2017-09-03T05:00:00,1760,1,2,0.0,Coastal,20827,0903_1720_6A,"DEBRIS LINE IS MARKED WITH FLAG, TAPE, AND PAINT. ON THE SIDE OF THE ROAD THAT LEADS TO PIER/BOAT RAMP OFF OF BAY STREET.",Average of both marks at the site,3,2,,,,28.39027,-96.83914,7,5115,20612,1.0,2017-09-06T05:00:00,1770,0.098425,6,2,NA
8381,Right,181.39,180,[],2017-09-11T05:00:00,1791,1,2,0.0,Riverine,22119,0911_1100_1,South side of road next to concrete,,4,2,0.4,,,29.08719,-97.26129,6,5478,21486,1.0,2017-09-23T05:00:00,1760,0.018,6,2,Oaxley  Branch
8385,Left,240.7,180,[],2017-09-08T05:00:00,1599,1,2,1.91,Riverine,21640,0908_1343_2,nail and tab on 3rd fence post on W side of HWY 443 on LEW downstream side of stream,,2,5,0.1,,,29.37727,-97.26745,6,5480,21175,1.0,2017-09-24T05:00:00,1760,0.271,6,2,Guadalupe River
8960,Right,17.3,180,[],2017-09-11T05:00:00,1786,6,2,1.5,Riverine,22199,0911_0831,In ditch by road,,4,1,0.4,,,29.50229,-95.14171,8,5796,21527,1.0,2017-09-11T05:00:00,1786,0.1,6,2,Clear Creek
9229,N/A,7.25,180,[],2017-09-16T05:00:00,1846,1,2,0.0,Coastal,23385,0916_1740_1,Downhill ~350ft from Northwest corner of the parking lot near the sea wall. Marked with a stake and orange paint.,,4,2,0.4,,,29.70476,-95.03863,7,5940,22184,1.0,2017-09-22T05:00:00,1645,,6,2,Upper San Jacinto Bay
9232,N/A,7.11,180,[],2017-09-16T05:00:00,1846,1,2,0.0,Coastal,23386,0916_1740_2,"Debris line in similar location,  ~ 35ft to the right of mark one.  Marked with a stake and orange paint.",,4,2,0.4,,,29.70478,-95.03851,7,5940,22184,1.0,2017-09-22T05:00:00,1645,,6,2,Upper San Jacinto Bay
8435,N/A,111.91,180,[],2017-09-10T05:00:00,1834,1,2,0.6,Riverine,22640,0910_1133_1,"Wash line, On base of tree in front of 25824 Magnolia Dr, Splendora, TX 77372",set temporart RM at roadside. Ran short level loop to HWM. Moved existing nail/disk a bit higher to match good debris line of fines in adjacent fence. Took updated photo.,5,9,0.5,,,30.25164,-95.16338,5,5513,21802,1.0,2017-09-20T05:00:00,1840,0.1,6,2,San Jacinto River
10018,N/A,21.03,180,[],2017-09-16T05:00:00,1846,1,2,1.5,Riverine,23387,0916_1340_1,"Seed line found on boards of raised playground enclosure, north side.  Marked with sharpie and yellow flag with an orange paint line in the ground. 29.73402, -94.95239",,1,5,0.01,,,29.73402,-94.95239,4,6392,22185,1.0,2017-09-28T05:00:00,1727,0.08,6,2,Unnamed Tributary to Cedar Bayou
7479,N/A,13.993,180,[],2017-09-03T05:00:00,1760,1,2,0.0,Coastal,20829,0903_1630_1,DEBRIS MARKS ON BOTH SIDES OF BRIDGE. MARKED WITH FLAG AND PAINT. TAPE WAS PLACED ON BRIDGE TO MARK WHERE THE DEBRIS LINES ARE.,Average of two upstream marks on bridge,3,2,,,,28.36242,-96.81599,7,5113,20614,1.0,2017-09-06T05:00:00,1770,0.098425,6,2,NA
8914,N/A,5.11,180,[],2017-09-10T05:00:00,1786,6,2,0.0,Coastal,21935,0910_0828,Wave affected,,4,2,0.4,,,29.67822,-94.98252,8,5766,21378,1.0,2017-09-10T05:00:00,1786,0.05,6,2,Trinity Bay
8962,Right,17.33,180,[],2017-09-11T05:00:00,1786,6,2,2.05,Riverine,22200,0911_0834,On sign post,,3,1,0.2,,,29.50228,-95.14175,8,5796,21527,1.0,2017-09-11T05:00:00,1786,0.08,6,2,Clear Creek
7906,N/A,225.4,180,[],2017-09-09T05:00:00,1762,1,2,0.0,Riverine,23024,0909_1730_2,Debris laying on the sand,,1,2,,,,29.4671,-96.9539,7,5300,21999,1.0,2017-09-19T05:00:00,1760,,6,2,Lavaca River
7480,N/A,14.391,180,[],2017-09-03T05:00:00,1760,1,2,1.9,Coastal,20830,0903_1630_2,DEBRIS MARK ON POST OF BRIDGE. MARKED WITH PAINT,Average of two downstream marks on bridge.,3,2,,,,28.36242,-96.81599,2,5113,20614,1.0,2017-09-06T05:00:00,1770,0.098425,6,2,NA
8394,Left,183.3,180,[],2017-09-08T05:00:00,1599,1,2,2.19,Riverine,21649,0908_1045_1,Wooden fence post directly left of field access on the N side of HWY 766 just E of intersection of Ed Blackweller rd,,2,5,0.1,,,29.13831,-97.30658,6,5486,21182,1.0,2017-09-24T05:00:00,1760,0.271,6,2,Guadalupe river
8971,Right,14.31,180,[],2017-09-11T05:00:00,1786,6,2,1.5,Riverine,22201,0911_0848,"Stain/seed line, on electric box",,3,5,0.2,,,29.50792,-95.10515,8,5797,21528,1.0,2017-09-11T05:00:00,1786,0.08,6,2,Clear Creek
9622,N/A,35.606,180,[],2017-09-08T05:00:00,1762,1,2,0.0,Riverine,22642,0908_1400_1,"Lat 29.707126
Long -95.377103
Debris line along side walls of freeway",,2,2,0.1,,,29.707126,-95.377103,8,6440,21803,1.0,2017-09-08T05:00:00,1762,0.13,6,2,unknown
9339,Left,84.4,180,[],2017-09-16T04:00:00,1780,1,2,5.4,Riverine,23331,0916_1118_1,On wooden electric pole on left side of channel upstream of road with tape and paint,level III,2,1,0.1,,,30.52171,-94.34512,5,6002,22158,1.0,2017-09-24T04:00:00,1722,0.0324,6,2,Unknown
8972,Right,14.21,180,[],2017-09-11T05:00:00,1786,6,2,1.5,Riverine,22202,0911_0850,On electric box,,3,5,0.2,,,29.50791,-95.10515,8,5797,21528,1.0,2017-09-11T05:00:00,1786,0.15,6,2,Clear Creek
10233,N/A,54.85,180,[],2017-09-22T05:00:00,1762,1,2,1.9,Riverine,24722,0922_1205_1,"Fair - Good Seed line on 48"" oak tree",,1,5,0.05,,,30.61712,-93.69891,5,,22810,1.0,2017-09-22T05:00:00,1727,0.13,6,2,Sabine River
10021,N/A,30.17,180,[],2017-09-14T05:00:00,1846,1,2,,Riverine,23391,0914_0920_2,Seed line on large black tire about 15 ft from Mark 1.  Marked with red lumber crayon.,,1,5,0.02,,,29.71713,-95.27348,9,6393,22186,1.0,2017-09-25T05:00:00,1645,,6,2,Buffalo Bayou
7900,N/A,263.4,180,[],2017-09-09T05:00:00,1762,1,2,1.25,Riverine,23026,0909_1750_2,Seed line on the pylon underneath the bridge on the other end of the bridge,,1,5,,,,29.42917,-97.07833,2,5297,22000,1.0,2017-09-20T05:00:00,1760,,6,2,Rocky Creek
8436,N/A,113.52,180,[],2017-09-10T05:00:00,1834,1,2,0.0,Riverine,22643,21804_US_HWM,"Wash line, Orange paint on apron on west side of upstream side of bridge.",,3,9,0.2,,,30.21948,-95.24969,3,5514,21804,1.0,2017-09-20T05:00:00,1840,0.08,6,2,San Jacinto River
10087,N/A,3.71,180,[],2017-09-04T05:00:00,1762,1,2,0.0,Coastal,21269,0904_1145_1,"THIS DEBRIS LINE IS NEAR THE 15 MARK, APPROX 50 FT FROM CONCRETE WALL AND 300 FT FROM WOODEN WALK PATH. MARKED WITH TAPE AND FLAG. WALK ALONG THE CONCRETE PATH AND LOOK FOR TAPE, THIS IS WHERE TO START LOOKING FOR DEBRIS LINE.",,2,2,0.1,,,28.40971,-96.48402,7,5123,20838,1.0,2017-09-08T05:00:00,1770,0.085302,6,2,unknown
8350,N/A,60.235,180,[],2017-09-08T05:00:00,1760,1,2,3.2,Riverine,21793,0908_0810_1,The pond across from gate C of the plant. On a post.,,1,5,0.02,,,29.0193,-96.058,2,5463,21292,1.0,2017-09-10T05:00:00,1787,0.00686,6,2,Unknown
10048,N/A,6.296,180,[],2017-09-03T05:00:00,1760,1,2,0.0,Coastal,20833,0903_1410_8B,"DEBRIS LINE ON THE SIDE OF THE ROAD, MARKED WITH FLAG AND TAPE",Probably more storm surge than flood,3,2,0.2,,,28.29549,-96.80878,7,6664,20617,1.0,2017-09-06T05:00:00,1770,0.098425,6,2,NA
10180,N/A,299.515,180,[],2017-09-25T05:00:00,1853,1,2,0.0,Riverine,25446,09-25-1539-3,Debris line on loop road west end of lake,,4,2,0.4,,,29.98737,-97.11993,7,6613,23274,1.0,2017-09-25T05:00:00,1853,0.236,6,2,Riverine
7892,N/A,318.868,180,[],2017-09-09T05:00:00,1762,1,2,12.0,Riverine,23027,0909_1820_1,Debris line on the crest of the bridge. At least as high as the bridge,,1,2,,,,29.41432,-97.16265,2,5292,22001,1.0,2017-09-02T05:00:00,1760,,6,2,Lavaca River
10049,N/A,11.56,180,[],2017-09-03T05:00:00,1760,1,2,0.0,Coastal,20834,0903_1350_8A,"TWO DEBRIS LINES MARKED WITH FLAG AND TAPE, TAPE ON THE ALIGATOR SIGN. ABOUT 25FT FROM PARKING LOT.",,3,2,0.2,,,28.2907,-96.80999,7,6665,20618,1.0,2017-09-06T05:00:00,1770,0.098425,6,2,NA
8351,N/A,60.228,180,[],2017-09-08T05:00:00,1760,1,2,3.12,Riverine,21794,0908_0810_2,THe pond from gate C of the plant. Also on a post.,,1,5,0.02,,,29.0193,-96.058,2,5463,21292,1.0,2017-09-10T05:00:00,1787,0.00686,6,2,Unknown
8974,N/A,17.78,180,[],2017-09-11T05:00:00,1786,6,2,3.5,Riverine,22205,0911_0914,"On window, had to extend out from building",,3,5,0.2,,,29.50825,-95.13276,8,5799,21530,1.0,2017-09-11T05:00:00,1786,0.13,6,2,Clear Creek
8437,N/A,113.58,180,[],2017-09-10T05:00:00,1834,1,2,0.0,Riverine,22645,21804_HWM_DS,"Wash line, on apron of east side off downstream side of bridge.",,3,2,0.2,,,30.21935,-95.24894,3,5514,21804,1.0,2017-09-20T05:00:00,1840,0.08,6,2,Caney Creek
7894,N/A,318.821,180,[],2017-09-09T05:00:00,1762,1,2,4.5,Riverine,23028,0909_1820_2,Second debris line on the crest of the bridge. At least as high as the bridge.,,1,2,,,,29.41432,-97.16265,2,5292,22001,1.0,2017-09-21T05:00:00,1760,,6,2,Lavaca River
9151,N/A,30.65,180,[],2017-09-14T05:00:00,1846,1,2,0.74,Riverine,23393,0914_0947_2,"Debris line of grass built up in the fence of a squared in enclosure for utility poles, SE corner of the park.  Marked with orange flag and red lumber crayon.",,3,4,0.2,,,29.71603,-95.27154,2,,22187,0.0,2017-09-25T05:00:00,1645,,6,2,Buffalo Bayou
9624,N/A,53.135,180,[],2017-09-08T05:00:00,1762,1,2,0.4,Riverine,22646,0908_1730_1,"Lat 29.708144
Long -95.453807
Seed line along garage of residence",,2,5,0.1,,,29.708144,-95.453807,8,6441,21805,1.0,2017-09-08T05:00:00,1762,0.13,6,2,unknown
8455,N/A,49.136,180,[],2017-09-08T05:00:00,1760,1,2,4.46,Riverine,21795,0908_0900_1,A Seed line on the eastern side of the river,,1,5,0.01,,,28.98357,-95.99868,2,5528,21293,1.0,2017-09-10T05:00:00,1787,0.00686,6,2,Unknown
7886,N/A,332.3,180,[],2017-09-09T05:00:00,1762,1,2,0.0,Riverine,23030,0909_1840_2,Seed line on the bridge bank,,1,5,,,,29.4392,-97.16921,2,5288,22002,1.0,2017-09-21T05:00:00,1760,,6,2,Rocky Creek
9365,N/A,18.26,180,[],2017-09-13T05:00:00,1833,1,2,1.5,Riverine,22606,0913_1110_1,Located inside door of phone company structure #P639. Structure is located on Southwest corner of intersection. HWM was marked my telephone company with marker.,Could not get access to the phone structure box so moved to nearby tree,2,2,0.1,,,29.935947,-94.762789,4,6025,21788,1.0,2017-10-05T05:00:00,1770,0.05,6,2,Trinity River
8367,Left,121.0,180,[],2017-09-11T05:00:00,1791,1,2,0.0,Riverine,22206,0911_1625_1,N side of bridge on concrete,,2,2,0.1,,,28.91253,-97.08626,3,5469,21531,1.0,2017-09-22T05:00:00,1760,0.136,6,2,Spring Creek
7885,N/A,332.2,180,[],2017-09-09T05:00:00,1762,1,2,4.72,Riverine,23029,0909_1840_1,Seed line on a bridge pylon,,1,5,,,,29.4392,-97.16921,2,5288,22002,1.0,2017-09-21T05:00:00,1760,,6,2,Rocky Creek
9153,Left,18.41,180,[],2017-09-14T05:00:00,1846,1,2,2.21,Riverine,23394,0914_1027_1,"Nail in ~40inch Oak Tree, streamward face of stone building, along orange construction fence line.",RTN in this area had a higher variability due to some nodes working intermittently,1,5,0.04,,,29.70519,-95.26383,5,5900,22188,1.0,2017-10-04T05:00:00,1770,0.5,2,2,Sims Bayou
8927,N/A,255.91,180,[],2017-09-12T05:00:00,1839,6,2,,Riverine,25107,hwm2,"Lat 29.77458 Long -96.37673
Located on dark fence line on west side of bridge, on left side of road as traveling south on FM 949.",,1,5,0.05,,,29.77458,-96.37673,5,5774,23134,1.0,2017-09-22T05:00:00,1839,0.0237,6,1,gulf of mexico
8456,N/A,47.688,180,[],2017-09-08T05:00:00,1760,1,2,2.1,Riverine,21796,0908_0900_2,"A debris snag in the ""no parking"" sign on the western end of the river. Under the bridge.",,1,2,0.03,,,28.98357,-95.99868,4,5528,21293,1.0,2017-09-10T05:00:00,1787,0.00686,6,2,Unknown
9681,N/A,107.671,180,[],2017-09-09T05:00:00,1834,1,2,6.2,Riverine,25007,0909_1640_1,seed line along garage of residence,,4,5,0.3,,,30.193743,-95.394881,,6458,23044,1.0,2017-09-09T05:00:00,1834,0.1,6,2,San Jacinto River
10052,N/A,5.76,180,[],2017-09-03T05:00:00,1760,1,2,1.3,Coastal,20837,0903_1230_9A,"ENTRANCE BEFORE THE TURNAROUND, ABOUT 200FT BEFORE TURNAROUND. MARKED WITH PAINT AND FLAG",,2,2,0.1,,,28.25105,-96.75983,3,6667,20620,1.0,2017-09-06T05:00:00,1770,0.098425,6,2,NA
8438,N/A,123.72,180,[],2017-09-10T05:00:00,1834,1,2,0.0,Riverine,22647,HWM1,HWY 242 bridge over Caney Creek,Set temporary  stake RM at road edge. Ran short level loop to marker RP on bridge rail. Then did a direct (vertical) tape-down to the HWM.,2,9,0.1,,,30.21691,-95.2759,4,5515,21806,1.0,2017-09-20T05:00:00,1840,0.09,7,2,San Jacinto River
8328,N/A,9.331,180,[],2017-09-04T05:00:00,1760,1,2,3.43,Coastal,21377,0904_0926_1,Debris line can be found on the fence facing east. The fence is surrounding a fence off the highway.,,1,2,0.01,,,29.15013,-95.30852,2,5436,20989,1.0,2017-09-12T05:00:00,1787,0.00392,6,2,Gulf of America
7907,Right,46.54,180,[],2017-09-11T05:00:00,1822,1,2,0.0,Riverine,22207,1540,Five feet west of wooden dock faint erosional lip and debris,"original flagged marks gone, found debris line east of rd upstream of culvert to lake, ran GNSS new mark here",5,1,,,,29.95088809,-96.51694444,6,5299,21532,1.0,2017-09-19T05:00:00,1839,0.0112,6,1,West Carancantua Creek
8931,Right,16.33,180,[],2017-09-10T05:00:00,1786,6,2,0.0,Riverine,21964,0910_1043,"No water at high school, water up to base of bridge",,3,2,0.2,,,29.58321,-95.10369,8,5775,21392,1.0,2017-09-10T05:00:00,1786,0.16,6,2,Horsepen Bayou
8457,N/A,47.284,180,[],2017-09-08T05:00:00,1760,1,2,6.5,Riverine,21797,0908_0900_3,"A mud line on the other ""no parking"" sign on the western end of the river, under the bridge",,1,1,0.03,,,28.98357,-95.99868,2,5528,21293,1.0,2017-09-10T05:00:00,1787,0.00686,6,2,Unknown
8368,Left,120.9,180,[],2017-09-11T05:00:00,1791,1,2,8.04,Riverine,22208,0911_1625_2,Under bridge above pier north  side,,2,5,0.1,,,28.91253,-97.08626,3,5469,21531,1.0,2017-09-22T05:00:00,1760,0.136,6,2,Spring Creek
8407,N/A,14.8,180,[],2017-09-23T05:00:00,1840,1,2,5.3,Riverine,24363,21237_HWM2,window of home at 5326 Elm Drive,"set temporary RM with RTKGPS, Then ran short level loop to HWM's",1,1,0.05,,,29.45467,-95.07063,2,5495,21237,1.0,2017-09-17T05:00:00,1840,0.07,6,2,dickenson bayou
10053,N/A,6.38,180,[],2017-09-03T05:00:00,1760,1,2,1.3,Coastal,20838,0903_1230_9,"TO THE LEFT OF WHOOPING CRANE SIGN, MARKED BY TAPE, LOOK FOR TAG/NAIL.",,2,2,,,,28.25105,-96.75983,5,6667,20620,1.0,2017-09-06T05:00:00,1770,0.098425,6,2,NA
8439,N/A,123.83,180,[],2017-09-10T05:00:00,1834,1,2,0.0,Riverine,22648,HWM2_DS,Wash line. West side of bridge on upstream side of apron.,Set temporary  stake RM at road edge. Ran short level loop to marker RP on bridge rail. Then did a direct (vertical) tape-down to the HWM. (same method for both HWM's),2,5,0.1,,,30.216,-95.2785,4,5515,21806,1.0,2017-09-20T05:00:00,1840,0.09,6,2,San Jacinto River
10025,N/A,34.75,180,[],2017-09-14T05:00:00,1846,1,2,0.62,Riverine,23397,0914_1127_1,"Front Window of K.C. Western. Red Lumber Crayon on metal of door frame  29.70037, -95.28622",,1,1,0.02,,,29.70037,-95.28622,9,6394,22189,1.0,2017-09-25T05:00:00,1645,,2,2,Buffalo Bayou
7878,N/A,386.9,180,[],2017-09-09T05:00:00,1762,1,2,3.3,Riverine,23032,0909_1900_1,Debris snag in tree near bridge,,1,2,,,,29.45283,-97.18698,2,5284,22003,1.0,2017-09-21T05:00:00,1760,,6,2,Rocky Creek
8943,N/A,172.1,180,[],2017-09-12T05:00:00,1839,6,2,,Riverine,25116,hwm1,"Lat 29.70290 Long -96.19885
East side of bridge on side of road with telephone poles, mark is located on beam by apron of bridge (right side of road as traveling west).",,2,2,0.1,,,29.7029,-96.19885,3,5782,23138,1.0,2017-09-22T05:00:00,1839,0.0237,6,1,gulf of mexico
8952,N/A,169.51,180,[],2017-09-12T05:00:00,1839,6,2,,Riverine,25119,hwm2,"Lat 29.65916 Long -96.24536
Located on west side of bridge on right side of road as traveling west. Mark located on apron of bridge.",,2,1,0.1,,,29.65916,-96.24536,3,5786,23139,1.0,2017-09-22T05:00:00,1839,0.0237,6,1,gulf of mexico
8440,N/A,91.89,180,[],2017-09-10T05:00:00,1834,1,2,0.0,Riverine,22649,HWM1,Created at washline during peak.,"set temporart RM in median, then ran short level loop to good HWM on concrete apron, under the north end of the intersection, under the interstate bridge - mark is protected from weather and is well preserved.",2,9,0.1,,,30.20833,-95.18012,7,5516,21808,1.0,2017-09-20T05:00:00,1840,0.08,6,2,Peach Creek
10028,N/A,33.9,180,[],2017-09-14T05:00:00,1846,1,2,0.82,Riverine,23398,0914_1127_2,Mud line on street facing side of metal stake at the corner of Gulf Creek and Office City Dr.  Marked with black sharpie and orange flagging.,,3,1,0.2,,,29.70019,-95.28702,2,6394,22189,1.0,2017-09-25T05:00:00,1645,,6,2,Buffalo Bayou
8458,N/A,41.444,180,[],2017-09-08T05:00:00,1760,1,2,0.0,Riverine,21798,0908_0940_1,Debris line on the edge of the drain,,1,2,0.02,,,28.91595,-96.0539,4,5529,21294,1.0,2017-09-11T05:00:00,1787,0.058068,6,2,Unknown
10054,N/A,5.96,180,[],2017-09-03T05:00:00,1760,1,2,2.8,Coastal,20839,0903_1230_9B,"CRANE SIGN. MARKED BY TAPE, LOOK FOR TAG/NAIL. DEBRIS  LINE ON THE GROUND IS ALSO MARKED ON BOTH SIDE.",,2,2,,,,28.25105,-96.75983,5,6667,20620,1.0,2017-09-06T05:00:00,1770,0.098425,6,2,NA
7879,N/A,384.1,180,[],2017-09-09T05:00:00,1762,1,2,0.0,Riverine,23033,0909_1900_2,Debris snag on opposite end of the bridge on the ground,,1,2,,,,29.45283,-97.18698,7,5284,22003,1.0,2017-09-21T05:00:00,1760,,6,2,Rocky Creek
8214,N/A,234.924,180,[],2017-09-07T05:00:00,1834,1,2,0.48,Riverine,22209,0907_1820_1,"Located 700 feet south of bridge. Massive debris line in farm field ran to road, where white disk was nailed into post fence on west side of road.",,3,2,0.2,,,29.84898,-96.80976,5,,21533,0.0,2017-09-21T05:00:00,1834,0.1,6,2,Colorado River
8951,N/A,169.56,180,[],2017-09-12T05:00:00,1839,6,2,,Riverine,25118,hwm1,"Lat 29.66113 Long -96.24314
Located on east side of bridge on left side of road as traveling west.
Mark located on fence post along fence line.",,3,2,0.2,,,29.66113,-96.24314,5,5786,23139,1.0,2017-09-22T05:00:00,1839,0.0237,6,1,gulf of mexico
10056,N/A,8.26,180,[],2017-09-03T05:00:00,1760,1,2,0.0,Coastal,20840,0903_1100_11A,"DEBRIS LINES AT BOTH ENDS AND BOTH SIDES OF THE BRIDGE. MARKED WITH FLAGS, TAPE, AND PAINT",Elevation derived from points on all four corners of bridge.  One of the four points was removed from average because it appeared to be an outlier.,2,2,0.1,,,28.27291,-96.96024,7,6668,20621,1.0,2017-09-06T05:00:00,1770,0.098425,6,2,NA
8975,Left,19.06,180,[],2017-09-11T05:00:00,1786,6,2,0.0,Riverine,22210,0911_0950,At Autumn Lakes HOA,,4,1,0.4,,,29.50019,-95.15905,8,5802,21534,1.0,2017-09-11T05:00:00,1786,0.05,6,2,Clear Creek
9157,Left,26.88,180,[],2017-09-14T05:00:00,1846,1,2,1.59,Riverine,23400,0914_1233_2,Seedline on Telephone poll at dead of Ruell St. off Gober St. Nail with orange flagging and paint.,RTN in this area had a higher variability due to some nodes working intermittently,3,5,0.2,,,29.6939,-95.25196,5,5901,22190,1.0,2017-10-04T05:00:00,1770,0.5,2,2,Unknown canal flowing into Sims Bayou
10122,N/A,42.786,180,[],2017-09-08T05:00:00,1760,1,2,5.82,Riverine,21799,0908_0940_2,Seed line on the concrete part of the drain,,1,5,0.02,,,28.91595,-96.0539,4,5529,21294,1.0,2017-09-11T05:00:00,1787,0.058068,6,2,Unknown
9156,Left,26.81,180,[],2017-09-14T05:00:00,1846,1,2,1.1,Riverine,23399,0914_1233_1,Red lumber crayon end of fence with seedline facing the street.,RTN in this area had a higher variability due to some nodes working intermittently,2,5,0.1,,,29.69501,-95.25108,9,5901,22190,1.0,2017-10-04T05:00:00,1770,0.5,2,2,Unknown canal flowing into Sims Bayou
9198,N/A,28.865,180,[],2017-09-18T05:00:00,1762,1,2,1.77,Riverine,23805,0918_1640_1,"NAIL+ORANGE TAPE ON WOOD POST NEXT TO TELEPHONE POLE, ACROSS FROM HOUSE #310 ON PINE AVE",,1,5,0.02,,,30.18921,-94.19038,5,5923,22406,1.0,2017-09-22T05:00:00,1770,0.049213,6,2,unknown
8459,N/A,36.308,180,[],2017-09-08T05:00:00,1760,1,2,2.0,Riverine,21800,0908_1040_1,Debris Snag in the fence,,1,2,0.03,,,28.86492,-96.02602,4,5530,21295,1.0,2017-09-11T05:00:00,1787,0.058068,6,2,Unknow
9159,Left,21.95,180,[],2017-09-14T05:00:00,1846,1,2,2.62,Riverine,23403,0914_1326_2,Nail with orange paint and flagging in 1 of 2 trees on outer ring on cul-de-sac.,,4,5,0.3,,,29.69278,-95.25784,5,5903,22191,1.0,2017-09-25T05:00:00,1645,,6,2,Sims Bayou
9865,N/A,28.14,180,[],2017-09-22T05:00:00,1833,1,2,0.0,Riverine,23035,0915_0900_1,wash line on shed,,3,3,0.2,,,30.052868,-94.29529,8,,22004,1.0,2017-09-22T05:00:00,1837,0.11,6,2,Drainage Ditch
8946,N/A,7.83,180,[],2017-09-10T05:00:00,1786,6,2,0.0,Coastal,21987,0910_1234,Cut line in gravel pile,"Better marks in gravel pile, use these two.",3,9,0.2,,,29.54124,-95.03138,8,5783,21398,1.0,2017-09-10T05:00:00,1786,0.09,6,2,Clear Lake
8955,N/A,165.83,180,[],2017-09-12T05:00:00,1834,1,2,0.0,Riverine,23080,hwm1,East side of bridge upstream side of road nailed into road in front of apron.,,2,2,0.1,,,29.63198,-96.27022,5,5788,22026,1.0,2017-09-22T05:00:00,1839,0.0237,6,1,San Bernard River
8977,Left,19.09,180,[],2017-09-11T05:00:00,1786,6,2,0.0,Riverine,22211,0911_0951,At Autumn Lakes HOA,,4,1,0.4,,,29.50019,-95.15907,8,5802,21534,1.0,2017-09-11T05:00:00,1786,0.04,6,2,Clear Creek
8215,N/A,231.404,180,[],2017-09-07T05:00:00,1834,1,2,0.2,Riverine,22212,0907_1820_2,,,5,1,0.5,,,29.84898,-96.80976,5,5412,21533,1.0,2017-09-21T05:00:00,1834,0.1,6,2,Colorado River
8460,N/A,34.879,180,[],2017-09-08T05:00:00,1760,1,2,4.1,Riverine,21801,0908_1040_2,Debris snag in a tree lower towards the ditch,,1,2,0.03,,,28.86492,-96.02602,4,5530,21295,1.0,2017-09-11T05:00:00,1787,0.058068,6,2,Unknow
9626,N/A,35.659,180,[],2017-09-08T05:00:00,1762,1,2,1.35,Riverine,22652,0908_1240_1,"Lat 29.711225
Long -95.358383
Seed line along wooden fence surrounding dumpster at Riviere Apartments",,2,5,0.1,,,29.711225,-95.358383,8,6442,21807,1.0,2017-09-08T05:00:00,1762,0.13,6,2,unknown
9868,N/A,28.2,180,[],2017-09-22T05:00:00,1833,1,2,0.0,Riverine,23036,0915_0905_2,wash line on shed,,3,3,0.2,,,30.052868,-94.29529,8,6354,22004,1.0,2017-09-22T05:00:00,1837,0.11,6,2,Drainage Ditch
10057,N/A,30.16,180,[],2017-09-03T05:00:00,1760,1,2,0.0,Coastal,20842,0903_1040_3B,"DEBRIS LINE ON THE SIDE OF AUSTWELL ROAD. MARKED WITH TAPE, PAINT, AND FLAG",,2,2,0.1,,,28.4459,-96.88142,7,6669,20622,1.0,2017-09-06T05:00:00,1770,0.098425,6,2,NA
9169,N/A,25.69,180,[],2017-09-14T05:00:00,1846,1,2,2.84,Riverine,23404,0914_1357_1,Seed line in 10inch tree on island dividing hwy (Allendale)  Marked with orange paint and flagging,RTN in this area had a higher variability due to some nodes working intermittently,1,5,0.02,,,29.68241,-95.25198,5,5907,22192,1.0,2017-10-05T05:00:00,1770,0.5,2,2,Sims Bayou
9195,N/A,19.44,180,[],2017-09-22T05:00:00,1770,1,2,,Riverine,24392,0922_1200_3,Chimney pipe on top of bathroom structure,Third mark found at location because previous marks were obviously to low to flood nearby houses that had all their stuff out front.,2,6,0.1,,,30.17756,-94.17146,8,5921,22404,1.0,2017-09-22T05:00:00,1770,0.049213,6,2,unknown
8461,N/A,34.687,180,[],2017-09-08T05:00:00,1760,1,2,0.0,Riverine,21802,0908_1040_3,Debris pile,,1,2,0.03,,,28.86492,-96.02602,4,5530,21295,1.0,2017-09-11T05:00:00,1787,0.058068,6,2,Unknow
10058,N/A,29.91,180,[],2017-09-04T05:00:00,1760,1,2,0.0,Coastal,20843,0903_1035_3A,"VERY DEFINED DEBRIS LINE ON THE SIDE OF AUSTWELL RD, MARKED WITH PAINT, TAPE, AND FLAG",,2,2,0.1,,,28.44521,-96.87794,7,6670,20623,1.0,2017-09-06T05:00:00,1770,0.098425,6,2,NA
9567,Right,91.23,180,[],2017-09-11T05:00:00,1834,1,2,1.72,Riverine,23037,0911_1233_1,Located on south end (RB) off bridge on fenceline post on downstream side of road.,,5,2,0.5,,,29.41419,-96.07886,5,6423,22005,1.0,2017-09-28T05:00:00,1854,0.115,6,2,San Bernard River
9164,N/A,25.77,180,[],2017-09-14T05:00:00,1846,1,2,4.18,Riverine,23406,0914_1357_3,Nail in 7 inch tree with orange paint and flagging.,RTN in this area had a higher variability due to some nodes working intermittently,3,5,0.15,,,29.68253,-95.25228,5,5907,22192,1.0,2017-10-04T05:00:00,1770,0.5,2,2,Sims Bayou
9201,N/A,33.258,180,[],2017-09-22T05:00:00,1770,1,2,,Riverine,24394,0922_1200_3,Seed line near top edge of storage building,Third mark found at site because previous marks were obviously to low to flood nearby houses that had all their stuff in the yard.,4,5,0.3,,,30.18467,-94.23502,8,5924,22407,1.0,2017-09-22T05:00:00,1770,0.049213,6,2,unknown
10203,N/A,165.92,180,[],2017-09-12T05:00:00,1834,1,2,1.37,Riverine,23081,hwm2,West side of bridge upstream side of road on beam by apron.,,2,2,0.1,,,29.63161,-96.27065,3,5788,22026,1.0,2017-09-22T05:00:00,1839,0.0237,6,1,San Bernard River
10060,N/A,33.41,180,[],2017-09-03T05:00:00,1760,1,2,0.0,Coastal,20844,0903_1030_3,"NEAR THE CORNER ON AUSTWELL RD, MARKED WITH TAPE AND PAINT ON THE SIDE OF THE ROAD",,2,2,0.1,,,28.4431,-96.87292,3,6671,20624,1.0,2017-09-06T05:00:00,1770,0.098425,6,2,NA
9416,Right,115.5537,180,[],2017-09-13T04:00:00,1780,1,2,0.65,Riverine,22654,0913_1009_1,On vertical wooden fence post on right bank 145 feet from road with tape,,2,2,0.1,,,30.90011,-94.12683,5,6056,21810,1.0,2017-09-23T04:00:00,1722,0.1083,6,2,Unknown
9470,N/A,163.09,180,[],2017-09-09T05:00:00,1791,1,2,1.97,Riverine,21803,0909_1630_1,"SW-most pole in guardrail, under the hazard sign",,2,2,0.1,,,30.15654,-95.63061,6,6091,21296,1.0,2017-10-06T05:00:00,1645,0.121,6,2,Mill Creek
8415,N/A,55.05,180,[],2017-09-21T05:00:00,1791,1,2,5.5,Riverine,21555,0908_1155_1,Mud/fine debris line inside open garage of empty home,"Not original mark for 21123. Moved about 300 ft away to get better GPS signal, and found better HWM. There was no remaining confirming evidence for the disks on the pine trees in the road median. Mud line in the garage was very well preserved, and made from tranquil water.",1,6,0.05,,,30.02031,-95.15742,8,5501,21123,1.0,2017-09-21T05:00:00,1840,0.09,6,2,Lake Houston
10035,Left,26.32,180,[],2017-09-14T05:00:00,1846,1,2,,Riverine,23408,0914_1455_2,"Debris line marked with stake, orange paint, and yellow flag on DS left bank of bridge about 30ft from road.  29.66926, -95.23398.",RTN in this area had a higher variability due to some nodes working intermittently,4,2,0.4,,,29.66991,-95.23337,7,6659,22193,1.0,2017-10-04T05:00:00,1770,0.5,6,2,Berry Bayou
8982,Right,27.5,180,[],2017-09-11T05:00:00,1786,6,2,0.0,Riverine,22215,0911_1015,Downstream from bridge,,4,2,0.4,,,29.51924,-95.20691,8,5804,21535,1.0,2017-09-11T05:00:00,1786,0.06,6,2,Cowart Creek
8462,N/A,14.992,180,[],2017-09-08T05:00:00,1760,1,2,0.94,Riverine,21804,0908_1140_1,Seed line along the patio of the house.,,1,5,0.01,,,28.75156,-95.99641,2,5531,21297,1.0,2017-09-11T05:00:00,1787,0.058068,6,2,Unknown
10241,N/A,64.66,180,[],2017-09-22T05:00:00,1762,1,2,6.6,Riverine,24737,0922_1300_1,"2 Poor seed lines in catalpa tree, both surveyed and average used.",,3,5,0.2,,,30.67204,-93.65408,5,6629,22816,1.0,2017-09-22T05:00:00,1727,0.13,6,2,Sabine River
10061,N/A,10.62,180,[],2017-09-03T05:00:00,1760,1,2,0.0,Coastal,20845,0903_1005_4A,"DEBRIS LINE CLOSE TO GAGE BOX, MARKED WITH FLAG AND PAINT",,2,2,0.1,,,28.4784,-96.86281,7,6672,20625,1.0,2017-09-05T05:00:00,1770,0.098425,6,2,NA
8420,N/A,52.33,180,[],2017-09-08T05:00:00,1791,1,2,0.0,Riverine,21567,0908_1315_2,200 ft SE of bridge,Direct RTK on disk,2,2,0.1,,,29.95788,-95.16441,6,5504,21132,1.0,2017-09-21T05:00:00,1840,0.07,6,2,Lake Houston
8463,N/A,15.043,180,[],2017-09-08T05:00:00,1760,1,2,1.24,Riverine,21805,0908_1140_2,Seed line on the shed in the front yard,,1,5,0.01,,,28.75156,-95.99641,2,5531,21297,1.0,2017-09-11T05:00:00,1787,0.058068,6,2,Unknown
10063,N/A,9.52,180,[],2017-09-03T05:00:00,1760,1,2,0.0,Coastal,20846,0903_1005_4B,DEBRIS LINE ON OPPOSITE SIDE OF BRIDGE THAN THE GAGE BOX. MARKED WITH FLAG AND PAINT. TAPE IS USED ON RAILING OF BRIDGE TO MARK LOCATION.,,2,2,0.1,,,28.4784,-96.86281,3,6672,20625,1.0,2017-09-05T05:00:00,1770,0.098425,6,2,NA
9585,Right,88.26,180,[],2017-09-11T05:00:00,1834,1,2,6.85,Riverine,23040,0911_1621_1,Located on west side of road on telephone pole 200 feet northwest  of 4764 Baldwin Dr.-visible from road.,,5,5,0.5,,,29.40765,-95.97778,5,6429,22006,1.0,2017-09-29T05:00:00,1854,0.115,6,2,San Bernard River
8652,N/A,5.51,180,[],2017-09-09T05:00:00,1786,6,2,0.0,Coastal,21806,0909_0834,,,4,2,0.4,,,28.9354,-95.29866,8,5613,21298,1.0,2017-09-09T05:00:00,1786,0.05,6,2,Gulf of America
7905,N/A,47.158,180,[],2017-09-11T05:00:00,1822,1,2,3.05,Riverine,22216,hwm1,Left bank upstream in boat ramp area about 40 feet from sign 10 feet into trees,,1,1,0.04,,,29.04303273,-96.46805556,6,5721,21536,1.0,2017-09-20T05:00:00,1839,0.0112,6,1,McFarland creek
10065,N/A,10.99,180,[],2017-09-03T05:00:00,1760,1,2,0.0,Coastal,20847,0903_0955_4,MARK APPROX 300 FT BEFORE BRIDGE. THERE IS AN ARROW PAINTED ON THE ROAD THAT POINTS TO THE MARK.,,2,2,0.1,,,28.475,-96.86922,7,6673,20626,1.0,2017-09-05T05:00:00,1770,0.098425,6,2,Guad
8984,N/A,29.29,180,[],2017-09-11T05:00:00,1786,6,2,1.25,Riverine,22217,0911_1032,"On park restroom. Shot same mark twice, had to extend out from roof line to shoot.",,2,5,0.1,,,29.54681,-95.19518,8,5805,21537,1.0,2017-09-11T05:00:00,1786,0.11,6,2,Clear Creek
8464,N/A,15.04,180,[],2017-09-08T05:00:00,1760,1,2,0.0,Riverine,21808,0908_1140_3,Debris line in the front yard,,1,2,0.01,,,28.75156,-95.99641,2,5531,21297,1.0,2017-09-11T05:00:00,1787,0.058068,6,2,Unknown
9578,N/A,84.91,180,[],2017-09-11T05:00:00,1834,1,2,0.0,Riverine,23042,0911_1535_1,"Wash line, West side (RB) upstream side of bridge on apron.",,5,9,0.5,,,29.38689,-96.02269,3,6427,22007,1.0,2017-09-29T05:00:00,1854,,6,2,San Bernard River
9712,N/A,256.977,180,[],2017-09-12T05:00:00,1834,1,2,0.0,Riverine,24403,0912_0900_1,Debris snag along barbed wire fence line,,5,2,0.5,,,29.50855,-97.30788,,6473,22747,1.0,2017-09-12T05:00:00,1834,0.18,6,2,Guadalupe River
10067,N/A,36.26,180,[],2017-09-03T05:00:00,1760,1,2,0.0,Riverine,20848,0903_0945_5B,MARKED WITH TAPE AND FLAG,Used the average surveyed elevation for two different marks at the site.,2,2,0.1,,,28.4698,-96.87807,7,6674,20627,1.0,2017-09-05T05:00:00,1770,0.098425,6,2,NA
8985,N/A,29.43,180,[],2017-09-11T05:00:00,1786,6,2,1.25,Riverine,22218,0911_1033,"On park restroom. Shot same mark twice, had to extend out from roof line to shoot.",,2,5,0.1,,,29.54681,-95.19518,8,5805,21537,1.0,2017-09-11T05:00:00,1786,0.15,6,2,Clear Creek
8465,N/A,8.961,180,[],2017-09-08T05:00:00,1760,1,2,2.0,Riverine,21809,0908_1215_1,Mud line in the tree behind the fence of the owners home.,,1,1,0.03,,,28.70641,-95.97616,2,5532,21299,1.0,2017-09-11T05:00:00,1787,0.058068,6,2,Unknown
9580,N/A,84.5,180,[],2017-09-11T05:00:00,1834,1,2,0.0,Riverine,23043,0911_1535_2,"Wash line, LB, US side of bridge on apron.",,5,9,0.5,,,29.38616,-96.02296,3,6427,22007,1.0,2017-09-29T05:00:00,1854,,6,2,San Bernard River
8986,N/A,28.81,180,[],2017-09-11T05:00:00,1786,6,2,4.05,Riverine,22219,0911_1044,On window of dentist's office. Shot same mark twice.,,2,6,0.1,,,29.53618,-95.20348,8,5806,21538,1.0,2017-09-11T05:00:00,1786,0.06,6,2,Marys Creek
10037,Left,23.65,180,[],2017-09-14T05:00:00,1846,1,2,0.63,Riverine,23412,0914_1625_2,Nail in 28inch tree ~25ft DS of the first debris line marked on this page.  Left Bank. Marked with orange paint and flagging.,,4,5,0.3,,,29.68023,-95.27648,5,6660,22195,1.0,2017-09-25T05:00:00,1645,,6,2,Sims Bayou
10068,N/A,35.05,180,[],2017-09-03T05:00:00,1760,1,2,3.15,Riverine,20849,0903_0930_5A,PAINT MARK BEHIND THE POST OFFICE,,2,2,0.1,,,28.45612,-96.88993,7,6675,20628,1.0,2017-09-05T05:00:00,1770,0.098425,6,2,NA
8466,N/A,8.579,180,[],2017-09-08T05:00:00,1760,1,2,0.0,Riverine,21810,0908_1215_2,Debris behind the mans fence. Closer to the road.,,1,2,0.03,,,28.70641,-95.97616,4,5532,21299,1.0,2017-09-11T05:00:00,1787,0.058068,6,2,Unknown
9591,N/A,85.43,180,[],2017-09-11T05:00:00,1834,1,2,2.6,Riverine,23045,0911_1712_2,"Located on telephone pole ""63G-15T"" at corner of Pharris Drive and Boyett Drive behind street sign.",,5,5,0.5,,,29.38704,-95.97806,5,6431,22008,1.0,2017-09-28T05:00:00,1854,,6,2,San Bernard River
10069,N/A,33.84,180,[],2017-09-03T05:00:00,1760,1,2,2.35,Coastal,20850,0903_0930_5Al,END OF HAND RAIL ON RIGHT HAND SIDE MARKED WITH PAINT,Not the best mark of the two.,2,2,0.1,,,28.45612,-96.88993,3,6675,20628,1.0,2017-09-05T05:00:00,1770,0.098425,6,2,NA
8987,N/A,28.71,180,[],2017-09-11T05:00:00,1786,6,2,4.05,Riverine,22220,0911_1045,On window of dentist's office. Shot same mark twice.,,2,6,0.1,,,29.53618,-95.20348,8,5806,21538,1.0,2017-09-11T05:00:00,1786,0.09,6,2,Marys Creek
9418,Left,87.529,180,[],2017-09-13T04:00:00,1780,1,2,1.7,Riverine,22661,0913_1104_2,On base of tree trunk immediately upstream of parking lot with tape and paint,,1,1,0.05,,,30.92469,-94.15694,5,,21816,1.0,2017-09-23T04:00:00,1722,0.1083,6,2,Unknown
9588,N/A,85.39,180,[],2017-09-11T05:00:00,1834,1,2,5.9,Riverine,23046,0911_1648_1,Located in treeline on left side of Pharris Dr as traveling south from intersection with Boyett Rd.,,5,5,0.5,,,29.3852,-95.97939,5,6430,22010,1.0,2017-09-29T05:00:00,1854,,6,2,San Bernard River
9253,N/A,34.04,180,[],2017-09-17T05:00:00,1836,1,2,0.0,Riverine,23518,0917_1655_2,Debris line LBUS of small drainage ditch ~180' from Wallisville Rd.,,4,2,0.4,,,29.81871,-95.05511,7,5954,22243,1.0,2017-09-23T05:00:00,1645,,6,2,unknown
8467,N/A,3.095,180,[],2017-09-08T05:00:00,1760,1,2,0.0,Riverine,21811,0908_1315_1,Debris line on the pavement of the boat docks,,1,2,0.02,,,28.7004,-95.9395,2,5533,21303,1.0,2017-09-11T05:00:00,1787,0.058068,6,2,Unknown
10070,N/A,34.31,180,[],2017-09-03T05:00:00,1760,1,2,2.75,Coastal,20851,0903_0915_5,PAINT MARK ON SIDE OF WHITE HOUSE. APPROX 10 FT FROM STOP SIGN THAT IS MARKED WITH TAPE.,Used the better of two marks on the wall.,2,1,,,,28.45557,-96.88658,3,6676,20629,1.0,2017-09-05T05:00:00,1770,0.098425,6,2,NA
8442,Left,96.48,180,[],2017-09-20T05:00:00,1834,1,2,3.0,Riverine,22662,21817 HWM,"Near 23444-23770 Brook Forest St., New Caney, TX. 77357. Home 150 ft North of Brook Forest Rd.",spotty satellite reception - had to wait a bit for PDOP to lower. Finished survey in the dark.,2,5,0.1,,,30.17536,-95.22828,8,5518,21817,1.0,2017-09-20T05:00:00,1840,0.1,6,2,Caney Creek
7748,N/A,118.314,180,[],2017-09-06T05:00:00,1599,1,2,0.0,Riverine,21199,2,stake next to culvurt across from the intersection of hidden creek and river ridge,,4,2,0.4,,,29.7401,-96.04173,7,,20880,0.0,2017-09-11T05:00:00,1770,0.06,6,2,brazos river
8468,N/A,2.828,180,[],2017-09-08T05:00:00,1760,1,2,0.0,Riverine,21812,0908_1315_2,Seed line on the wood near the docks,,1,5,0.02,,,28.7004,-95.9395,2,5533,21303,1.0,2017-09-11T05:00:00,1787,0.058068,6,2,Unknown
9589,N/A,85.67,180,[],2017-09-11T05:00:00,1834,1,2,1.9,Riverine,23047,0911_1648_2,Located in treeline on left side of Pharris Dr as traveling south from intersection with Boyett Rd.,,5,5,0.5,,,29.38612,-95.97871,5,6430,22010,1.0,2017-09-29T05:00:00,1854,,6,2,San Bernard River
8469,N/A,3.863,180,[],2017-09-08T05:00:00,1760,1,2,1.15,Riverine,21813,0908_1315_3,Debris snag in the fence,,1,2,0.03,,,28.7004,-95.9395,2,5533,21303,1.0,2017-09-11T05:00:00,1787,0.058068,6,2,Unknown
8366,Left,71.6,180,[],2017-09-11T05:00:00,1791,1,2,0.0,Riverine,22221,0911_1700_1,Concrete south side of bridge,Wash line - dirty concrete was washed by flood - clean below line,3,9,0.2,,,28.84108,-97.01182,3,5466,21539,1.0,2017-09-22T05:00:00,1760,0.136,6,2,Spring Creek
8824,Right,19.55,180,[],2017-09-09T05:00:00,1786,6,2,0.0,Riverine,21814,0909_1014,,,3,1,0.2,,,29.06198,-95.49812,8,5712,21307,1.0,2017-09-09T05:00:00,1786,0.06,6,2,Buffalo Camp Bayou
8428,N/A,236.67,180,[],2017-09-10T05:00:00,1834,1,2,0.0,Riverine,22631,HWM1,"Wash line, DS, RIGHT, end of bridge on FM 3081","good debris line in grass near bridge end, and confirming fine debris line on DS face of bridge girder. Peak was about 0.5 ft above low chord of bridge.",3,2,0.2,,,30.42977,-95.32621,7,5509,21798,1.0,2017-09-20T05:00:00,1840,0.09,6,2,San Jacinto River
8494,Left,51.21,180,[],2017-09-04T05:00:00,1786,6,2,0.0,Riverine,20855,0904_1722,,,3,2,0.2,,,28.99292,-95.96324,8,5544,20638,1.0,2017-09-04T05:00:00,1786,0.27,6,2,Cottonwood Creek
8825,Right,19.58,180,[],2017-09-09T05:00:00,1786,6,2,0.0,Riverine,21815,0909_1015,,,3,1,0.2,,,29.062,-95.49813,8,5712,21307,1.0,2017-09-09T05:00:00,1786,0.05,6,2,Buffalo Camp Bayou
8990,N/A,31.95,180,[],2017-09-11T05:00:00,1786,6,2,2.4,Riverine,22222,0911_1109,On fence,,3,5,0.2,,,29.59138,-95.19947,8,5808,21540,1.0,2017-09-11T05:00:00,1786,0.18,6,2,Turkey Creek
8991,N/A,31.84,180,[],2017-09-11T05:00:00,1786,6,2,0.35,Riverine,22223,0911_1110,On fence,,3,5,0.2,,,29.5914,-95.19944,8,5808,21540,1.0,2017-09-11T05:00:00,1786,0.14,6,2,Turkey Creek
8470,N/A,7.919,180,[],2017-09-08T05:00:00,1760,1,2,1.12,Riverine,21816,0908_1330_1,Seed line along the white fence,,1,5,0.01,,,28.6942,-95.9763,4,5534,21308,1.0,2017-09-11T05:00:00,1787,0.058068,6,2,Unknown
9596,Right,79.73,180,[],2017-09-11T05:00:00,1834,1,2,1.81,Riverine,23049,0911_1824_1,"Snake Crk and Tierra Grande Dr on RB, DS side of bridge.",,5,5,0.5,,,29.36785,-95.93117,3,6433,22011,1.0,2017-09-30T05:00:00,1854,,6,2,San Bernard River
8495,Left,50.2,180,[],2017-09-04T05:00:00,1786,6,2,0.0,Riverine,20856,0904_1725,,,3,2,0.2,,,28.99235,-95.96329,8,5544,20638,1.0,2017-09-04T05:00:00,1786,0.1,6,2,Cottonwood Creek
9419,Left,181.338,180,[],2017-09-13T04:00:00,1780,1,2,2.7,Riverine,22665,0913_1130_2,On tree on left bank 23 feet from channel with tape and paint,,2,2,0.1,,,30.93775,-94.08719,5,,21818,1.0,2017-09-19T04:00:00,1722,0.1523,6,2,Unknown
8496,Right,23.52,180,[],2017-09-04T05:00:00,1786,6,2,3.15,Riverine,20857,0904_1651,,More confidence in this HWM than in 0904_1653,4,2,0.4,,,28.89101,-95.90856,8,,20639,0.0,2017-09-04T05:00:00,1786,0.14,6,2,Payton Creek
8994,N/A,43.18,180,[],2017-09-11T05:00:00,1786,6,2,0.0,Riverine,22224,0911_1135,NW of high school,,4,2,0.4,,,29.59253,-95.2511,8,5810,21541,1.0,2017-09-11T05:00:00,1786,0.17,6,2,Clear Creek
7867,N/A,362.5,180,[],2017-09-09T05:00:00,1762,1,2,0.0,Riverine,23050,0909_1940_2,Debris line on the concrete of the bridge,"Established temp Bench Mark to survey HWM 1 with level gun, notes uploaded for survey",1,2,,,,29.58065,-97.14366,4,5273,22009,1.0,2017-09-19T05:00:00,1760,,6,2,Rocky Creek
9597,N/A,79.84,180,[],2017-09-11T05:00:00,1834,1,2,2.8,Riverine,23051,0911_1824_2,"Wash line on LB, US side of bridge.",,5,9,0.5,,,29.36748,-95.93111,3,6433,22011,1.0,2017-09-30T05:00:00,1854,,6,2,San Bernard River
8471,N/A,7.755,180,[],2017-09-08T05:00:00,1760,1,2,0.42,Riverine,21818,0908_1330_3,debris snag along the fence,,1,2,0.03,,,28.6942,-95.9763,4,5534,21308,1.0,2017-09-11T05:00:00,1787,0.058068,6,2,Unknown
8497,Right,21.61,180,[],2017-09-04T05:00:00,1786,6,2,0.0,Riverine,20858,0904_1653,,,4,2,0.4,,,28.89114,-95.90883,8,5545,20639,1.0,2017-09-04T05:00:00,1786,0.14,6,2,Payton Creek
8963,N/A,156.53,180,[],2017-09-12T05:00:00,1839,6,2,,Riverine,25120,hwm1,"Lat  29.62217 Long -96.22569
Located on pole by right side of gate that leads into pond on right side of road about 150 feet after first turn.",,2,2,0.1,,,29.62217,-96.22569,5,5791,23140,1.0,2017-09-23T05:00:00,1839,0.0237,6,1,gulf of mexico
8472,N/A,6.963,180,[],2017-09-08T05:00:00,1760,1,2,0.0,Riverine,21820,0908_1350_1,Debris line between the road and ditch,,1,2,0.03,,,28.6923,-95.9698,2,5535,21311,1.0,2017-09-11T05:00:00,1787,0.058068,6,2,Unknown
10041,N/A,4.32,180,[],2017-09-02T04:00:00,1744,1,2,,Coastal,20861,0902_1530_6b,"Same as 6, several feet away along debris line.",Elevation is final. No further adjustments necessary.,5,2,0.5,,,27.9452778,-97.1133611,3,6661,20592,1.0,2017-09-04T04:00:00,1744,0.206693,6,2,NA
8498,Right,22.88,180,[],2017-09-04T05:00:00,1786,6,2,4.0,Riverine,20859,0904_1616,,,4,2,0.4,,,28.87071,-95.91151,8,5546,20640,1.0,2017-09-04T05:00:00,1786,0.14,6,2,Payton Creek
7769,N/A,165.466,180,[],2017-09-06T05:00:00,1599,1,2,3.39,Riverine,21165,1,"tree on the south side of the road on the east side of the bridge in the fence line.  marked with tab, nail and pink tape",,2,5,,,,29.91801,-96.00157,6,5247,20867,1.0,2017-09-11T05:00:00,1770,,6,2,bessies creek
8499,Right,23.12,180,[],2017-09-04T05:00:00,1786,6,2,3.7,Riverine,20860,0904_1618,,,4,2,0.4,,,28.87077,-95.91193,8,5546,20640,1.0,2017-09-04T05:00:00,1786,0.11,6,2,Payton Creek
8830,Left,30.04,180,[],2017-09-09T05:00:00,1786,6,2,0.0,Riverine,21819,0909_1106,Downstream from bridge near gage.,,2,1,0.1,,,29.1436,-95.60529,8,5715,21310,1.0,2017-09-09T05:00:00,1786,0.14,6,2,Brazos River
8500,Right,23.06,180,[],2017-09-04T05:00:00,1786,6,2,3.6,Riverine,20862,0904_1619,,,4,2,0.4,,,28.87077,-95.91197,8,5546,20640,1.0,2017-09-04T05:00:00,1786,0.09,6,2,Payton Creek
9598,Left,78.78,180,[],2017-09-11T05:00:00,1834,1,2,5.3,Riverine,23053,0911_1841_1,Located on left side of road as driving towards Snake Crk and dead end of Moody Rd. Approximately 2.8 miles from intersection.,,5,1,0.5,,,29.3483,-95.91992,5,6434,22012,1.0,2017-09-30T05:00:00,1854,,6,2,San Bernard River
8473,N/A,6.454,180,[],2017-09-08T05:00:00,1760,1,2,1.38,Riverine,21821,0908_1350_2,Debris line on the post nearest the drain,,1,2,0.02,,,28.6923,-95.9698,4,5535,21311,1.0,2017-09-11T05:00:00,1787,0.058068,6,2,Unknown
7470,N/A,19.005,180,[],2017-09-02T05:00:00,1834,1,2,,Riverine,25032,0902_1700_2,,,2,2,,,,27.8914444,-97.237333,,5109,20586,1.0,2017-09-04T05:00:00,1834,0.114829,6,2,NA
8501,Right,15.85,180,[],2017-09-04T05:00:00,1786,6,2,0.0,Riverine,20863,0904_1542,,,3,2,0.2,,,28.83435,-95.88093,8,5547,20641,1.0,2017-09-04T05:00:00,1786,0.11,6,2,Payton Creek
9869,N/A,41.94,180,[],2017-09-15T05:00:00,1833,1,2,0.0,Riverine,23054,0915_0935_1,Debris line marked with painted stake at base of railroad track.  South of highway on west bank.,,4,2,0.4,,,30.046307,-94.349993,7,6639,22013,1.0,2017-09-22T05:00:00,1837,0.11,6,2,Canal
10263,N/A,33.31,180,[],2017-09-22T05:00:00,1834,1,2,2.56,Riverine,24420,0922_1922_1,"Nail in tree, north side of road, opposite fence~60ft down the left ""Y"", marked with paint and flagging.",,2,5,0.08,,,29.82835,-94.94084,5,6710,22748,1.0,2017-09-29T05:00:00,1727,0.08,6,2,Cedar Bayou
7772,N/A,165.436,180,[],2017-09-06T05:00:00,1599,1,2,3.47,Riverine,21168,3,first telephone pole on the south side of the road on the east side of the bridge,,3,4,,,,29.91801,-96.00157,6,5247,20867,1.0,2017-09-11T05:00:00,1770,,6,2,Bessies Creek
8431,N/A,143.08,180,[],2017-09-10T05:00:00,1834,1,2,4.2,Riverine,22635,0910_0940_1,Wash line East side of bridge along Old Hwy. 105.,"dIRECT tape-down from the RTK RM on top of RR bridge abutment. This is the US side (west end of bridge). Little confirming info to support the orange paint mark - does match well with vague wash line in the RR gravel, about 10 feet away.",5,9,0.5,,,30.3128,-95.2228,3,5511,21800,1.0,2017-09-20T05:00:00,1840,0.08,6,2,San Jacinto River
8503,Right,14.97,180,[],2017-09-04T05:00:00,1786,6,2,0.0,Riverine,20865,0904_1544,,,3,2,0.2,,,28.83433,-95.88107,8,5547,20641,1.0,2017-09-04T05:00:00,1786,0.19,6,2,Payton Creek
8831,Left,30.02,180,[],2017-09-09T05:00:00,1786,6,2,0.0,Riverine,21822,0909_1107,Downstream from bridge near gage,,2,1,0.1,,,29.14354,-95.60525,8,5715,21310,1.0,2017-09-09T05:00:00,1786,0.15,6,2,Brazos River
8502,Right,15.21,180,[],2017-09-04T05:00:00,1786,6,2,0.0,Riverine,20864,0904_1543,,,3,2,0.2,,,28.83434,-95.88097,8,5547,20641,1.0,2017-09-04T05:00:00,1786,0.16,6,2,Payton Creek
8980,Right,27.13,180,[],2017-09-11T05:00:00,1786,6,2,0.0,Riverine,22214,0911_1014,Downstream from bridge,,4,2,0.4,,,29.51914,-95.20679,8,5804,21535,1.0,2017-09-11T05:00:00,1786,0.06,6,2,Cowart Creek
8973,N/A,17.73,180,[],2017-09-11T05:00:00,1786,6,2,3.5,Riverine,22204,0911_0915,On window. Had to extend out away from building.,,3,5,0.2,,,29.50825,-95.13275,8,5799,21530,1.0,2017-09-11T05:00:00,1786,0.16,6,2,Clear Creek
9845,Right,26.851,180,[],2017-09-06T05:00:00,1744,1,2,,Riverine,21410,0906_1730_1,"Texas HWY 521, bridge at Big Boggy Creek. HWM is a seed line under the bridge on bridge abutment, right upstream side, mark considered good. Tape down from mark was 1.13 feet to bridge apron.",Mark is not accessible for survey. Traced line to accessible point with hand level.,2,5,0.1,,,28.80742,-95.95085,4,6346,20885,1.0,2017-09-06T05:00:00,1744,0.131234,6,2,Big Boggy Creek
8474,N/A,6.595,180,[],2017-09-08T05:00:00,1760,1,2,0.0,Riverine,21823,0908_1350_3,Debris line near the stop sign,,1,2,0.03,,,28.6923,-95.9698,2,5535,21311,1.0,2017-09-11T05:00:00,1787,0.058068,6,2,Unknown
10042,N/A,11.954,180,[],2017-09-04T04:00:00,1744,1,2,,Coastal,20866,0904_1545_4,"seed line in garage of new construction, mark is fair.",Elevation is final. No further adjustments necessary.,3,5,0.2,,,27.99133,-97.14952,4,6662,20594,1.0,2017-09-04T04:00:00,1744,0.206693,6,2,NA
9420,Left,116.7,180,[],2017-09-13T04:00:00,1780,1,2,1.2,Riverine,22671,0913_1300_2,On base of tree on left bank 42 feet from road,,3,2,0.2,,,30.98341,-94.13654,5,6061,21821,1.0,2017-09-23T04:00:00,1722,0.1083,6,2,Unknown
9191,N/A,22.628,180,[],2017-09-18T05:00:00,1762,1,2,6.11,Riverine,23790,0918_1305_2,"ORANGE TAPE+BLACK SHARPIE LINE ON CORNER POST OF CHAINLINK FENCE, ACROSS FROM HORSE RANCH","Points at site are visibly different in elevation.  Not clear mark at either site, so no way of telling which is better.",1,5,0.02,,,30.18943,-94.14446,2,5918,22392,1.0,2017-09-22T05:00:00,1770,0.049213,6,2,unknown
9001,Left,39.6,180,[],2017-09-11T05:00:00,1786,6,2,0.0,Riverine,22226,0911_1201,In vegetation. Water was over bridge. Flood Control employees said gage read 39.6 at peak.,,4,2,0.4,,,29.55616,-95.25185,8,5811,21542,1.0,2017-09-11T05:00:00,1786,0.06,6,2,Clear Creek
10043,N/A,9.27,180,[],2017-09-04T04:00:00,1744,1,2,,Coastal,20867,0904_1805_3,"HWM, on apartment door D2 at the Villas",Elevation is final. No further correction is necessary.,2,5,0.1,,,28.04247,-97.12103,8,6663,20596,1.0,2017-09-04T04:00:00,1744,0.206693,6,2,NA
9600,Left,78.64,180,[],2017-09-11T05:00:00,1834,1,2,4.9,Riverine,23056,0911_1841_2,Located on right side of road as driving towards Snake Crk and dead end of Moody Rd. Approximately 150 feet north of first mark.,,5,5,0.5,,,29.34925,-95.92081,5,6434,22012,1.0,2017-09-30T05:00:00,1854,,6,2,San Bernard River
8320,N/A,6.845,180,[],2017-09-04T05:00:00,1760,1,2,0.0,Coastal,21411,0904_1107_1,Debris line behind the Brazoria National Wildlife Refuge sign,,1,2,0.01,,,29.0636,-95.3213,7,5438,21015,1.0,2017-09-12T05:00:00,1787,0.00392,6,2,Gulf of America
9002,Left,39.55,180,[],2017-09-11T05:00:00,1786,6,2,0.0,Riverine,22227,0911_1202,In vegetation,,4,2,0.4,,,29.55616,-95.25185,8,12594,21542,1.0,2017-09-11T05:00:00,1786,0.06,6,2,Clear Creek
10224,N/A,91.04,180,[],2017-09-22T05:00:00,1762,1,2,1.7,Riverine,24753,0922_1410_1,"Fair seed line on 8"" pine on DS LT floodplain",,2,5,0.1,,,30.73735,-93.70081,5,6624,22821,1.0,2017-09-22T05:00:00,1727,0.13,6,2,Davis Creek
8434,Right,124.02,180,[],2017-09-19T05:00:00,1834,1,2,0.0,Riverine,22638,21801_HWM,"Debris line, created at REW at peak.","HWM is debris line between ditch and road. Debris line was NOT created by water in ditch, but by Peach Creek.",3,9,0.2,,,30.2831,-95.1791,5,5512,21801,1.0,2017-09-19T05:00:00,1840,0.08,6,2,Peach Creek
8880,Left,35.05,180,[],2017-09-09T05:00:00,1786,6,2,2.15,Riverine,21824,0909_1129,,,2,5,0.1,,,29.20411,-95.47529,8,5759,21312,1.0,2017-09-09T05:00:00,1786,0.17,6,2,Oyster Creek
8993,N/A,62.602,180,[],2017-09-12T05:00:00,1834,1,2,0.0,Riverine,23218,0912_1155_1,WASH LINE; ORANGE SPRAY PAINT. ON LEFT DOWNSTREAM APRON; MARKER AT BOTTOM OF PAINT LINE,,3,9,0.2,,,30.38436,-94.76456,3,5809,22100,1.0,2017-09-18T05:00:00,1770,0.082021,6,2,Trinity River
9424,Left,116.724,180,[],2017-09-13T04:00:00,1780,1,2,1.3,Riverine,22672,0913_1329_1,On base of tree downstream of bridge 20 feet from left bank with tape and paint,,2,2,0.1,,,31.01491,-94.16133,5,,21822,1.0,2017-09-23T04:00:00,1722,0.1803,6,2,Unknown
8321,N/A,7.448,180,[],2017-09-04T05:00:00,1760,1,2,1.42,Coastal,21412,0904_1107_2,Smaller yellow sign behind the stop sign.,,1,1,0.01,,,29.0636,-95.3213,2,5438,21015,1.0,2017-09-12T05:00:00,1787,0.00392,6,2,Gulf of America
9425,N/A,115.366,180,[],2017-09-13T04:00:00,1780,1,2,0.0,Riverine,22673,0913_1329_2,On apron of culvert on upstream side of bridge with paint on left and right banks,,3,1,0.15,,,31.01491,-94.16133,3,6063,21822,1.0,2017-09-23T04:00:00,1722,0.1803,6,2,Unknown
9594,N/A,80.11,180,[],2017-09-11T05:00:00,1834,1,2,3.6,Riverine,23057,0911_1728_1,North side of bridge on side of sign for private lake facing away from road.,,5,5,0.5,,,29.34779,-95.9457,5,6432,22014,1.0,2017-09-30T05:00:00,1854,,6,2,San Bernard River
10265,N/A,30.17,180,[],2017-09-22T05:00:00,1834,1,2,5.02,Riverine,24423,0922_1810_1,"Nail in dead 24inch tree, right side of drive way to Chevron Storage yard, ~45ft from the chain link fence, marked with orange flag and paint.",,2,5,0.08,,,29.8219,-94.91257,5,6711,22749,1.0,2017-09-29T05:00:00,1727,0.08,6,2,Cedar Bayou
8505,Right,30.0,180,[],2017-09-04T05:00:00,1786,6,2,0.0,Riverine,20868,0904_1457,DS from bridge near trailer,,4,2,0.4,,,28.83579,-95.9396,8,5548,20642,1.0,2017-09-04T05:00:00,1786,0.12,6,2,Big Boggy Creek
8881,Left,34.36,180,[],2017-09-09T05:00:00,1786,6,2,1.15,Riverine,21825,0909_1131,Might be affected by vehicle splashing.,,2,1,0.1,,,29.20423,-95.47538,8,5759,21312,1.0,2017-09-09T05:00:00,1786,0.14,6,2,Oyster Creek
9000,Left,39.65,180,[],2017-09-11T05:00:00,1786,6,2,0.0,Riverine,22228,0911_1239,Upstream from bridge,,3,2,0.2,,,29.53033,-95.25339,8,5811,21543,1.0,2017-09-11T05:00:00,1786,0.05,6,2,Cowart Creek
9194,N/A,55.45,180,[],2017-09-13T05:00:00,1760,1,2,2.6,Riverine,23425,0913_1615_1,"USGS white plastic marker nailed on tree approximately 200 ft W of creek bridge, S side of CR 784",level III,5,2,0.5,,,30.4039,-93.98002,4,5920,22197,1.0,2017-09-29T05:00:00,13,0.03,6,2,Gum Slough to Sabine River
9595,N/A,80.26,180,[],2017-09-11T05:00:00,1834,1,2,5.2,Riverine,23058,0911_1728_2,South side of bridge on telephone pole.,,5,5,0.5,,,29.34728,-95.94595,5,6432,22014,1.0,2017-09-30T05:00:00,1854,,6,2,San Bernard River
9536,N/A,124.76,180,[],2017-09-09T05:00:00,1762,1,2,5.15,Riverine,22601,0909_1747_2,"Lat 29.34127 Long -96.23207
Marker located on oak tree across from 313 River Valley Dr., Wharton, TX. 77488",,5,1,0.5,,,29.34127,-96.23207,5,6413,21786,1.0,2017-10-08T05:00:00,1645,0.302,6,2,unknown
9471,Left,197.66,180,[],2017-09-09T05:00:00,1791,1,2,0.0,Riverine,21826,0909_1715_1,Concrete SE of bridge,,4,2,0.4,,,30.22811,-95.70878,3,6092,21313,1.0,2017-10-07T05:00:00,1645,0.01,6,2,Mill Creek
8995,N/A,43.27,180,[],2017-09-11T05:00:00,1786,6,2,0.0,Riverine,22225,0911_1136,NW of high school,,4,2,0.4,,,29.59252,-95.25111,8,5810,21541,1.0,2017-09-11T05:00:00,1786,0.18,6,2,Clear Creek
9003,Left,39.51,180,[],2017-09-11T05:00:00,1786,6,2,0.0,Riverine,22229,0911_1243,Upstream from bridge.,,3,2,0.2,,,29.5303,-95.25343,8,5811,21543,1.0,2017-09-11T05:00:00,1786,0.06,6,2,Cowart Creek
9150,N/A,28.81,180,[],2017-09-14T05:00:00,1846,1,2,0.0,Riverine,23392,0914_0947_1,"Debris line in the SE corner of the park, next to road and metal pylons.  29.71587, -95.27151",,5,2,0.5,,,29.71587,-95.27151,7,5899,22187,1.0,2017-09-25T05:00:00,1645,,7,2,Buffalo Bayou
9005,Right,46.01,180,[],2017-09-11T05:00:00,1786,6,2,0.0,Riverine,22231,0911_1258,Downstream from bridge,,3,5,0.2,,,29.553,-95.28102,8,5814,21546,1.0,2017-09-11T05:00:00,1786,0.11,6,2,Marys Creek
8902,N/A,27.44,180,[],2017-09-09T05:00:00,1786,6,2,2.98,Riverine,21828,0909_1153,On north Bar X Ranch sign,,2,1,0.1,,,29.11483,-95.53467,8,5760,21314,1.0,2017-09-09T05:00:00,1786,0.17,6,2,Brazos River
8506,Left,8.66,180,[],2017-09-04T05:00:00,1786,6,2,0.0,Riverine,20871,0904_1435,Downstream from bridge,,3,2,0.2,,,28.75718,-95.93303,8,5549,20643,1.0,2017-09-04T05:00:00,1786,0.18,6,2,Little Boggy Creek
7909,Right,51.47,180,[],2017-09-11T05:00:00,1822,1,2,1.2,Riverine,22230,0911_1700,,,1,1,,,,29.02127,-96.56845,6,5302,21545,1.0,2017-09-19T05:00:00,1839,0.0112,6,1,Texanna  lake
8327,N/A,9.737,180,[],2017-09-04T05:00:00,1760,1,2,0.0,Coastal,21415,0904_1130_3,Debris Mark on the eastern end of the road.,,1,1,0.02,,,29.0676,-95.3598,,5441,21016,1.0,2017-09-12T05:00:00,1787,0.00392,6,2,Gulf of America
9703,N/A,117.13,180,[],2017-09-13T05:00:00,1772,2,2,5.34,Riverine,22676,0913_0828,Debris line on chain link fence of tennis court,,3,2,0.2,,,29.99411,-95.54108,8,6227,21825,1.0,2017-09-13T05:00:00,1772,0.0656,7,2,Cypress Cr
7854,Right,277.707,180,[],2017-09-08T05:00:00,1822,1,2,0.0,Riverine,21886,1430,Paint line where mud and bird droppings was scoured from concrete skirt,"Time of discovery used as label; surveyed at hwm line, did not use height above ground",4,1,,,,29.51374,-97.42617,3,5265,21217,1.0,2017-09-18T05:00:00,1767,0.12,6,2,Kerr creek
7481,N/A,26.767,180,[],2017-09-03T05:00:00,1760,1,2,1.45,Coastal,20828,0903_1650_6,ON THE BACK SIDE OF THE COMMUNITY CENTER IS A MUD LINE MARKED WITH A PENCIL. LOOK FOR FLAG AND TAPE.,,3,1,,,,28.39095,-96.83952,4,5114,20613,1.0,2017-09-06T05:00:00,1770,0.098425,6,2,NA
8507,Left,9.03,180,[],2017-09-04T05:00:00,1786,6,2,0.0,Riverine,20872,0904_1436,Downstream from bridge.,,3,2,0.2,,,28.75718,-95.93315,8,5549,20643,1.0,2017-09-04T05:00:00,1786,0.12,6,2,Little Boggy Creek
8996,N/A,51.847,180,[],2017-09-12T05:00:00,1834,1,2,8.71,Riverine,23220,0912_1320_1,ORANGE TAPE ATTACHED TO ORANGE PAINTED NAIL ON TELEPHONE POLE ON LAKEVIEW DR. TOP EDGE OF NAIL HEAD MARKS THE SEED LINE. GPS COORDINATES TAKEN AT HWM1,,1,5,0.02,,,30.29077,-94.80543,5,5812,22101,1.0,2017-09-18T05:00:00,1770,0.082021,6,2,Trinity River
8316,N/A,6.771,180,[],2017-09-04T05:00:00,1760,1,2,1.05,Coastal,21416,0904_1217_1,Green Att Box at the intersection,,1,5,0.01,,,29.11175,-95.37351,2,5446,21018,1.0,2017-09-12T05:00:00,1787,0.00392,6,2,Gulf of America
7980,Left,303.567,180,[],2017-09-12T05:00:00,1822,1,2,0.0,Riverine,22678,0912_1540,Left bank downstream on dirt 10 feet from bridge,,1,1,,,,29.6823,-96.88776,6,5330,21826,1.0,2017-09-19T05:00:00,1834,0.11,6,2,Black Bayou Creek
7887,N/A,290.676,180,[],2017-09-10T05:00:00,1822,1,2,0.0,Riverine,22091,1030,just upstream from where Kirkham rd meets Little pin oak creek 20 ft east and streamward of child crossing sign,,4,1,,,,29.99859,-97.04358,3,5289,21466,1.0,2017-09-20T05:00:00,1760,0.23,6,2,Little Pin Oak creek
7472,N/A,3.625,180,[],2017-09-02T05:00:00,1834,1,2,,Riverine,25039,0902_1645_2,"DEBRIS LINE NEAR THE PARKING LOT ON SAME LINE AS OTHER MARK IN ALTERNATE LOCATION, FLAGS AND PAINT.",,2,2,,,,27.8848333,-97.1541944,,5110,20588,1.0,2017-09-04T05:00:00,1834,0.114829,6,2,NA
7893,N/A,300.853,180,[],2017-09-09T05:00:00,1760,1,2,0.5,Riverine,24321,0910_1145,Upstream rt bank 12 wooden guard post from bridge faint line on post good lines in trees nearby,,2,2,,,,30.01763,-97.05989,5,5291,22696,1.0,2017-09-20T05:00:00,1760,0.23,6,2,Pin Oak Creek
7745,N/A,127.684,180,[],2017-09-06T05:00:00,1599,1,2,7.23,Riverine,21177,1,"telephone pole on SE side of bridge just past driveway   pole has numbers 2430 and 2432 in aluminum plates.  nail, tab and pink flagger tape",,3,5,0.2,,,29.79306,-96.08163,6,5236,20872,1.0,2017-09-11T05:00:00,1770,0.06,6,2,brazos river
8508,Right,9.73,180,[],2017-09-04T05:00:00,1786,6,2,0.0,Riverine,20873,0904_1438,Downstream from bridge,,3,2,0.2,,,28.75717,-95.91691,8,5549,20643,1.0,2017-09-04T05:00:00,1786,0.17,6,2,Little Boggy Creek
8904,N/A,29.33,180,[],2017-09-09T05:00:00,1786,6,2,0.0,Riverine,21830,0909_1207,At high point of Hwy median,,4,1,0.4,,,29.14619,-95.54136,8,5761,21315,1.0,2017-09-09T05:00:00,1786,0.14,6,2,Brazos River
9006,Right,45.9,180,[],2017-09-11T05:00:00,1786,6,2,0.0,Riverine,22232,0911_1259,Downstream from bridge,,3,5,0.2,,,29.55299,-95.28104,8,5814,21546,1.0,2017-09-11T05:00:00,1786,0.1,6,2,Marys Creek
9707,N/A,121.9,180,[],2017-09-13T05:00:00,1772,2,2,0.0,Riverine,22677,0913_0900,Pine needle debris line,,4,2,0.4,,,29.98728,-95.52176,8,6231,21827,1.0,2017-09-13T05:00:00,1772,0.1684,7,2,Cypress Creek
7911,N/A,46.11,180,[],2017-09-11T05:00:00,1822,6,2,0.0,Riverine,22233,1730,Seed and debris line at boat ramp and surrounding grass,,1,1,,,,29.02528545,-96.54916667,3,5303,21547,1.0,2017-09-20T05:00:00,1839,0.0112,6,1,Texanna Lake
7749,N/A,119.196,180,[],2017-09-06T05:00:00,1599,1,2,6.13,Riverine,21204,1,marker and pink flagging tape on the entrance sign to brazos country owners association park on river ridge road,,1,4,,,,29.74451,-96.04016,4,5239,20881,1.0,2017-09-11T05:00:00,1770,,6,2,brazos river
7889,Right,297.584,180,[],2017-09-10T05:00:00,1822,1,2,,Riverine,22093,1110,Nail at top of mud line large tree just inside cut into open space downstream from Pilchuck road intersection,,1,1,,,,30.01009,-97.03794,6,5290,21472,1.0,2017-09-20T05:00:00,1760,0.23,6,2,Little Pin Oak Creek
8509,N/A,7.35,180,[],2017-09-04T05:00:00,1786,6,2,0.0,Riverine,20874,0904_1425,,,3,2,0.2,,,28.75771,-95.92074,8,5550,20644,1.0,2017-09-04T05:00:00,1786,0.11,6,2,Little Boggy Creek
9007,N/A,52.047,180,[],2017-09-12T05:00:00,1834,1,2,6.7,Riverine,23222,0912_1450_1,TREE (SAPLING) MARKED WITH TAPE 40 FT OFF THE NORTH SIDE OF ROAD. RED FLAG AT TELEPHONE POLE BASE (POLE HAS RED 147 MARKER ATTACHED). TELEPHONE POLE IS IN FRONT OF TREE. SCREENED IN DECK HOUSE AND WHITE ALTAR ACROSS STREET. STREET SIGN ACROSS ROAD SHOWS THE INTERSECTION OF VERN COURT AND CYPRESS LAKES CIRCLE.,,4,1,0.3,,,30.28968,-94.81793,2,5815,22102,1.0,2017-09-18T05:00:00,1770,0.082021,6,2,Trinity River
8510,N/A,7.34,180,[],2017-09-04T05:00:00,1786,6,2,0.0,Riverine,20875,0904_1426,,,2,2,0.1,,,28.75771,-95.92086,8,5550,20644,1.0,2017-09-04T05:00:00,1786,0.14,6,2,Little Boggy Creek
8905,N/A,29.39,180,[],2017-09-09T05:00:00,1786,6,2,0.0,Riverine,21831,0909_1208,At high point of hwy median,,4,1,0.4,,,29.1462,-95.54132,8,5761,21315,1.0,2017-09-09T05:00:00,1786,0.09,6,2,Brazos River
9008,N/A,51.358,180,[],2017-09-12T05:00:00,1834,1,2,6.43,Riverine,23223,0912_1450_2,"TREE MARKED WITH TAPE 30 FT. OFF NORTH SIDE OF ROAD. ""10-22"" GREEN SIGN RIGHT BELOW MARKER. ACROSS THE ROAD FROM SIGN THAT SHOWS INTESECTION OF BETTY DRIVE AND CYPRESS LAKE CIRCLE. GPS COORDS 30.28997, -94.82135",,4,1,0.3,,,30.28968,-94.81793,2,5815,22102,1.0,2017-09-18T05:00:00,1770,0.082021,6,2,Trinity River
9710,N/A,107.38,180,[],2017-09-13T05:00:00,1772,2,2,5.63,Riverine,22679,0913_1102,debris line on chain link fence around tennis court,,4,2,0.4,,,30.01855,-95.48399,8,6234,21828,1.0,2017-09-13T05:00:00,1772,0.1034,7,2,Cypress Cr
7981,N/A,268.755,180,[],2017-09-12T05:00:00,1822,1,2,,Riverine,22680,0912_1600,East Side of large red storage container yellow paint stripe,,1,3,,,,29.68869,-96.86626,3,5331,21829,1.0,2017-09-19T05:00:00,1834,0.1,6,2,Middle creek
7474,N/A,4.592,180,[],2017-09-02T05:00:00,1834,1,2,,Riverine,25041,0902_1630_2,DEBRIS LINE NEAR BOAT RAMP ON THE LEFT SIDE LOOKING AT RAMP,,2,2,,,,27.83755,-97.21978,,5111,20589,1.0,2017-09-04T05:00:00,1834,0.114829,6,2,NA
8476,N/A,81.299,180,[],2017-09-05T05:00:00,1776,1,2,0.0,Riverine,21590,0905_1230_2,Just off the sidewalk near the bridge. STN indicates uncertainty as Excellent. JMT changed Quality from Good to Excellent.,,1,2,0.02,,,29.6253,-95.7154,4,5536,21135,1.0,2017-10-07T05:00:00,1770,0.19,6,2,unknown
9247,N/A,51.1,180,[],2017-09-13T05:00:00,1760,1,2,1.9,Riverine,23429,0913_1645_1,"USGS plastic marker nailed on painted stake, south side of CR 784",level III,2,1,0.1,,,30.40207,-93.99517,4,5951,22199,1.0,2017-09-29T05:00:00,13,0.03,6,2,Gum Slough to Sabine River
7754,N/A,113.015,180,[],2017-09-06T05:00:00,1599,1,2,2.54,Riverine,21256,2,Fence post on S side of rt 1458 east of bridge on the right side of field access gate marked with painted nail and pink flagging tape,,2,5,,,,29.6616,-96.05042,5,5242,20906,1.0,2017-09-11T05:00:00,1770,,6,2,bessies creek
8906,N/A,34.58,180,[],2017-09-09T05:00:00,1786,6,2,0.0,Riverine,21832,0909_1238,,,4,5,0.4,,,29.21189,-95.59969,8,5762,21317,1.0,2017-09-09T05:00:00,1786,0.16,6,2,Brazos River
9009,N/A,54.08,180,[],2017-09-11T05:00:00,1786,6,2,0.0,Riverine,22234,0911_1326,Grass clippings and trash.,,4,2,0.4,,,29.59455,-95.37107,8,5816,21548,1.0,2017-09-11T05:00:00,1786,0.09,6,2,Clear Creek
9192,N/A,23.668,180,[],2017-09-18T05:00:00,1762,1,2,1.02,Riverine,23798,0918_1410_1,"ORANGE TAPE ON REBAR AT END OF WOODEN FENCE, NEXT TO BEIGE SHED AT CORNER PROPERTY, LEFT BANK OF CANAL",,1,5,0.04,,,30.16182,-94.16705,2,5919,22403,1.0,2017-09-22T05:00:00,1770,0.049213,6,2,unknown
8512,N/A,11.02,180,[],2017-09-04T05:00:00,1786,6,2,0.0,Riverine,20877,0904_1336,,,3,2,0.2,,,28.80073,-95.8461,8,5551,20645,1.0,2017-09-04T05:00:00,1786,0.2,6,2,Big Boggy Creek
8513,N/A,11.05,180,[],2017-09-04T05:00:00,1786,6,2,0.0,Riverine,20878,0904_1337,Along fence.,,3,2,0.2,,,28.80082,-95.84621,8,5551,20645,1.0,2017-09-04T05:00:00,1786,0.19,6,2,Big Boggy Creek
8907,N/A,33.99,180,[],2017-09-09T05:00:00,1786,6,2,0.0,Riverine,21833,0909_1239,,,4,5,0.4,,,29.21181,-95.59974,8,5762,21317,1.0,2017-09-09T05:00:00,1786,0.21,6,2,Brazos River
9012,N/A,57.05,180,[],2017-09-11T05:00:00,1786,6,2,0.0,Riverine,22236,0911_1343,,,4,2,0.4,,,29.57716,-95.39278,8,5817,21549,1.0,2017-09-11T05:00:00,1786,0.16,6,2,Clear Creek
9716,N/A,102.92,180,[],2017-09-13T05:00:00,1772,2,2,6.63,Riverine,22682,0913_1136,debris on barb-wire fence on electrical yard,,4,2,0.4,,,30.03142,-95.46253,8,6239,21832,1.0,2017-09-13T05:00:00,1772,0.1068,7,2,Cypress Cr
7770,N/A,165.479,180,[],2017-09-06T05:00:00,1599,1,2,4.27,Riverine,21166,2,"tree on the south side of the road on the east side of the bridge in the fence row marked with a nail, tab and pink flagger tape",,2,5,,,,29.91801,-96.00157,6,5247,20867,1.0,2017-09-11T05:00:00,1770,,6,2,Bessies Creek
8353,Left,64.2,180,[],2017-09-11T05:00:00,1791,1,2,3.68,Riverine,22237,0911_1730_1,Cluster of trees near bridge,,3,2,0.2,,,28.81011,-97.01421,6,,21550,0.0,2017-09-22T05:00:00,1760,0.136,6,2,Unnamed drainage
8514,N/A,10.91,180,[],2017-09-04T05:00:00,1786,6,2,0.0,Riverine,20879,0904_1338,Along fence.,,3,2,0.2,,,28.80108,-95.84651,8,5551,20645,1.0,2017-09-04T05:00:00,1786,0.17,6,2,Big Boggy Creek
8908,N/A,34.31,180,[],2017-09-09T05:00:00,1786,6,2,0.0,Riverine,21834,0909_1240,,,4,5,0.4,,,29.21191,-95.59966,8,5762,21317,1.0,2017-09-09T05:00:00,1786,0.18,6,2,Brazos River
9435,N/A,80.5,180,[],2017-09-07T04:00:00,1791,1,2,0.0,Riverine,21420,0907_1115_1,Near tree near fence for pool house,level 3 survey; +0.03' GNSS adjustment; field readings 80.449,2,5,0.1,,,29.62512,-95.6804,6,6069,21017,1.0,2017-09-20T04:00:00,900,0.1,6,2,Pumpkin Lake
9287,N/A,41.3,180,[],2017-09-13T05:00:00,1760,1,2,0.0,Riverine,23433,0913_1800_1,Paint mark on right downstream bridge apron. (South side of CR 2246),,5,2,0.5,,,30.32995,-93.93372,3,5976,22201,1.0,2017-09-27T05:00:00,13,0.24,6,2,Gum Slough to Sabine River
8315,N/A,24.542,180,[],2017-09-04T05:00:00,1760,1,2,3.12,Coastal,21421,0904_1310_1,"Road light closest SH-88. Nearest the ""One-Way Sign""",,1,1,0.02,,,29.1256,-95.45393,2,5448,21019,1.0,2017-09-12T05:00:00,1787,0.00392,6,2,Gulf of America
8028,N/A,265.563,180,[],2017-09-12T05:00:00,1822,1,2,0.0,Riverine,22683,0912_1620,Downstream right bank very clear mud line at bottom of yellow paint -2.98 feet from bottom of bridge truss.,,1,1,,,,29.6975,-96.83832,3,5347,21831,1.0,2017-09-19T05:00:00,1834,0.1,6,2,East Navidad river
8478,N/A,80.013,180,[],2017-09-05T05:00:00,1762,1,2,0.67,Riverine,21581,0905_1300_3,Debris Snag downstream side in the chain link fence over the bridge.,The flag was not found so a new point was measured near the old location,1,2,0.02,,,29.6173,-95.7326,4,5537,21139,1.0,2017-10-07T05:00:00,1770,0.19,6,2,unknown
8515,Left,4.74,180,[],2017-09-04T05:00:00,1786,6,2,0.0,Coastal,20880,0904_1314,,,3,2,0.2,,,28.76861,-95.80945,8,5552,20646,1.0,2017-09-04T05:00:00,1786,0.12,6,2,Payton Creek
8910,N/A,32.77,180,[],2017-09-09T05:00:00,1786,6,2,2.68,Riverine,21835,0909_1252,On speed limit sign post,,3,5,0.2,,,29.18601,-95.61926,8,,21318,0.0,2017-09-09T05:00:00,1786,0.08,6,2,Brazos River
9014,N/A,57.18,180,[],2017-09-11T05:00:00,1786,6,2,0.0,Riverine,22238,0911_1344,,,4,2,0.4,,,29.57716,-95.3928,8,5817,21549,1.0,2017-09-11T05:00:00,1786,0.15,6,2,Clear Creek
9016,N/A,60.87,180,[],2017-09-11T05:00:00,1786,6,2,0.0,Riverine,22240,0911_1356,Upstream from culvert at railroad tracks.,,4,2,0.4,,,29.57906,-95.43299,8,5818,21551,1.0,2017-09-11T05:00:00,1786,0.15,6,2,Clear Creek
9765,N/A,18.1,180,[],2017-09-06T04:00:00,1762,1,2,0.58,Riverine,22050,0906_1950_2,Yellow pole nearest the drainpipe across from the football field,level 3 survey; field readings RTK 17.692+0.27 TU; +0.10' GNSS adjustment,1,5,0.01,,,29.2246,-95.342,4,6492,21434,1.0,2017-09-19T04:00:00,900,0.2,6,2,unknown
8492,Left,10.51,180,[],2017-09-04T05:00:00,1786,6,2,0.0,Riverine,20821,0904_1043,US from bridge,,3,2,0.2,,,28.84031,-95.85192,8,5543,20608,1.0,2017-09-04T05:00:00,1786,0.13,6,2,Payton Creek
8422,N/A,54.38,180,[],2017-09-21T05:00:00,1791,1,2,1.5,Riverine,21568,HWM1,"exterior wall, by front door of pool house.","set temporary RM with RTK, then ran short level loop to HWM on wall of pool house.",1,5,0.05,,,30.02615,-95.11942,2,5505,21133,1.0,2017-09-21T05:00:00,1840,0.1,6,2,Lake Houston
8516,Left,4.97,180,[],2017-09-04T05:00:00,1786,6,2,0.0,Coastal,20881,0904_1315,,,3,2,0.2,,,28.76857,-95.80938,8,5552,20646,1.0,2017-09-04T05:00:00,1786,0.16,6,2,Payton Creek
8911,N/A,32.51,180,[],2017-09-09T05:00:00,1786,6,2,2.9,Riverine,21836,0909_1254,On church railing,,2,1,0.1,,,29.18575,-95.61924,8,,21318,0.0,2017-09-09T05:00:00,1786,0.1,6,2,Brazos River
8312,N/A,22.157,180,[],2017-09-04T05:00:00,1760,1,2,2.08,Coastal,21423,0904_1345_1,Underneath the SH-88 Bridge.,,1,5,0.02,,,29.11085,-95.45239,2,5449,21020,1.0,2017-09-12T05:00:00,1787,0.00392,6,2,Gulf of America
9313,N/A,33.6,180,[],2017-09-13T05:00:00,1760,1,2,1.7,Riverine,23435,0913_1830_1,"USGS plastic marker on unknown channel @ CR 826 (1), south side of road.",,4,2,0.4,,,30.26761,-93.98181,4,5986,22202,1.0,2017-09-27T05:00:00,13,0.24,6,2,Lower Sabine
9719,N/A,100.04,180,[],2017-09-13T05:00:00,1772,2,2,4.77,Riverine,22685,0913_1211,seed on wall of bathroom building at park,,4,5,0.4,,,30.03453,-95.4461,8,6242,21834,1.0,2017-09-13T05:00:00,1772,0.0563,7,2,Cypress Cr
9376,N/A,12.68,180,[],2017-09-13T05:00:00,1833,1,2,9.0,Riverine,22686,0913_1307,"Debris snag in tree branches marked with tape. Tree is near water's edge, in north-east direction from house shown in site photos.",,3,2,0.2,,,29.887616,-94.779197,2,,21833,1.0,2017-10-06T05:00:00,1770,0.04,2,2,Trinity River
8493,Left,50.61,180,[],2017-09-04T05:00:00,1786,6,2,0.0,Riverine,20854,0904_1721,,,3,2,0.2,,,28.99299,-95.96325,8,5544,20638,1.0,2017-09-04T05:00:00,1786,0.18,6,2,Cottonwood Creek
8517,Left,4.99,180,[],2017-09-04T05:00:00,1786,6,2,0.0,Coastal,20882,0904_1316,,,3,2,0.2,,,28.7685,-95.80928,8,5552,20646,1.0,2017-09-04T05:00:00,1786,0.13,6,2,Payton Creek
8511,N/A,7.2,180,[],2017-09-04T05:00:00,1786,6,2,0.0,Riverine,20876,0904_1427,,,2,2,0.1,,,28.7577,-95.92099,8,5550,20644,1.0,2017-09-04T05:00:00,1786,0.17,6,2,Little Boggy Creek
8912,Right,34.39,180,[],2017-09-09T05:00:00,1786,6,2,0.0,Riverine,21837,0909_1317,Downstream from bridge,,4,1,0.4,,,29.20813,-95.68849,8,5765,21320,1.0,2017-09-09T05:00:00,1786,0.04,6,2,Varner Creek
10064,N/A,90.36,180,[],2017-09-26T05:00:00,1760,1,2,0.0,Riverine,25180,0926_1050_1,seed line on left bank downstream of bridge,,3,5,0.2,,,29.876836,-95.524423,7,6576,23182,1.0,2017-09-26T05:00:00,1727,0.2,6,2,White Oak Bayou
8354,Right,64.2,180,[],2017-09-11T05:00:00,1791,1,2,6.12,Riverine,22241,0911_1730_2,Pole at gate near bridge,Dirt stuck in cracks in pole,4,9,0.3,,,28.81039,-97.01426,6,5465,21550,1.0,2017-09-22T05:00:00,1760,0.136,6,2,Guadalupe River
8504,Left,30.02,180,[],2017-09-04T05:00:00,1786,6,2,2.2,Riverine,20869,0904_1503,"Seed line on DS side of parked car. Locals showed us a video of the same car during the flood, confirming the HWM.",,2,5,0.1,,,28.83557,-95.93886,8,5548,20642,1.0,2017-09-04T05:00:00,1786,0.18,6,2,Big Boggy Creek
8030,Right,280.226,180,[],2017-09-12T05:00:00,1822,1,2,1.35,Riverine,22687,0912_1650,Nail at mud line 1.35 feet above ground right bank 100 yards past Piano bridge,,2,2,,,,29.72665,-96.84562,6,5348,21835,1.0,2017-09-19T05:00:00,1834,0.18,6,2,East Navidad River
8913,Right,34.3,180,[],2017-09-09T05:00:00,1786,6,2,0.0,Riverine,21838,0909_1318,Downstream from bridge,,4,1,0.4,,,29.20815,-95.68851,8,5765,21320,1.0,2017-09-09T05:00:00,1786,0.05,6,2,Varner Creek
8518,N/A,3.83,180,[],2017-09-04T05:00:00,1786,6,2,0.0,Coastal,20883,0904_1240,,,2,2,0.1,,,28.75204,-95.77095,8,5553,20647,1.0,2017-09-04T05:00:00,1786,0.17,6,2,Payton Creek
9015,N/A,60.95,180,[],2017-09-11T05:00:00,1786,6,2,0.0,Riverine,22239,0911_1355,Upstream from culvert at railroad tracks,,4,2,0.4,,,29.57905,-95.43299,8,5818,21551,1.0,2017-09-11T05:00:00,1786,0.09,6,2,Clear Creek
9152,Left,18.91,180,[],2017-09-14T05:00:00,1846,1,2,1.02,Riverine,23395,0914_1027_2,"Red lumber crayon and yellow stake flag mark debris line on concrete ramp, streamward face of stone building in Milby Park.",RTN in this area had a higher variability due to some nodes working intermittently,1,2,0.03,,,29.70544,-95.26373,9,5900,22188,1.0,2017-10-04T05:00:00,1770,0.5,6,2,Sims Bayou
10214,Right,19.256,180,[],2017-09-06T05:00:00,1854,1,2,2.95,Riverine,25258,09-24-1243-1,CSG that was marked with a pen at the cork line on 09/06.,,1,9,0.02,,,28.78826,-95.99657,9,6622,23201,1.0,2017-09-24T05:00:00,1854,1.8,6,4,Colorado River
10082,Right,77.82,180,[],2017-09-27T05:00:00,1760,1,2,0.0,Riverine,25185,0927_0810_1,Downstream right bank just downstream of bridge,,3,2,0.2,,,29.88312,-95.46774,7,,23185,1.0,2017-09-27T05:00:00,1727,0.2,6,2,Vogel Creek
10066,N/A,73.53,180,[],2017-09-26T05:00:00,1760,1,2,0.6,Riverine,25182,0926_1330_1,10-in oak tree on downstream left floodplain,,3,5,0.2,,,29.76639,-95.57567,5,6577,23183,1.0,2017-09-26T05:00:00,1727,0.2,6,2,White Oak Bayou
9196,N/A,16.286,180,[],2017-09-18T05:00:00,1762,1,2,4.55,Riverine,23803,0918_1615_1,"ORANGE TAPE ON YELLOW/BLACK STREET SIGN BY DITCH, NEAR MAILBOX #9425",,1,1,0.05,,,30.18798,-94.17345,2,5922,22405,1.0,2017-09-22T05:00:00,1770,0.049213,6,2,unknown
8519,N/A,3.8,180,[],2017-09-04T05:00:00,1786,6,2,0.0,Coastal,20884,0904_1241,,,2,2,0.1,,,28.7519,-95.77087,8,5553,20647,1.0,2017-09-04T05:00:00,1786,0.12,6,2,Payton Creek
7872,Left,419.221,180,[],2017-09-09T05:00:00,1822,1,2,2.71,Riverine,21839,0909_1320,"Corps of trees 40 feet down stream, six columns from East abutment",time of flagging   1320,2,1,,,,29.87506,-97.62302,5,5277,21321,1.0,2017-09-22T05:00:00,1834,0.12,6,2,Upper Plum Creek
9630,Right,119.68,180,[],2017-09-11T05:00:00,1772,2,2,0.0,Riverine,22242,0911_0833,debris line in grass,,3,2,0.2,,,29.87157,-95.68313,8,6178,21552,1.0,2017-09-11T05:00:00,1772,0.0789,7,2,Langham Cr.
9723,N/A,100.58,180,[],2017-09-13T05:00:00,1772,2,2,0.0,Riverine,22688,0913_1329,Debris line in driveway of residence,,4,2,0.4,,,30.04526,-95.44433,8,6246,21836,1.0,2017-09-13T05:00:00,1772,0.1138,7,2,Bonds/Seals Gully
8520,N/A,3.86,180,[],2017-09-04T05:00:00,1786,6,2,0.0,Coastal,20885,0904_1242,,,3,2,0.2,,,28.75186,-95.77079,8,5553,20647,1.0,2017-09-04T05:00:00,1786,0.17,6,2,Payton Creek
9197,N/A,16.31,180,[],2017-09-18T05:00:00,1762,1,2,4.95,Riverine,23804,0918_1615_2,NAIL+TAPE ON PINE TREE ACROSS FROM MAILBOX #9436,,2,5,0.1,,,30.18798,-94.17345,5,5922,22405,1.0,2017-09-22T05:00:00,1770,0.049213,6,2,unknown
7570,N/A,10.135,180,[],2017-09-05T05:00:00,1762,1,2,0.0,Coastal,21426,0905_0915_1,DEBRIS LINE IN YARD 20 FT FROM ROAD. MARKED WITH FLAG AND TAPE IN FRONT OF HOUSE.,,2,2,,,,28.739352,-96.663501,7,5144,21022,1.0,2017-09-08T05:00:00,1770,0.095144,6,2,unknown
9631,Left,120.44,180,[],2017-09-11T05:00:00,1772,2,2,0.0,Riverine,22243,0911_0837,seed line on cement bridge LB,,3,5,0.2,,,29.87211,-95.6832,8,6178,21552,1.0,2017-09-11T05:00:00,1772,0.1052,7,2,Langham Cr.
9322,N/A,19.04,180,[],2017-09-14T05:00:00,1760,1,2,1.6,Riverine,23438,0914_1330_1,USGS plastic marker on metal pole right side of gate to cell tower complex.,level III,4,2,0.4,,,30.13264,-93.91354,4,5993,22204,1.0,2017-09-26T05:00:00,13,0.13,6,2,Cow Bayou to Sabine River
9724,Right,101.43,180,[],2017-09-13T05:00:00,1772,2,2,5.76,Riverine,22689,0913_1337,spray paint line on staff gage on power pole,,2,5,0.1,,,30.04407,-95.44715,3,6246,21836,1.0,2017-09-13T05:00:00,1772,0.0852,7,2,Bonds/Seals Gully
9473,Left,222.58,180,[],2017-09-09T05:00:00,1791,1,2,2.25,Riverine,21840,0909_1800_1,Post on guardrail on west side of road,,4,2,0.3,,,30.19055,-95.75282,6,6095,21323,1.0,2017-10-07T05:00:00,1645,0.01,6,2,Unnamed creek
9634,Right,118.0,180,[],2017-09-11T05:00:00,1772,2,2,0.0,Riverine,22244,0911_0810,Debris line ring around large drainage structure,,3,2,0.2,,,29.84495,-95.69244,8,6180,21553,1.0,2017-09-11T05:00:00,1772,0.0606,7,2,Bear Cr
9475,Right,222.4,180,[],2017-09-09T05:00:00,1791,1,2,2.05,Riverine,21841,0909_1800_2,"Tree 20 from City of Magnolia wastewater treatment site, near road",,4,2,0.3,,,30.19055,-95.75282,6,6095,21323,1.0,2017-10-07T05:00:00,1645,0.01,6,2,Unnamed creek
9323,N/A,19.01,180,[],2017-09-14T05:00:00,1760,1,2,1.3,Riverine,23439,0914_1330_2,USGS plastic marker on metal pole left side of gate to cell tower complex.,level III,4,2,0.4,,,30.13264,-93.91354,4,5993,22204,1.0,2017-09-26T05:00:00,13,0.13,6,2,Cow Bayou to Sabine River
8352,Left,60.5,180,[],2017-09-11T05:00:00,1791,1,2,0.0,Riverine,22246,0911_1800_1,"Concrete, north side of bridge, opposite side of road from streamgage",,2,5,0.1,,,28.79348,-97.01255,3,5464,21554,1.0,2017-09-22T05:00:00,1760,0.136,6,2,Guadalupe River
9637,Right,120.56,180,[],2017-09-11T05:00:00,1772,2,2,0.0,Riverine,22245,0911_0851,Debris line in grass,,4,2,0.4,,,29.86942,-95.68288,8,6182,21555,1.0,2017-09-11T05:00:00,1772,0.1187,7,2,Bear Cr
8940,N/A,178.05,180,[],2017-09-12T05:00:00,1834,1,2,4.5,Riverine,23073,hwm2,"Fenceline, Terry will point out. Black markers on metal fence post, with orange tape.",,2,2,0.1,,,29.67477,-96.2674,2,5780,22022,1.0,2017-09-22T05:00:00,1839,0.0237,6,1,San Bernard River
9569,N/A,37.0,180,[],2017-09-13T05:00:00,1760,1,2,5.9,Riverine,23440,0913_1915_1,"USGS plastic marker on tree, south side of CR 826, west of channel.
Mark corroborated by farmer.",level III,5,2,0.5,,,30.27373,-93.94672,4,6148,22205,1.0,2017-09-27T05:00:00,13,0.24,6,2,Gum Slough to Sabine River
9726,Left,94.67,180,[],2017-09-13T05:00:00,1772,2,2,6.22,Riverine,22691,0913_1420,Seed line on wood fence LB,,4,5,0.4,,,30.04463,-95.41991,8,6248,21838,1.0,2017-09-13T05:00:00,1772,0.1279,7,2,Lemm Gully
9873,N/A,26.49,180,[],2017-09-22T05:00:00,1833,1,2,0.0,Riverine,23074,0915_1150_1,Debris line on top of grass 20 ft north of gageing station,,3,2,0.2,,,30.000395,-94.299797,8,6640,22023,1.0,2017-09-22T05:00:00,1837,0.11,6,2,Green Pond Gully
9642,Right,112.34,180,[],2017-09-11T05:00:00,1772,2,2,0.0,Riverine,22247,0911_0928,"Cut line in rocks near electrical yard, cell tower.",,3,9,0.2,,,29.87816,-95.62549,8,6185,21556,1.0,2017-09-11T05:00:00,1772,0.0922,7,2,Horsepen Cr
9200,N/A,28.947,180,[],2017-09-18T05:00:00,1762,1,2,1.89,Riverine,23806,0918_1640_2,"ORANGE TAPE+BLACK SHARPIE LINE ON STOP SIGN AT CORNER OF NEEL AND PINE, NEXT TO FIRE HYDRANT.",,1,1,0.02,,,30.18921,-94.19038,2,5923,22406,1.0,2017-09-22T05:00:00,1770,0.049213,6,2,unknown
7792,N/A,128.973,180,[],2017-09-06T05:00:00,1599,1,2,0.0,Riverine,21189,1,stake spray painted orange and marked with pink flagger tape on the NW side of the bridge upstream REW,,4,2,,,,29.83108,-96.00887,7,5252,20876,1.0,2017-09-11T05:00:00,1770,,6,2,Brazos River
9729,N/A,86.69,180,[],2017-09-13T05:00:00,1772,2,2,5.91,Riverine,22692,0913_1512,mud line on window,,2,1,0.1,,,30.0378,-95.38131,8,6250,21839,1.0,2017-09-13T05:00:00,1772,0.0829,7,2,Cypress Cr
9874,N/A,26.48,180,[],2017-09-22T05:00:00,1833,1,2,0.0,Riverine,23075,0915_1200_2,Debris line on will 60 ft north of gageing station,,3,2,0.2,,,30.000395,-94.299797,8,6640,22023,1.0,2017-09-22T05:00:00,1837,0.11,6,2,Green Pond Gully
10216,N/A,80.073,180,[],2017-09-19T05:00:00,1760,1,2,0.4,Riverine,25051,HWM1,SEED LINE  6 IN DIAMETER TREE ON SOUTH SIDE OF TX. FLAGED BY INDIRECT CREW AS LD 10,,1,5,0.04,,,30.1436,-95.11203,3,6623,23082,1.0,2017-09-19T05:00:00,1760,0.043,6,2,Unknown
9428,Left,94.061,180,[],2017-09-13T04:00:00,1780,1,2,0.3,Riverine,22693,0913_1434_1,On bottom of bridge pilings at end of bridge 20 feet from channel on left bank with paint,,1,5,0.05,,,31.01465,-94.16116,4,,21840,1.0,2017-09-19T04:00:00,1722,0.1523,6,2,Unknown
9640,N/A,22.0,180,[],2017-09-14T05:00:00,1760,1,2,2.5,Riverine,23442,0914_1415_1,USGS marker on school chain-link fence east of Hwy 12 at the edge of school property.,level III,2,2,0.1,,,30.14277,-93.99039,4,6187,22206,1.0,2017-09-25T05:00:00,13,0.16,6,2,Lower Sabine River
9644,N/A,112.76,180,[],2017-09-11T05:00:00,1772,2,2,0.0,Riverine,22248,0911_0942,debris line in grass LB,,4,2,0.4,,,29.87846,-95.62488,8,6185,21556,1.0,2017-09-11T05:00:00,1772,0.0812,7,2,Horsepen Cr
9438,Left,77.6,180,[],2017-09-07T04:00:00,1791,1,2,0.0,Riverine,21430,0907_1200_2,Nw side of bridge,level 3 survey; field reading 77.534; +0.10' GNSS adjustment,2,2,0.1,,,29.63467,-95.65169,3,6070,21023,1.0,2017-09-19T04:00:00,900,0.2,6,2,Oyster creek
9647,Right,108.71,180,[],2017-09-11T05:00:00,1772,2,2,2.69,Riverine,22249,0911_1016,seed line on wooden fence,,2,5,0.1,,,29.8575,-95.62362,8,6188,21557,1.0,2017-09-11T05:00:00,1772,0.0331,7,2,Langham Cr.
10266,N/A,33.41,180,[],2017-09-22T05:00:00,1834,1,2,3.08,Riverine,24443,0922_1640_1,"Debris snag on NE corner of chain link fence enclosure, marked orange flag and stake.",,2,2,0.08,,,29.87826,-94.99722,2,6712,22752,1.0,2017-09-29T05:00:00,1727,0.08,6,2,Cedar Bayou
7958,N/A,3.858,180,[],2017-09-04T05:00:00,1762,1,2,1.45,Coastal,20896,0904_0900_1,"lat 28.36540 long -96.57837 marker on residential teal house wire fence , Charlie's Bait Camp Area",,2,2,,,,28.3654,-96.57837,4,5324,20651,1.0,2017-09-07T05:00:00,1770,0.085,6,2,Gulf of America
9478,Left,198.24,180,[],2017-09-09T05:00:00,1791,1,2,2.88,Riverine,21846,0909_1830_2,"Hazard sign on north side of west guardrail, marked with a sharpie",,3,2,0.2,,,30.14358,-95.75286,4,6096,21326,1.0,2017-10-07T05:00:00,1645,0.01,6,2,Walnut Creek
9441,Right,71.8,180,[],2017-09-07T04:00:00,1791,1,2,0.0,Riverine,21432,0907_1230_1,Right next to dam south of  90 Alt,level 3 survey; field reading 71.671; +0.10' GNSS adjustment,2,2,0.1,,,29.61528,-95.64497,6,6072,21025,1.0,2017-09-19T04:00:00,900,0.2,6,2,Tributary to Oyster Creek
9648,N/A,108.68,180,[],2017-09-11T05:00:00,1772,2,2,0.0,Riverine,22250,0911_1019,Seed line on mailbox,,2,5,0.1,,,29.85731,-95.62362,8,6188,21557,1.0,2017-09-11T05:00:00,1772,0.0395,7,2,Langham Cr.
9731,N/A,82.33,180,[],2017-09-13T05:00:00,1772,2,2,5.55,Riverine,22695,0913_1535,debris in chain link fence at substation,,4,2,0.4,,,30.044,-95.35023,8,6253,21841,1.0,2017-09-13T05:00:00,1772,0.058,7,2,Cypress Ck
10194,Left,3.818,180,[],2017-09-24T05:00:00,1854,1,2,0.0,Riverine,25267,0924_1507_1,"Debris line on left bank, down stream of boat ramp",,3,2,0.2,,,28.67004,-95.96484,3,6619,23207,1.0,2017-09-24T05:00:00,1854,1.8,6,4,Colorado River
7959,N/A,3.832,180,[],2017-09-04T05:00:00,1762,1,2,1.45,Coastal,20897,0904_0900_2,"lat 28.36542 long -96.57835 marker on residential teal house wire fence , Charlie's Bait Camp Area",,2,2,,,,28.36542,-96.57835,4,5324,20651,1.0,2017-09-07T05:00:00,1770,0.085,6,2,Gulf of America
10217,N/A,80.026,180,[],2017-09-19T05:00:00,1760,1,2,0.0,Riverine,25053,HWM2,DEBRIS LINE ON SOUTH SIDE OF ROAD NEAR FENCE,,1,2,0.04,,,30.1436,-95.11203,3,6623,23082,1.0,2017-09-19T05:00:00,1760,0.043,6,2,Unknown
10192,Right,8.954,180,[],2017-09-24T05:00:00,1854,1,2,3.81,Riverine,25265,0924_1015_1,"Mud line on trees right bank, sown stream side of CR 374.",,2,6,0.1,,,28.68833,-96.11913,8,6618,23206,1.0,2017-09-24T05:00:00,1854,1.8,6,2,West Branch of Mad Island Slough
9651,N/A,108.27,180,[],2017-09-11T05:00:00,1772,2,2,2.18,Riverine,22251,0911_1054,seed line on Beer Cr Elementary School Marque,,2,5,0.1,,,29.84466,-95.637,8,6190,21558,1.0,2017-09-11T05:00:00,1772,0.0619,7,2,Bear Cr
10188,Right,17.564,180,[],2017-09-24T05:00:00,1854,1,2,0.0,Riverine,25261,0924_1222_2,"Debris line on bridge apron, down stream right bank of FM 521.",,3,2,0.2,,,28.78684,-96.02223,3,6616,23202,1.0,2017-09-24T05:00:00,1854,1.8,6,4,unnamed creek
7562,Right,6.43,180,[],2017-09-04T05:00:00,1762,1,2,3.95,Riverine,21182,0904_1630_1,"ALONG BARBED WIRE FENCE, RIGHT BANK 20 FT PAST THE BRIDGE. DEBRIS LINE ON FENCE, MARKED WITH TAPE AND PAINT.",,2,2,,,,28.560051,-96.538143,3,5136,20850,1.0,2017-09-08T05:00:00,1770,0.085302,6,2,unknown
9442,Left,71.2,180,[],2017-09-07T04:00:00,1791,1,2,0.0,Riverine,21433,0907_1230_2,Near dam south of 90 Alt,level 3 survey; field reading 71.103; +0.10' GNSS adjustment,2,2,0.1,,,29.61503,-95.64547,6,6072,21025,1.0,2017-09-19T04:00:00,900,0.2,6,2,Tributary to Oyster Creek
9706,N/A,158.035,180,[],2017-09-11T05:00:00,1834,1,2,0.0,Riverine,24289,0911_1420_1,wash line on highway bridge,,4,9,0.3,,,29.174794,-96.985475,,6469,22668,1.0,2017-09-11T05:00:00,1834,0.29,6,2,Lavaca River
10189,Right,17.822,180,[],2017-09-24T05:00:00,1854,1,2,0.0,Riverine,25260,0924_1222_1,"HWM on bridge apron, right bank, down stream side of FM 521",,3,2,0.2,,,28.78684,-96.02223,3,6616,23202,1.0,2017-09-24T05:00:00,1854,1.8,6,4,unnamed creek
9655,N/A,108.64,180,[],2017-09-11T05:00:00,1772,2,2,5.0,Riverine,22252,0911_1121,seed line metal pole at gas station,,2,5,0.1,,,29.83113,-95.64628,8,6192,21559,1.0,2017-09-11T05:00:00,1772,0.0615,7,2,Bear Creek
9846,Right,25.843,180,[],2017-09-06T04:00:00,1744,1,2,0.0,Riverine,21434,0906_1730_2,"Texas HWY 521, bridge at Big Boggy Creek. HWM is debris and mud mark on right downstream highway right-away,
mark considered poor. water was above the bridge girders, bridge opening acting as a contracted opening,
explains the HWM difference.",Elevation is final. No further adjustments necessary.,5,1,0.5,,,28.80742,-95.95085,7,6346,20885,1.0,2017-09-06T04:00:00,1744,0.131234,6,2,Big Boggy Creek
9699,N/A,78.318,180,[],2017-09-11T05:00:00,1834,1,2,1.52,Riverine,24291,0911_1200_2,debris line along chain link fence,,4,2,0.3,,,29.066856,-96.798724,,6465,22669,1.0,2017-09-11T05:00:00,1834,0.29,6,2,Lavaca River
10149,Right,444.665,180,[],2017-09-26T05:00:00,1853,1,2,0.0,Riverine,25262,09-26-0934-1,Seed line on downstream of bridge beam at right bank. Tape down 3..33 to stake .,,3,5,0.2,,,30.16515,-97.20288,7,6601,23203,1.0,2017-09-26T05:00:00,1853,0.236,6,2,Riverine
7875,N/A,379.941,180,[],2017-09-09T05:00:00,1760,1,2,0.0,Riverine,23811,0909_1430,Bottom of paint line rt bank upstream,"surveyed at hwm line, did not use height above ground",2,6,,,,29.79162,-97.57829,3,5280,22408,1.0,2017-09-22T05:00:00,1834,0.12,6,2,Unknown
9659,N/A,108.69,180,[],2017-09-11T05:00:00,1772,2,2,8.4,Riverine,22253,0911_1155,seed lline on streen sign.,,2,5,0.1,,,29.83597,-95.63039,8,6195,21560,1.0,2017-09-11T05:00:00,1772,0.0462,7,2,Langham Cr
7873,Right,365.788,180,[],2017-09-09T05:00:00,1822,1,2,1.9,Riverine,21849,0909_1350,Nail in tree 50 feet stream-ward of Flood Gage indicator,Time of discovery used as lable,2,2,,,,29.75451,-97.59287,5,5278,21330,1.0,2017-09-22T05:00:00,1834,0.12,6,2,Plum Creek
8416,N/A,54.53,180,[],2017-09-08T05:00:00,1791,1,2,0.0,Riverine,21562,0908_1215_1,Atascocita Marina near picnic area,"RTK to temporary RM, Then short level loop to two HWMs. THIS ONE IS BEST OF THE TWO.",2,2,0.1,,,30.01206,-95.14379,6,5502,21128,1.0,2017-09-21T05:00:00,1840,0.09,6,2,Lake Houston
7559,N/A,6.325,180,[],2017-09-04T05:00:00,1762,1,2,2.3,Coastal,21200,0904_1530_1,PAINT MARK ON FRONT LEFT CORNER OF  WOODEN SHED.,,2,1,,,,28.552964,-96.523985,3,5134,20847,1.0,2017-09-08T05:00:00,1770,0.085302,6,2,unknown
8540,Left,14.45,180,[],2017-09-05T05:00:00,1786,6,2,0.0,Riverine,21074,0905_1336,"Present near peak, just receding",,2,2,0.1,,,28.8964,-95.67399,8,5560,20791,1.0,2017-09-05T05:00:00,1786,0.18,6,2,Caney Creek
8548,Right,34.0,180,[],2017-09-05T05:00:00,1786,6,2,1.35,Riverine,21082,0905_1443,Downstream side of bridge,,2,5,0.1,,,28.96052,-95.82433,8,5563,20794,1.0,2017-09-05T05:00:00,1786,0.2,6,2,Caney Creek
9733,N/A,80.95,180,[],2017-09-13T05:00:00,1772,2,2,3.84,Riverine,22698,0913_1607,debris line on building wall - gym,,3,2,0.2,,,30.03638,-95.33359,8,6255,21843,1.0,2017-09-13T05:00:00,1772,0.0969,7,2,Cypress Cr
9735,N/A,81.79,180,[],2017-09-13T05:00:00,1772,2,2,5.04,Riverine,22699,0913_1628,debris on fence at substation,,4,2,0.4,,,30.02302,-95.34653,8,6257,21845,1.0,2017-09-13T05:00:00,1772,0.1768,7,2,Cypress Cr
8139,N/A,211.287,180,[],2017-09-13T05:00:00,1822,6,2,0.0,Riverine,22700,1110,Left bank 60 feet from roadway up stream just before barbed wire,,1,2,,,,29.42720295,-96.72555556,6,5372,21844,1.0,2017-09-19T05:00:00,1839,0.0004,6,1,West Ragsdale Creek
9792,N/A,24.9,180,[],2017-09-08T04:00:00,1760,1,2,2.85,Riverine,21982,0908_1840_1,Debris found in a bush near the road,level 4 survey; field readings RTK 22.162+2.7 TU,1,2,0.03,,,29.3346,-95.2893,4,6503,21399,1.0,2017-09-17T04:00:00,900,0.6,6,2,Unknown
8124,N/A,11.063,180,[],2017-09-05T05:00:00,1762,1,2,3.75,Coastal,21437,0905_1005_1,"DIRECTLY LEFT OF GATE ON POST, MARKED WITH FLAG AND TAPE.",,2,2,,,,28.79972,-96.70123,3,5165,21028,1.0,2017-09-08T05:00:00,1770,0.055774,7,2,unknown
7858,Left,287.319,180,[],2017-09-09T05:00:00,1822,1,2,1.35,Riverine,21709,1615,Nail in Tree at mud line river side of campground,Time of discovery used as label,1,1,,,,29.46976,-97.49102,5,5267,21232,1.0,2017-09-18T05:00:00,1767,0.12,6,2,Guadeloupe river
8417,N/A,54.7,180,[],2017-09-08T05:00:00,1791,1,2,3.3,Riverine,21563,0908_1215_2,Near retaining wall on horizontal steel pipe used as railing.,Steel railing. No HWM evidence remains at this date,4,5,0.4,,,30.01194,-95.14438,3,5502,21128,1.0,2017-09-21T05:00:00,1840,0.09,6,2,Lake Houston
8452,N/A,79.57,180,[],2017-09-19T05:00:00,1840,1,2,4.0,Riverine,23812,HWM1,debris on front of home on Marrella Drive. About 4 feet above grade. Adjacent to front door.,ran short level loop from temporary RM in road to HWM.,2,5,0.1,,,30.1495,-95.1696,,5525,22409,1.0,2017-09-19T05:00:00,1840,0.09,6,2,Peach Creek
9543,Right,101.91,180,[],2017-09-09T05:00:00,1772,2,2,0.0,Riverine,21851,0909_0903,debris line in grass,,4,2,0.4,,,29.71081,-95.79822,8,6131,21333,1.0,2017-09-09T05:00:00,1772,0.0571,7,2,Buffalo Bayou
10150,Left,444.62,180,[],2017-09-26T05:00:00,1853,1,2,0.0,Riverine,25263,09-26-0934-2,Seed line on downstream bridge on bridge beam left bank.,,3,4,0.2,,,30.164955,-97.20311,8,6601,23203,1.0,2017-09-26T05:00:00,1853,0.236,6,2,Riverine
9738,N/A,95.26,180,[],2017-09-13T05:00:00,1772,2,2,0.0,Riverine,22701,0913_1653,debris pile at base of baseball field fence,,4,2,0.4,,,30.00598,-95.3949,8,6260,21846,1.0,2017-09-13T05:00:00,1772,0.0525,7,2,Turkey Creek
9283,N/A,36.82,180,[],2017-09-19T05:00:00,1836,1,2,7.6,Riverine,23813,0919_0855_1,Seed line on cedar tree to the right of right descending circular stairs.,,1,5,0.03,,,29.76336,-95.35849,5,,22410,0.0,2017-09-25T05:00:00,1645,,6,2,unknown
7863,Left,252.511,180,[],2017-09-08T05:00:00,1822,1,2,0.0,Riverine,21890,1815,Downstream left bank where concrete apron and fence meet.,Time of discovery used as label,3,1,,,,29.41312,-97.36591,3,5270,21355,1.0,2017-09-18T05:00:00,1767,0.12,6,2,Unknown creek
8125,N/A,11.621,180,[],2017-09-05T05:00:00,1762,1,2,0.0,Coastal,21438,0905_1005_2,"TO THE LEFT OF GATE ABOUT 20 FT, MARKED WITH FLAG, TAPE, AND PAINT.",,2,2,,,,28.79972,-96.70123,7,5165,21028,1.0,2017-09-08T05:00:00,1770,0.055774,7,2,unknown
8541,Left,14.58,180,[],2017-09-05T05:00:00,1786,6,2,0.0,Riverine,21075,0905_1337,"Present near peak, just receding",,2,2,0.1,,,28.89634,-95.67396,8,5560,20791,1.0,2017-09-05T05:00:00,1786,0.16,6,2,Caney Creek
7880,Left,347.294,180,[],2017-09-09T05:00:00,1822,1,2,4.13,Riverine,21852,1630,Line marked by sharpe inside gage house by JRH on 08y2717 confirmed today by debris in fencing,Sharpee line inside door of gage  time of discovery used as lable,1,1,,,,29.69949,-97.60329,9,5283,21332,1.0,2017-09-22T05:00:00,1834,,6,2,Plum Creek
9662,N/A,219.51,180,[],2017-09-11T05:00:00,1772,2,2,2.93,Riverine,22256,0911_1438,debris line on road in brush,,4,2,0.4,,,30.03045,-95.84436,8,6199,21563,1.0,2017-09-11T05:00:00,1772,0.1182,7,2,Little Cypress Cr
10191,Right,13.335,180,[],2017-09-24T05:00:00,1854,1,2,2.93,Riverine,25264,0924_1113_1,"Debris caught on barbed wire fence on down stream side, right bank of CR 391.",,3,2,0.15,,,28.73288,-96.11115,3,6617,23205,1.0,2017-09-24T05:00:00,1854,1.8,6,4,West tributary to Mad Island Slough
10193,Right,8.708,180,[],2017-09-24T05:00:00,1854,1,2,4.53,Riverine,25266,0924_1015_2,"Mud line on trees on right bank, downstream from CR 374",,2,1,0.1,,,28.68833,-96.11913,8,6618,23206,1.0,2017-09-24T05:00:00,1854,1.8,6,4,West Branch of Mad Island Slough
9284,N/A,36.32,180,[],2017-09-19T05:00:00,1836,1,2,2.86,Riverine,23814,0919_0855_2,Seedline on bottom of bridge apron RBUS 20' off of Commerce.,,1,5,0.01,,,29.76336,-95.35849,4,,22410,1.0,2017-09-25T05:00:00,1645,,6,2,unknown
8964,N/A,141.14,180,[],2017-09-12T05:00:00,1834,6,2,2.3,Riverine,23084,hwm1,West side of bridge on right side as driving northwest. Marker on bridge beam next to apron.,,1,2,0.01,,,29.162675,-96.13492,3,5792,22029,1.0,2017-09-23T05:00:00,1839,0.0237,6,1,San Bernard River
8539,Left,14.61,180,[],2017-09-05T05:00:00,1786,6,2,0.0,Riverine,21073,0905_1335,"Present close to peak, just receding",,2,2,0.1,,,28.89649,-95.67404,8,5560,20791,1.0,2017-09-05T05:00:00,1786,0.18,6,2,Caney Creek
7874,N/A,385.816,180,[],2017-09-09T05:00:00,1760,1,2,1.9,Riverine,23810,0909_1400,Nail in cottonwood across from flood gage marker left of sand gravel piles,,2,1,,,,29.80149,-97.55702,5,5279,21322,1.0,2017-09-22T05:00:00,1834,0.12,6,2,Tenney Creek
9544,Left,103.16,180,[],2017-09-09T05:00:00,1772,2,2,0.0,Riverine,21853,0909_0905,,,4,2,0.4,,,29.71092,-95.79825,8,6131,21333,1.0,2017-09-09T05:00:00,1772,0.0432,7,2,Buffalo Bayou
9663,N/A,236.37,180,[],2017-09-11T05:00:00,1772,2,2,0.0,Riverine,22257,0911_1525,cork line in CSG gage on bridge,,4,5,0.4,,,30.04305,-95.93626,8,6200,21564,1.0,2017-09-11T05:00:00,1772,0.0627,7,2,Snake Creek
10195,N/A,3.971,180,[],2017-09-24T05:00:00,1854,1,2,0.0,Riverine,25268,0924_1507_2,"Debris line on boat ramp, left bank of Colorado Rv",,2,2,0.1,,,28.67027,-95.96484,3,6619,23207,1.0,2017-09-24T05:00:00,1854,1.8,6,4,Colorado River
9379,N/A,8.49,180,[],2017-09-13T05:00:00,1833,1,2,0.0,Riverine,22703,0913_1355_2,Distinct mudline east of bridge on north bank. Marked with painted stake. Approximately 50 feet south from north end of bridge.,,3,1,0.2,,,29.875064,-94.828751,7,6035,21847,1.0,2017-10-06T05:00:00,1770,0.04,6,2,Old River
9664,N/A,205.99,180,[],2017-09-11T05:00:00,1772,2,2,0.0,Riverine,22258,0911_1555,mud line wing wall of bridge RB,,4,1,0.4,,,30.00508,-95.90818,8,6201,21565,1.0,2017-09-11T05:00:00,1772,0.0595,7,2,Mound Cr
9021,N/A,170.68,180,[],2017-09-17T05:00:00,1760,1,2,1.0,Riverine,23565,0917_1030_1,Survey tape/paint E side of CR 3550.,,3,2,0.2,,,30.83384,-94.33445,3,5822,22264,1.0,2017-10-04T05:00:00,1760,0.488,6,2,Little Wolf Creek
10093,N/A,8.07,180,[],2017-09-04T05:00:00,1762,1,2,0.0,Coastal,21160,0904_1730_1,"DEBRIS LINE IN FRONT OF GOAT PEN ON BOTH SIDES OF GRAVEL ROAD. MARKED WITH PAINT, FLAG, AND TAPE.",Avg of 2 HWM,2,2,0.1,,,28.570737,-96.638581,7,5139,20855,1.0,2017-09-08T05:00:00,1770,0.085302,6,2,unknown
8454,Left,378.638,180,[],2017-09-09T05:00:00,1822,1,2,0.0,Riverine,21843,1450,Left bank upstream on concrete skirt,"Time found 1450 used as label; surveyed at hwm line, did not use height above ground",2,1,0.1,,,29.76617,-97.60491,3,5527,21325,1.0,2017-09-22T05:00:00,1834,0.12,6,2,Clear fork plum creek
8542,Right,16.1,180,[],2017-09-05T05:00:00,1786,6,2,0.0,Riverine,21076,0905_1354,Downstream from bridge,,2,8,0.1,,,28.91829,-95.69289,8,5561,20792,1.0,2017-09-05T05:00:00,1786,0.19,6,2,Caney Creek
8559,N/A,71.555,180,[],2017-09-06T05:00:00,1762,1,2,1.39,Riverine,21908,0906_1140_1,Seed line appears beneath the bridge on the northeast side.,"No pictures on Google drive
Tape that marked the HWM missing measured what appeared to be HWM",2,5,0.1,,,29.55893,-95.63732,2,5568,21365,1.0,2017-10-07T05:00:00,1770,0.19,6,2,unknown
8562,N/A,79.16,180,[],2017-09-05T05:00:00,1786,6,2,0.0,Riverine,21094,0905_1701,,,4,2,0.4,,,29.26455,-95.93882,8,5569,20799,1.0,2017-09-05T05:00:00,1786,0.12,6,2,Caney Creek
8568,N/A,16.74,180,[],2017-09-27T05:00:00,1760,6,2,5.34,Riverine,25460,HWM1,Inside garage of house.,,2,6,0.1,,,29.43831,-95.06822,8,5572,23312,1.0,2017-10-06T05:00:00,1760,0.02,6,2,Dickinson Bayou
10152,Right,320.212,180,[],2017-09-26T05:00:00,1853,1,2,4.88,Riverine,25270,09-26-1146-1,Golf club owner claims that water got just up to the practice tee shots box.,,4,2,0.4,,,30.06575,-97.29154,7,6602,23204,1.0,2017-09-26T05:00:00,1853,0.236,6,2,Riverine
9087,N/A,252.215,180,[],2017-09-14T05:00:00,1762,1,2,0.0,Riverine,23450,0914_1230_2,ORANGE PAINT LINE ON LEFT DOWNSTREAM APRON. BOTTOM OF PAINT LINE MARKS MUD LINE,,1,1,0.04,,,30.69868,-94.79547,3,5858,22209,1.0,2017-09-19T05:00:00,1770,0.022966,6,2,unknown
9548,N/A,101.61,180,[],2017-09-09T05:00:00,1772,2,2,2.73,Riverine,21855,0909_1035,Stain line on mobile unit on N side of school,,3,6,0.2,,,29.71693,-95.74408,8,6134,21336,1.0,2017-09-09T05:00:00,1772,0.1471,7,2,Buffalo Bayou
9380,N/A,8.5,180,[],2017-09-13T05:00:00,1833,1,2,4.7,Riverine,22704,0913_1545_1,"Distinct mudline marked with tape in treeline approximately 10 yards south of Rookery parking lot. Caution, possible gators in area.",,3,1,0.2,,,29.837686,-94.758368,2,6037,21848,1.0,2017-10-06T05:00:00,1770,0.04,6,2,Trinity River
7572,N/A,31.056,180,[],2017-09-05T05:00:00,1762,1,2,6.8,Riverine,21441,0905_1135_1,"SEED LINE UNDER BRIDGE MARKED WITH PAINT AND TAPE, DOWNSTREAM LEFT.",,2,2,,,,28.800518,-96.656201,3,5145,21033,1.0,2017-09-08T05:00:00,1770,0.095144,6,2,unknown
7871,Left,444.393,180,[],2017-09-09T05:00:00,1822,1,2,2.75,Riverine,21845,0909_1245,"Coups of trees debris pile up, Downstream left bank 30 feet southwest of concrete / riffraft apron north side of bridge",Time of discovery used as label 1245; surveyed at l,2,1,,,,29.82694,-97.67191,5,5276,21327,1.0,2017-09-22T05:00:00,1834,0.12,6,2,Clear Fork Plum Creek
8543,Right,15.96,180,[],2017-09-05T05:00:00,1786,6,2,0.0,Riverine,21077,0905_1355,Downstream from bridge,,2,8,0.1,,,28.91829,-95.69283,8,5561,20792,1.0,2017-09-05T05:00:00,1786,0.34,6,2,Caney Creek
8546,Left,24.81,180,[],2017-09-05T05:00:00,1786,6,2,0.0,Riverine,21080,0905_1418,Upstream from bridge,,3,5,0.2,,,28.93842,-95.73646,8,5562,20793,1.0,2017-09-05T05:00:00,1786,0.17,6,2,Caney Creek
10196,Left,3.449,180,[],2017-09-24T05:00:00,1854,1,2,0.0,Riverine,25269,0924_1507_3,Debris line upstream of boat ramp on left bank of Colorado River.,,3,2,0.15,,,28.67048,-95.96498,3,6619,23207,1.0,2017-09-24T05:00:00,1854,1.8,6,4,Colorado River
9285,N/A,44.33,180,[],2017-09-19T05:00:00,1836,1,2,1.69,Riverine,23816,0919_1000_1,@ Settegast Park directly across from 3004 Garrow St.,,1,5,0.03,,,29.752,-95.34362,5,5974,22411,1.0,2017-09-25T05:00:00,1645,,6,2,unknown
9665,Left,205.35,180,[],2017-09-11T05:00:00,1772,2,2,0.0,Riverine,22259,0911_1557,mud line on wing wall LB,,4,1,0.4,,,30.00508,-95.90818,8,6201,21565,1.0,2017-09-11T05:00:00,1772,0.0558,7,2,Mound Cr
9286,N/A,44.53,180,[],2017-09-19T05:00:00,1836,1,2,1.69,Riverine,23817,0919_1000_2,@ Settegast Park directly across from 3004 Garrow St.,,1,5,0.03,,,29.75215,-95.34381,5,5974,22411,1.0,2017-09-25T05:00:00,1645,,2,2,unknown
9444,Right,71.5,180,[],2017-09-07T04:00:00,1791,1,2,0.0,Riverine,21442,0907_1300_1,50 ft east of bridge,level 3 survey; field reading 71.377; +0.10' GNSS adjustment,3,1,0.2,,,29.62975,-95.6341,6,6074,21032,1.0,2017-09-19T04:00:00,900,0.2,6,2,Drainage near St.Theresa school
9382,N/A,7.22,180,[],2017-09-13T05:00:00,1833,1,2,0.0,Riverine,22705,0913_1550_2,"Distinct mudline marked with painted stake on embankment adjacent to Rookery parking lot. Caution, possible gators in area.",,4,1,0.4,,,29.837686,-94.758368,7,6037,21848,1.0,2017-10-06T05:00:00,1770,0.04,6,2,Trinity River
9549,N/A,100.91,180,[],2017-09-09T05:00:00,1772,2,2,1.33,Riverine,21856,0909_1044,seed line on playground equipment,,3,5,0.2,,,29.71575,-95.74281,8,6134,21336,1.0,2017-09-09T05:00:00,1772,0.0469,7,2,Buffalo Bayou
9666,Left,200.35,180,[],2017-09-11T05:00:00,1772,2,2,0.0,Riverine,22260,0911_1617,cut line near brush,,4,9,0.4,,,29.97963,-95.90785,8,6202,21566,1.0,2017-09-11T05:00:00,1772,0.1011,7,2,Snake Creek
8965,N/A,141.01,180,[],2017-09-12T05:00:00,1834,1,2,1.7,Riverine,23087,hwm2,East side of bridge on right side as driving northwest. Marker on bridge beam next to apron.,,2,2,0.1,,,29.62676,-96.13404,3,5792,22029,1.0,2017-09-23T05:00:00,1839,0.0237,6,1,San Bernard River
9641,N/A,51.133,180,[],2017-09-08T05:00:00,1762,1,2,2.18,Riverine,22840,0908_1645_1,"Lat 29.691815
Long -95.442931
seed line along garage of residence",Survey uncertainty input by GRH while inputting data into STN.,2,5,0.1,,,29.691815,-95.442931,8,6447,21898,1.0,2017-09-08T05:00:00,1762,0.13,6,2,unknown
10034,N/A,258.5,180,[],2017-09-19T04:00:00,1602,1,2,2.73,Riverine,23821,0919_1730_01,"Nail in small pine tree, downstream, right bank. Directly downstream of Hunter Creek sign. Marked with orange flagging.",,4,5,0.4,,,30.96784,-93.85448,4,6569,22414,1.0,2017-09-27T04:00:00,1645,0.062,6,2,Unknown
9552,N/A,101.39,180,[],2017-09-09T05:00:00,1772,2,2,0.0,Riverine,21857,0909_1147,,,3,2,0.2,,,29.71148,-95.68802,8,6136,21337,1.0,2017-09-09T05:00:00,1772,0.0501,7,2,Buffalo Bayou
9446,Left,72.8,180,[],2017-09-07T04:00:00,1791,1,2,0.0,Riverine,21443,0907_1300_2,"50 ft east of bridge, near flood gage",level 3 survey; field reading 72.741; +0.10' GNSS adjustment,3,1,0.2,,,29.62951,-95.63398,6,6074,21032,1.0,2017-09-19T04:00:00,900,0.2,6,2,Drainage near St.Theresa school
8554,Right,44.42,180,[],2017-09-05T05:00:00,1786,6,2,0.0,Riverine,21088,0905_1603,Downstream side bridge,,4,1,0.4,,,29.04154,-95.86384,8,5565,20796,1.0,2017-09-05T05:00:00,1786,0.15,6,2,Caney Creek
8566,Right,71.79,180,[],2017-09-05T05:00:00,1786,6,2,0.0,Riverine,21095,0905_1728,Downstream from bridge,,2,2,0.1,,,29.18756,-95.95091,8,,20800,0.0,2017-09-05T05:00:00,1786,0.09,6,2,Water Hole Creek
8563,N/A,63.435,180,[],2017-09-06T05:00:00,1762,1,2,5.83,Riverine,21915,0906_1520_1,A seed line on the concrete of the bridge facing west,,1,5,0.01,,,29.54723,-95.54969,2,5570,21368,1.0,2017-10-07T05:00:00,1770,0.19,6,2,unknown
8950,N/A,38.1,180,[],2017-09-13T05:00:00,1760,1,2,0.0,Riverine,23088,0913_1245_1,Paint mark on left upstream concrete bridge apron.,only surveyed one of the two marks as other we were not able to determine what part of painted line was valid,4,2,0.4,,,30.28841,-94.04764,3,5785,22030,1.0,2017-09-27T05:00:00,13,0.24,6,2,West Tenmile Creek
9667,Right,188.0,180,[],2017-09-11T05:00:00,1772,2,2,3.89,Riverine,22261,0911_1638,debris line on barbwire fence,,4,2,0.4,,,29.9478,-95.92415,8,6203,21567,1.0,2017-09-11T05:00:00,1772,0.119,7,2,Live Oak Creek
10197,N/A,5.391,180,[],2017-09-24T05:00:00,1854,1,2,3.07,Coastal,25273,0924_1637_2,Debris on fence west side of Oyster Park,,3,2,0.15,,,28.61086,-96.21506,3,6620,23208,1.0,2017-09-24T05:00:00,1854,1.8,6,4,Tres Palacios Bay
10005,Left,73.6,180,[],2017-09-17T04:00:00,1835,1,2,4.69,Riverine,23822,0917_1153_01,"Nail in tree, on Co.Rd#1416 on upstream, rightbank, 538ft due East from HWY 87",,3,5,0.2,,,30.60464,-93.79581,5,6561,22413,1.0,2017-09-29T04:00:00,1645,0.068,6,2,Unknown
10153,Left,322.197,180,[],2017-09-26T05:00:00,1853,1,2,0.0,Riverine,25271,09-26-1146-2,Debris on tree next to practice tee,,4,2,0.4,,,30.06563,-97.29144,7,6602,23204,1.0,2017-09-26T05:00:00,1853,0.236,6,2,Riverine
7882,N/A,340.723,180,[],2017-09-09T05:00:00,1822,1,2,4.23,Riverine,21858,1700,Mud in trees 100 ft upstream of Rail Road Bridge's 3rd trussell  50 feet upstream of remaming Gas pipeline marker,time of discovery used as label,2,1,,,,29.67581,-97.60373,5,5285,21335,1.0,2017-09-22T05:00:00,1834,0.12,6,2,Plum creek nr Luling
8564,N/A,63.822,180,[],2017-09-06T05:00:00,1762,1,2,12.08,Riverine,21917,0906_1520_3,A seed line on the concrete of the Christian building west of the river,,1,5,0.01,,,29.54723,-95.54969,2,5570,21368,1.0,2017-10-07T05:00:00,1770,0.19,6,2,unknown
7573,N/A,31.26,180,[],2017-09-05T05:00:00,1762,1,2,,Riverine,21444,0905_1135_2,"SEED LINE UNDER BRIDGE AT OTHER END, OPPOSITE SIDE. MARKED WITH PAINT AND TAPE. UPSTREAM RIGHT.",,2,2,,,,28.800392,-96.656574,3,5145,21033,1.0,2017-09-08T05:00:00,1770,0.095144,6,2,unknown
9847,N/A,3.34,180,[],2017-09-11T05:00:00,1833,1,2,0.0,Riverine,22262,0911_1107_1,"Grassy area by riverbank at end of Waco, 10 m north of toolshed. Private residence. Marked with flag.",,2,2,0.1,,,29.52453,-94.487012,9,6338,21568,1.0,2017-09-19T05:00:00,1837,0.38,6,2,Shipping lane entering Rollover Bay
9154,Left,18.32,180,[],2017-09-14T05:00:00,1846,1,2,0.0,Riverine,23396,0914_1027_3,Debris line in grass next to generator of streamward face of stone building.  Stake with yellow flag and orange paint.,RTN in this area had a higher variability due to some nodes working intermittently,1,2,0.04,,,29.705612,-95.26366,7,5900,22188,1.0,2017-10-04T05:00:00,1770,0.5,6,2,Sims Bayou
9955,N/A,6.342,180,[],2017-09-23T05:00:00,1760,1,2,0.0,Riverine,24773,0915_0905_2,Debris on bank.,,2,2,0.1,,,29.7448961797,-94.8281450858,3,12573,22117,1.0,2017-09-23T05:00:00,1760,0.046,6,2,TRINITY BAY
9158,Left,21.19,180,[],2017-09-14T05:00:00,1846,1,2,1.25,Riverine,23402,0914_1326_1,"Nail in one of two trees on the inner ring of the cul-de-sac, marked with orange paint and flagging.",,3,5,0.2,,,29.69286,-95.25797,5,5903,22191,1.0,2017-09-25T05:00:00,1645,,6,2,Sims Bayou
10038,Left,257.7,180,[],2017-09-19T04:00:00,1602,1,2,2.5,Riverine,23823,0919_1730_02,"Nail in telephone pole, downstream, left bank. First telephone pole on left bank. Marked with orange flagging.",,4,5,0.4,,,30.96786,-93.85378,5,6569,22414,1.0,2017-09-27T04:00:00,1645,0.062,6,2,Unknown
9090,N/A,140.263,180,[],2017-09-15T05:00:00,1762,1,2,3.63,Riverine,23453,0915_1000_1,"ORANGE NAIL+TAPE ON SWEETGUM TREE ON RIGHT UPSTREAM BANK, ABOUT 15 FT FROM APRON. SHOREWARD FACE OF TREE.",GPS had trouble under the trees.  Error was a little high,1,1,0.03,,,30.50193,-95.03129,5,5860,22211,1.0,2017-09-19T05:00:00,1770,0.022966,6,2,unknown
7866,Right,338.665,180,[],2017-09-09T05:00:00,1822,1,2,4.23,Riverine,21860,0909_1800,Nail in North side of tree 80 feet downstream of old bridge at mudline above debris pile,Discovery time used as label,2,2,,,,29.65606,-97.60262,5,5272,21340,1.0,2017-09-22T05:00:00,1834,0.12,6,2,Plum Creek East of Luling
10198,N/A,4.912,180,[],2017-09-24T05:00:00,1854,1,2,1.72,Coastal,25272,0924_1637_1,Debris on fence post at west side of park,,3,2,0.15,,,28.61106,-96.214,3,6620,23208,1.0,2017-09-24T05:00:00,1854,1.8,6,4,Tres Palacios Bay
8414,Right,64.38,180,[],2017-09-22T05:00:00,1791,1,2,4.1,Riverine,21540,21106_HWM2,Garage of 3458 Riviera Lane,Set nail/disk on exterior of garage (with owner's permission) to match excellent seed / fine debris line. Had to set up RTN about 400 ft away to get good sat coverage.,1,5,0.05,,,30.0093,-95.2221,3,5500,21106,1.0,2017-09-22T05:00:00,1840,0.1,6,2,San Jacinto River
8567,Right,71.49,180,[],2017-09-05T05:00:00,1786,6,2,0.0,Riverine,21096,0905_1729,Downstream from bridge,,3,2,0.2,,,29.18756,-95.95094,8,5571,20800,1.0,2017-09-05T05:00:00,1786,0.08,6,2,Water Hole Creek
9028,N/A,168.4,180,[],2017-09-17T05:00:00,1760,1,2,0.0,Riverine,23586,0917_1345_2,"Paint mark on concrete apron, right bank upstream side of bridge.",,4,1,0.3,,,30.93225,-94.45485,3,5827,22275,1.0,2017-10-04T05:00:00,1760,0.169,6,2,Billums Creek
9558,N/A,100.35,180,[],2017-09-09T05:00:00,1772,2,2,1.6,Riverine,21859,0909_1338,seed line on street sign pole,,3,5,0.2,,,29.77655,-95.68803,8,6139,21341,1.0,2017-09-09T05:00:00,1772,0.101,7,2,Buffalo Bayou
9848,N/A,3.13,180,[],2017-09-11T05:00:00,1833,1,2,0.0,Riverine,22263,0911_1124_2,"Grassy area by riverbank at end of Waco, 10 m east of trailer. Private residence. Marked with flag.",,2,2,0.1,,,29.52453,-94.487012,9,6338,21568,1.0,2017-09-19T05:00:00,1837,0.38,6,2,Shipping lane entering Rollover Bay
10098,N/A,4.0,180,[],2017-09-04T04:00:00,1760,1,2,1.2,Coastal,21185,0905_1010_1,,level 4 survey; field readings 2.803+1.2 ft,1,2,0.02,,,29.0774,-95.1344,4,6686,20874,1.0,2017-09-15T04:00:00,900,0.2,6,2,Unkown
10006,Right,74.9,180,[],2017-09-17T04:00:00,1835,1,2,4.87,Riverine,23824,0917_1153_02,"Nail in tree, on Co.Rd#1416 on downstream, right bank, 540 ft Due East from HWY 87    30.60448, -93.79577",,3,5,0.2,,,30.60448,-93.79577,5,6561,22413,1.0,2017-09-29T04:00:00,1645,0.068,6,2,Unknown
8480,N/A,94.865,180,[],2017-09-05T05:00:00,1762,1,2,0.0,Riverine,21861,0905_1545_1,"A debris line across the street (graeber) from the school. Near the blue ""for sale"" sign.",,1,2,0.03,,,29.5435,-95.7794,4,5541,21339,1.0,2017-10-07T05:00:00,1770,0.19,6,2,unknown
9089,N/A,140.411,180,[],2017-09-15T05:00:00,1762,1,2,2.2,Riverine,23454,0915_1000_2,"ORANGE NAIL+TAPE ON MAGNOLIA TREE BY LEFT UPSTREAM SIDE OF BRIDGE, ABOUT 25 FT FROM APRON. NEXT TO TWO LARGE FALLEN TREES",GPS had trouble under the trees.  Error is a little high,1,1,0.03,,,30.50193,-95.03129,5,5860,22211,1.0,2017-09-19T05:00:00,1770,0.022966,6,2,unknown
9856,Right,139.894,180,[],2017-09-11T05:00:00,330,1,2,5.35,Riverine,22264,0911_0835_1,"DEBRIS LINE ON TELEPHONE POLE ON NORTH SIDE OF COUNTY RD 388, IN PASTURE ACCESS ENTRANCE.",GNSS survey of TBM and tied in HWM,3,2,,,,30.35553,-95.11847,,6357,21569,1.0,2017-09-18T05:00:00,1841,0.2014,2,2,EAST FORK SAN JACINTO RIVER
10268,N/A,43.9,180,[],2017-09-22T05:00:00,1834,1,2,0.0,Riverine,24459,0922_1505_1,Debris line on right bank of channel/canal along right of way.  ~500ft DS from the bridge/road/gate. Orange paint and stake.,,4,2,0.3,,,29.87952,-94.93197,7,6713,22754,1.0,2017-09-29T05:00:00,1727,0.08,6,2,Cedar Bayou
8576,N/A,62.215,180,[],2017-09-06T05:00:00,1762,1,2,0.0,Riverine,21986,0906_1200_1,Seed line on the western end underneath the bridge,Tape that marked HWM missing so measured what appeared to be the HWM,1,5,0.02,,,29.5747,-95.60663,2,5576,21400,1.0,2017-10-07T05:00:00,1770,0.19,6,2,unknown
10199,N/A,5.858,180,[],2017-09-24T05:00:00,1854,1,2,3.34,Coastal,25274,0924_1637_3,Debris on fence post at south side of Oyster Park,,3,2,0.15,,,28.61093,-96.21428,3,6620,23208,1.0,2017-09-24T05:00:00,1854,1.8,6,4,Tres Palacios Bay
8923,N/A,22.4,180,[],2017-09-13T05:00:00,1760,1,2,3.9,Riverine,23092,0913_1215_1,Good mark on playhouse 3.9 ft above ground.,level III,2,2,0.1,,,30.20817,-94.08482,4,5772,22032,1.0,2017-09-25T05:00:00,13,0.16,6,2,Lower Neches
9546,Right,122.127,180,[],2017-09-28T05:00:00,1854,1,2,1.632,Riverine,25275,0928_1802_1,Mark on chain link fence post on right side of home,,3,2,0.15,,,29.56698,-96.04893,4,6416,21900,1.0,2017-09-28T05:00:00,1854,0.115,6,2,San Bernard River
7574,N/A,19.134,180,[],2017-09-05T05:00:00,1762,1,2,2.45,Riverine,21447,0905_1200_1,MUD LINES IN 3 METAL ENDS OF BRIDGE. MARKED WITH TAPE AND PAINT.,,2,1,,,,28.844957,-96.711747,3,5146,21034,1.0,2017-09-08T05:00:00,1770,0.095144,6,2,unknown
10095,N/A,4.7,180,[],2017-09-04T04:00:00,1760,1,2,0.0,Coastal,21148,0905_1025_1,"West side of home labeled ""Casita Del Mar""",level 4 survey; field readings 4.705 ft,3,2,0.2,,,29.0725,-95.1235,4,6685,20858,1.0,2017-09-15T04:00:00,900,0.2,6,2,NA
10212,N/A,125.46,180,[],2017-09-15T05:00:00,1762,1,2,4.15,Riverine,23456,0915_1035_2,"ORANGE TAPE ON BARBED WIRE FENCE POST, ON SOUTH SIDE OF ROAD. FAR RIGHT UPSTREAM SIDE, ABOUT 100 FT FROM TELEPHONE POLE WITH WHITE SIGN",,4,2,0.4,,,30.51027,-94.99924,2,6692,22212,1.0,2017-09-19T05:00:00,1770,0.022966,6,2,unknown
9389,N/A,25.5,180,[],2017-09-06T04:00:00,1599,1,2,5.27,Riverine,21282,2,Tree on the N side of CR 167 to the right of telephone pole just before the dead end.  marked with a painted nail and pink flagging tape,level 4 survey; field readings 22.334+2.98tu; +0.16' GNSS adjustment,3,5,,,,29.35353,-95.18681,5,6042,20914,1.0,2017-09-16T04:00:00,900,0.006562,6,2,halls bayou
7575,N/A,19.941,180,[],2017-09-05T05:00:00,1762,1,2,2.8,Riverine,21448,0905_1200_2,MUD LINES IN 3 METAL ENDS OF BRIDGE. MARKED WITH TAPE AND PAINT. ONE MORE FOUND THAT IS 2.2 FT.,,2,1,,,,28.844886,-96.711814,3,5146,21034,1.0,2017-09-08T05:00:00,1770,0.095144,6,2,unknown
8481,N/A,95.131,180,[],2017-09-05T05:00:00,1762,1,2,0.0,Riverine,21863,0905_1545_2,"A debris line across the street (graeber) from the school. Near the blue ""for sale"" sign.",Mark not well defined - measured what looked like the mark,1,2,0.03,,,29.5435,-95.7794,4,5541,21339,1.0,2017-10-07T05:00:00,1770,0.19,7,2,unknown
9559,N/A,100.73,180,[],2017-09-09T05:00:00,1772,2,2,1.52,Riverine,21864,0909_1352,seed line on cement base of parking lot light,,2,5,0.1,,,29.77657,-95.68904,8,6139,21341,1.0,2017-09-09T05:00:00,1772,0.0437,7,2,Buffalo Bayou
8594,Right,44.44,180,[],2017-09-06T05:00:00,1786,6,2,0.0,Riverine,21236,0906_1423,Behind church,,3,2,0.2,,,29.14024,-95.8092,8,5585,20899,1.0,2017-09-06T05:00:00,1786,0.11,6,2,Linnville Bayou
8586,Left,36.68,180,[],2017-09-06T05:00:00,1786,6,2,0.0,Riverine,21229,0906_1319,,,3,2,0.2,,,29.08345,-95.738,8,5581,20896,1.0,2017-09-06T05:00:00,1786,0.09,6,2,Linnville Bayou
8629,Right,24.75,180,[],2017-09-08T05:00:00,1786,6,2,1.0,Riverine,21589,0908_0904,Downstream side of bridge,,2,5,0.1,,,29.0785,-95.68329,8,5601,21145,1.0,2017-09-08T05:00:00,1786,0.17,6,2,San Bernard River
9385,N/A,10.99,180,[],2017-09-13T05:00:00,1833,1,2,2.1,Riverine,22713,0913_1800_1,Faint mudline on a tree marked by tape. Located south of bridge and west of channel near telephone pole.,,4,1,0.3,,,29.805707,-94.838454,2,6040,21854,1.0,2017-10-06T05:00:00,1770,0.04,6,2,Cotton Bayou
9564,N/A,100.86,180,[],2017-09-09T05:00:00,1772,2,2,2.72,Riverine,21865,0909_1410,seed line on rod iron fence,,2,5,0.1,,,29.76068,-95.70302,8,6142,21342,1.0,2017-09-09T05:00:00,1772,0.0484,7,2,Buffalo Bayou
9091,N/A,82.142,180,[],2017-09-15T05:00:00,1762,1,2,0.0,Riverine,23457,0915_1120_1,WASH LINE. ORANGE PAINT LINE ON LEFT UPSTREAM APRON. TOP OF LINE MARKS WASH LINE,,1,9,0.03,,,30.53514,-94.94645,3,5861,22213,1.0,2017-09-19T05:00:00,1770,0.022966,6,2,unknown
8901,N/A,20.0,180,[],2017-09-13T05:00:00,1760,1,2,3.4,Riverine,23094,0913_1130_1,"USGS plastic marker on chain-link fence, SE of Pine Forest Elementary School, E side of Hwy 105.",levelIII,2,2,0.1,,,30.18182,-94.02383,4,5758,22034,1.0,2017-09-25T05:00:00,13,0.16,6,2,Tenmile Creek to Neches River
9020,N/A,200.23,180,[],2017-09-17T05:00:00,1760,1,2,0.6,Riverine,23563,0917_0900_1,"Orange paint mark on large tree in park area, left downstream side of bridge , W side of Hwy 96.",,1,1,0.05,,,30.91865,-93.99747,3,5821,22262,1.0,2017-09-19T05:00:00,1722,0.1523,6,2,Sandy Creek
9386,N/A,10.2,180,[],2017-09-13T05:00:00,1833,1,2,2.3,Riverine,22714,0913_1805_2,"Faint mudline on a tree marked by tape. Located near first HWM, but slightly further from the road.",,4,1,0.3,,,29.805707,-94.838454,2,6040,21854,1.0,2017-10-06T05:00:00,1770,0.04,6,2,Cotton Bayou
9092,N/A,81.772,180,[],2017-09-15T05:00:00,1762,1,2,0.0,Riverine,23458,0915_1120_2,WASH LINE. ORANGE PAINT LINE ON RIGHT DOWNSTREAM APRON. BOTTOM OF LINE MARKS WASH LINE,,1,9,0.03,,,30.53514,-94.94645,3,5861,22213,1.0,2017-09-19T05:00:00,1770,0.022966,6,2,unknown
10007,N/A,72.6,180,[],2017-09-17T04:00:00,1835,1,2,4.56,Riverine,23828,0917_1153_03,"Nail in tree, upstream, left bank, 500 ft from stream center on edge of CoRd#1416",,3,5,0.2,,,30.60638,-93.79119,5,6561,22413,1.0,2017-09-29T04:00:00,1645,0.068,6,2,Unknown
9570,N/A,101.32,180,[],2017-09-09T05:00:00,1772,2,2,0.0,Riverine,21866,0909_1446,seed line on bridge support beam,,2,5,0.1,,,29.75622,-95.71381,8,6145,21344,1.0,2017-09-09T05:00:00,1772,0.3174,7,2,Mason Cr
10029,Right,217.8,180,[],2017-09-19T04:00:00,1602,1,2,5.17,Riverine,23827,0919_1515_01,"Nail in downstream, right bank, 20 ft. from stream, 30 ft from road. Marked with orange flagging.",,3,5,0.2,,,30.90465,-93.88115,5,6567,22418,1.0,2017-09-27T04:00:00,1645,0.062,6,2,Unknown
9857,N/A,140.273,180,[],2017-09-11T05:00:00,330,1,2,0.0,Riverine,22268,0911_0845_2,"WASH LINE IN NORTH SIDE OF COUNTY RD. 388 DITCH, 270FT WEST OF OTHER HWM",GNSS survey of TBM and tied in HWM,3,9,,,,30.35555,-95.11936,9,6357,21569,1.0,2017-09-18T05:00:00,1841,0.2014,2,2,EAST FORK SAN JACINTO RIVER
8588,Left,31.56,180,[],2017-09-06T05:00:00,1786,6,2,0.0,Riverine,21231,0906_1334,Upstream from bridge,,4,2,0.4,,,29.05025,-95.74931,8,5583,20897,1.0,2017-09-06T05:00:00,1786,0.1,6,2,Cedar Lake Creek
9553,N/A,114.76,180,[],2017-09-11T05:00:00,1834,1,2,4.25,Riverine,22855,0911_1048_2,"531 College St. East Bernard, TX
Located on telephone pole.",,5,5,0.5,,,29.52654,-96.06147,5,6418,21906,1.0,2017-09-29T05:00:00,1854,0.115,6,2,San Bernard River
9875,N/A,30.45,180,[],2017-09-22T05:00:00,1833,1,2,0.0,Riverine,22716,0913_1920_1,faint wash line on upstream right bank 100 ft from bridge,,4,3,0.3,,,29.956003,-94.400619,2,6358,21855,1.0,2017-09-22T05:00:00,1837,0.018,6,2,Vogel Gully
10207,N/A,145.28,180,[],2017-09-12T05:00:00,1834,1,2,0.9,Riverine,23096,hwm2,South end of bridge on downstream side of road.,,2,5,0.1,,,29.58992,-96.17787,3,5795,22035,1.0,2017-09-23T05:00:00,1839,0.0237,6,1,San Bernard River
10030,N/A,218.1,180,[],2017-09-19T04:00:00,1602,1,2,1.0,Riverine,23829,0919_1515_02,"Nail in tree, downstream, left bank, 20 ft from stream center. Marked with orange flagging.",,3,5,0.2,,,30.90487,-93.88117,5,6567,22418,1.0,2017-09-27T04:00:00,1645,0.062,6,2,Unknown
9155,Left,27.38,180,[],2017-09-14T05:00:00,1846,1,2,2.14,Riverine,23401,0914_1233_3,"Seedline on tree at end of dead end road Ruell St.  Marked wth a nail, orange flagging and orange paint.",RTN in this area had a higher variability due to some nodes working intermittently,3,5,0.2,,,29.69385,-95.25196,5,5901,22190,1.0,2017-10-04T05:00:00,1770,0.5,6,2,Unknown canal flowing into Sims Bayou
9093,N/A,83.484,180,[],2017-09-15T05:00:00,1762,1,2,0.0,Riverine,23459,0915_1215_1,"ORANGE STAKE+TAPE IN GROUND AT DEBRIS LINE. BLACK LINE MARKS DEBRIS LINE. AT 
BASE OF DAM, ABOUT 60 FT OFF SPILLWAY",,1,2,0.03,,,30.55911,-94.8819,7,5863,22214,1.0,2017-09-19T05:00:00,1770,0.022966,6,2,unknown
10270,N/A,64.62,180,[],2017-09-22T05:00:00,1834,1,2,1.23,Riverine,24465,0922_1312_1,"Nail in tree behind barbed wire fence left bank, west side of road, ~50ft north of private gate/bridge. Orange flagging and paint.",,1,5,0.04,,,30.0086,-95.05143,5,6714,22756,1.0,2017-09-29T05:00:00,1727,0.08,6,2,Cedar Bayou
7576,N/A,59.905,180,[],2017-09-05T05:00:00,1762,1,2,0.0,Riverine,21451,0905_1255_1,MARKED MUD LINE ON CONCRETE OF THE HIGHER BRIDGE. MARKED WITH PAINT AND TAPE ON BOTH ENDS OF BRIDGE.,,2,1,,,,28.923029,-96.755046,3,5147,21037,1.0,2017-09-08T05:00:00,1770,0.095144,6,2,unknown
10123,Left,150.827,180,[],2017-09-23T05:00:00,1853,1,2,2.55,Riverine,24776,09-23_1411_1,Debris line on Fence line and vines 50' from downstream of culvert  bridge,,4,2,0.4,,,29.0195,-97.0535,7,6592,22829,1.0,2017-09-23T05:00:00,1853,0.036,6,2,Riverine
7590,N/A,6.893,180,[],2017-09-06T05:00:00,1762,6,2,0.0,Coastal,21532,0906_1220_1,"DEBRIS LINE MARKED WITH TAPE, FLAG, AND PAINT.",,2,2,,,,28.637274,-96.457309,3,5156,21099,1.0,2017-09-09T05:00:00,1770,0.042651,6,2,unknown
8591,N/A,42.41,180,[],2017-09-06T05:00:00,1786,6,2,0.0,Riverine,21233,0906_1410,"Not sure which bank, water everywhere, many bends in creek.",,2,2,0.1,,,29.10678,-95.77935,8,5584,20898,1.0,2017-09-06T05:00:00,1786,0.16,6,2,Linnville Bayou
9393,N/A,16.8,180,[],2017-09-06T04:00:00,1599,1,2,3.07,Riverine,21262,1,Far left breaker box at electrical meters at the dead end of baker rd marked with sharpie labeled HWM and flagged,level 4 survey; field readings 3.01TU+13.590; +0.16' GNSS adjustment,1,5,,,,29.31628,-95.09795,4,,20909,1.0,2017-09-16T04:00:00,900,0.006562,6,2,willow bayou
10090,N/A,4.0,180,[],2017-09-04T05:00:00,1760,1,2,0.0,Coastal,21141,0905_1040_2,A debris line can be seen on the side of the road. South Side,level 4 survey; 4.028' field reading,2,3,0.1,,,29.07177,-95.12829,4,6684,20848,1.0,2017-09-15T05:00:00,900,0.2,6,2,Gulf of America
10009,Left,73.1,180,[],2017-09-17T04:00:00,1835,1,2,2.0,Riverine,23830,0917_1153_04,"30.60617, -93.79089   Nail in tree on downstream, left bank, 500ft from stream center on edge of CoRd#1416",,3,5,0.2,,,30.60464,-93.79581,5,6561,22413,1.0,2017-09-29T04:00:00,1645,0.068,6,2,Unknown
9876,N/A,30.4,180,[],2017-09-22T05:00:00,1833,1,2,0.0,Riverine,22717,0913_1925_2,faint wash line on upstream right bank 60 ft from bridge,,4,3,0.4,,,29.956003,-94.400619,8,,21855,0.0,2017-09-22T05:00:00,1837,0.018,6,2,Vogel Gully
8621,Right,10.04,180,[],2017-09-07T05:00:00,1786,6,2,0.0,Riverine,21508,0907_1320,Upstream from bridge,,3,1,0.2,,,28.96943,-95.43182,8,5597,21073,1.0,2017-09-07T05:00:00,1786,0.04,6,2,Jones Creek
8634,Right,19.03,180,[],2017-09-08T05:00:00,1786,6,2,0.0,Riverine,21596,0908_0946,,,3,2,0.2,,,29.04127,-95.64935,8,5603,21148,1.0,2017-09-08T05:00:00,1786,0.12,6,2,San Bernard River
9171,N/A,8.65,180,[],2017-09-14T05:00:00,1760,1,2,2.5,Riverine,23125,0914_1030_1,"USGS plastic marker on private chain-link fence W side of Hwy 408, approx 200 ft S of channel.",level III,4,2,0.4,,,30.05347,-93.85742,4,5908,22048,1.0,2017-09-26T05:00:00,13,0.13,6,2,Lower Sabine River
9187,N/A,53.635,180,[],2017-09-16T05:00:00,1762,1,2,1.66,Riverine,23691,0916_1030_2,"BLACK SHARPIE LINE+ORANGE PAINT ON RIGHT UPSTREAM GUARDRAIL POST, 2 POSTS AWAY FROM WHITE REFLECTOR, 12TH FROM END OF GUARDRAIL.",,2,1,0.1,,,30.25567,-94.36494,4,5915,22333,1.0,2017-09-22T05:00:00,1770,0.049213,6,2,unknown
10206,N/A,144.8,180,[],2017-09-12T05:00:00,1834,1,2,0.75,Riverine,23097,hwm1,North end of bridge on downstream side of road.,,2,5,0.1,,,29.59014,-96.17764,3,5795,22035,1.0,2017-09-23T05:00:00,1839,0.0237,6,1,San Bernard River
9557,N/A,110.159,180,[],2017-09-29T05:00:00,1854,1,2,0.0,Riverine,25278,0929_1107_4,Stake set by home owner at peak of event and adjacent to East Cypress St.,,3,2,0.2,,,29.50628,-96.03464,7,6419,21909,1.0,2017-09-29T05:00:00,1854,0.115,6,2,San Bernard River
7577,N/A,45.246,180,[],2017-09-05T05:00:00,1762,1,2,0.0,Riverine,21453,0905_1330_1,MUD LINE MARKED WITH PAINT UNDER THE BRIDGE,,2,1,,,,28.91324,-96.774346,3,5148,21038,1.0,2017-09-08T05:00:00,1770,0.095144,6,2,unknown
9871,Right,157.01,180,[],2017-09-11T05:00:00,330,1,2,3.75,Riverine,22271,0911_1000_1,"NAIL IN TELEPHONE POLE, SOUTH SIDE OF ENTRANCE ROAD",GNSS surveyed a TBM and tied in HWM,4,2,,,,30.34467,-95.09203,5,6518,21572,1.0,2017-09-18T05:00:00,1841,0.2014,2,2,NO NAME DRAINAGE
8408,N/A,14.53,180,[],2017-09-17T05:00:00,1612,1,2,2.9,Riverine,21721,0909_0829_1,HWM Section 29.  Home near overtopped bridge at intersection of cedar dr and cherry dr.,Flagged by Grover / Ashmore. - confirmed by this level run and conversation with homeowner present during the event.,1,5,0.05,,,29.4609,-95.06325,4,5496,21246,1.0,2017-09-17T05:00:00,1840,0.07,6,2,Dickenson Bayou
8418,Left,56.16,180,[],2017-09-08T05:00:00,1791,1,2,0.0,Riverine,21565,21131 LBHWM,250 ft N of bridge,river left,3,2,0.2,,,30.00071,-95.1588,6,5503,21131,1.0,2017-09-21T05:00:00,1840,0.07,6,2,Tributary to Lake Houston
8628,Left,15.96,180,[],2017-09-08T05:00:00,1786,6,2,0.0,Riverine,21587,0908_0830,Downstream side of road,,3,2,0.2,,,29.01176,-95.58314,8,5600,21142,1.0,2017-09-08T05:00:00,1786,0.08,6,2,San Bernard River
8643,N/A,71.79,180,[],2017-09-08T05:00:00,1786,6,2,3.75,Riverine,21609,0908_1138,On shed,,2,5,0.1,,,29.26144,-95.89439,8,5608,21156,1.0,2017-09-08T05:00:00,1786,0.24,6,2,San Bernard River?
8649,Left,49.24,180,[],2017-09-08T05:00:00,1786,6,2,0.0,Riverine,21625,0908_1351,,,4,2,0.4,,,29.29369,-95.65365,8,5611,21165,1.0,2017-09-08T05:00:00,1786,0.05,6,2,Cow Creek
10728,N/A,4.07,180,[],2017-09-10T05:00:00,1521,1,4,1.92,Riverine,22719,LC-JKN2-024A,LC-JKN2-024A at Excellent seed line on uss headwall of box culvert at West Prien Lake Road,,2,5,,,,30.1804,-93.26806,6,6973,21857,1.0,2017-09-10T05:00:00,1521,0.1,6,2,Henderson Bayou
9801,N/A,45.2,180,[],2017-09-09T04:00:00,1760,1,2,1.2,Riverine,21997,0909_0800_1,Seed Line on the northern end of the bridge,level 4 survey; field readings RTK 44.093+1.12TU,1,5,0.02,,,29.38931,-95.4099,2,6506,21407,1.0,2017-09-17T04:00:00,900,0.6,6,2,Unknown
9872,Right,156.149,180,[],2017-09-11T05:00:00,330,1,2,0.0,Riverine,22272,0911_1010_2,"LINE PAINTED ON ROAD FROM DEBRIS IN DITCHES AND YARDS AT SOUTH EAST PARK ENTRANCE, 40FT EAST OF OTHER HWM",GNSS survey to TBM and tied in HWM,4,4,,,,30.34467,-95.09203,3,6518,21572,1.0,2017-09-18T05:00:00,1841,0.2014,2,2,NO NAME DRAINAGE
10271,N/A,71.71,180,[],2017-09-22T05:00:00,1834,1,2,4.09,Riverine,24468,0922_1140_1,"Nail in tree on north side of FM 1960 right bank ~ 40ft west of end of guard rail and ~90ft in from the road.  Marked with orange paint, flagging and stake at the edge of the woods as an indicator.",,2,2,0.08,,,30.03632,-95.05484,5,6715,22757,1.0,2017-09-29T05:00:00,1727,0.08,6,2,Cedar Bayou
8631,Right,19.46,180,[],2017-09-08T05:00:00,1786,6,2,0.0,Riverine,21592,0908_0926,,,4,1,0.4,,,29.05259,-95.68073,8,5602,21147,1.0,2017-09-08T05:00:00,1786,0.15,6,2,San Bernard River
8635,N/A,30.73,180,[],2017-09-08T05:00:00,1786,6,2,0.0,Riverine,21597,0908_1017,,,3,2,0.2,,,29.1124,-95.70769,8,5604,21149,1.0,2017-09-08T05:00:00,1786,0.18,6,2,San Bernard
8637,Left,40.68,180,[],2017-09-08T05:00:00,1786,6,2,0.0,Riverine,21601,0908_1036,Downstream from bridge,,4,2,0.4,,,29.16057,-95.7649,8,5605,21152,1.0,2017-09-08T05:00:00,1786,0.08,6,2,San Bernard River
9802,N/A,44.8,180,[],2017-09-09T04:00:00,1760,1,2,3.22,Riverine,21999,0909_0800_2,"Seed Line on the northern end of the bridge, opposite side",level 4 survey; field readings RTK 41.784+3.02TU,1,5,0.02,,,29.38931,-95.4099,4,6506,21407,1.0,2017-09-17T04:00:00,900,0.6,6,2,Unknown
7830,N/A,77.815,180,[],2017-09-07T05:00:00,1760,1,2,0.45,Riverine,21758,0907_1600_3,"SEED LINE FOUND UNDER BRIDGE AND TRANSPOSED TO OUTSIDE, MARKED WITH PAINT ON UPSTREAM RIGHT SIDE.",,2,5,,,,29.10167,-96.17662,3,5260,21270,1.0,2017-09-09T05:00:00,1770,0.042651,6,2,Unknown
9879,Right,136.035,180,[],2017-09-11T05:00:00,330,1,2,,Riverine,22273,0911_1115_1,"EXTREME RIGHT EDGE OF WATER, BETWEEN POND AND CORNER STONE CHURCH, NEAR TREE TRUNK, LABELED BY OTHER PARTY RU-25",GNSS survey of mark,3,4,,,,30.33449,-95.1229,3,6519,21573,1.0,2017-09-18T05:00:00,1841,0.2014,6,2,WHISKEY BRANCH
9241,N/A,30.371,180,[],2017-09-18T05:00:00,1760,1,2,7.22,Riverine,24153,0918_1810_2,NAIL+TAPE ON TELEPHONE POLE IN BETWEEN HOUSES 1302 AND 1306 ON WOODWAY,,3,5,0.2,,,30.16346,-94.31731,5,5947,22584,1.0,2017-09-21T05:00:00,1770,0.055774,6,2,Unknown
9462,N/A,73.728,180,[],2017-09-05T05:00:00,1762,1,2,4.03,Riverine,21871,0905_1847_2,"Debris snag line on the left edge of water, downstream on the fence",,1,2,0.02,,,29.469,-95.7726,2,6398,21346,1.0,2017-10-11T05:00:00,1645,0.023,6,2,unknown
8969,N/A,134.55,180,[],2017-09-12T05:00:00,1834,1,2,0.0,Riverine,23099,hwm1,East end of bridge on downstream side of road.,,2,5,0.1,,,29.56367,-96.141456,3,5798,22037,1.0,2017-09-23T05:00:00,1839,0.0237,6,1,San Bernard River
10729,N/A,4.07,180,[],2017-09-10T05:00:00,1521,1,4,,Riverine,22720,LC-JKN2-024B,Good seed line on tree on us left bank approx 30ft us of culvert at West Prien Lake Road,,2,5,,,,30.1804,-93.26806,4,,21857,0.0,2017-09-10T05:00:00,1521,0.1,6,2,Henderson Bayou
9881,Right,136.217,180,[],2017-09-11T05:00:00,330,1,2,0.05,Riverine,22274,0911_1125_2,"NAIL IN BASE OF TREE, LABELED RU-30, 120 EAST OF OTHER HWM",GNSS survey of TBM and tied in to HWM,3,9,,,,30.33451,-95.12253,5,6519,21573,1.0,2017-09-18T05:00:00,1841,0.2014,2,2,WHISKEY BRANCH
7877,Right,352.517,180,[],2017-09-09T05:00:00,1822,1,2,2.55,Riverine,21848,1540,Nail in tree by roadside 100 yards upstream rt bank,Discovery time used as lable,2,1,,,,29.71868,-97.60104,5,5282,21329,1.0,2018-09-22T05:00:00,1834,0.12,6,2,Plum Creek
9238,N/A,29.117,180,[],2017-09-21T05:00:00,1770,1,2,,Riverine,24154,22295-3,"Seed line on outside staircase of house; actual northing/easting - 3344327.541, 955595.059",,1,5,0.05,,,30.1447,-94.27252,8,5944,22295,1.0,2017-09-21T05:00:00,1770,0.055774,6,2,Neches River
9579,N/A,108.17,180,[],2017-09-09T05:00:00,1772,2,2,5.74,Riverine,21872,0909_1604,Seed line on power pole,,2,5,0.1,,,29.79984,-95.69312,8,6151,21348,1.0,2017-09-09T05:00:00,1772,0.0891,7,2,South Mayde Creek
10730,N/A,4.82,180,[],2017-09-10T05:00:00,1521,1,4,,Riverine,22721,LC-JKN2-025,Excellent seed line on upstream right abutment at Big Pines Lake Road,,1,5,,,,30.13268,-93.28288,4,6974,21858,1.0,2017-09-11T05:00:00,1521,,6,2,Trib ino Calcasieu River
9562,Left,110.69,180,[],2017-09-28T05:00:00,1854,1,2,0.0,Riverine,25279,0928_1517_3,"Wash line on LB, DS side of CR 211 bridge.",,3,9,0.2,,,29.45532,-96.13736,3,6421,21911,1.0,2017-09-28T05:00:00,1854,0.115,6,2,San Bernard River
8970,N/A,134.48,180,[],2017-09-12T05:00:00,1834,1,2,0.0,Riverine,23100,hwm2,West end of bridge on downstream side of road.,,2,5,0.1,,,29.5636,-96.14168,3,5798,22037,1.0,2017-09-23T05:00:00,1839,0.0237,6,1,San Bernard River
7884,Right,393.97,180,[],2017-09-10T05:00:00,1822,1,2,4.16,Riverine,22080,1000,Mud line on Bridge truss where the concrete skirt meets the dirt rt bank downstreem,,1,1,,,,30.14694,-96.95699,4,5287,21433,1.0,2017-09-20T05:00:00,1760,0.23,6,2,Rabbs Creek
8644,Right,62.23,180,[],2017-09-08T05:00:00,1786,6,2,0.0,Riverine,21611,0908_1201,Right bank? Upstream side of Caldwell Road,,4,2,0.4,,,29.25711,-95.86797,8,5609,21157,1.0,2017-09-08T05:00:00,1786,0.07,6,2,San Bernard River
9883,Left,124.387,180,[],2017-09-11T05:00:00,330,1,2,6.78,Riverine,22275,0911_1230_1,"SEED LINE IN INTERIOR OF DAMAGED BUILDING, TRANSCRIBED ONTO EASTERN GARAGE DOOR",GNSS survey of TBM and tied in HWM,2,5,,,,30.30182,-95.11379,5,6520,21574,1.0,2017-09-18T05:00:00,1841,0.2014,2,2,EAST FORK SAN JACINTO
9563,Left,110.29,180,[],2017-09-28T05:00:00,1854,1,2,0.0,Riverine,25280,0928_1517_4,"Wash line on LB, US side of CR 211 bridge.",,3,9,0.2,,,29.45532,-96.13736,3,6421,21911,1.0,2017-09-28T05:00:00,1854,0.115,6,2,San Bernard River
10026,Right,96.6,180,[],2017-09-19T04:00:00,1602,1,2,1.82,Riverine,23835,0919_1050_01,"Sharpie mark on downstream, right bank bridge abutment. Marked with orange paint.",,3,5,0.2,,,30.6957,-93.81221,4,6566,22421,1.0,2017-09-29T04:00:00,1645,0.068,6,2,Unknown
10273,N/A,84.48,180,[],2017-09-22T05:00:00,1834,1,2,4.6,Riverine,24471,0922_1030_1,"Nail in 14inch tree on right bank, ~45ft off the north side of the road. Tree is ~ 30ft from the channel. Marked  with orange flagging, paint, a stake.",,2,5,0.07,,,30.10338,-95.00229,5,6716,22758,1.0,2017-09-29T05:00:00,1727,0.08,6,2,Cedar Bayou
9587,N/A,108.83,180,[],2017-09-09T05:00:00,1772,2,2,5.96,Riverine,21873,0909_1634,seed on electrical box,,2,5,0.1,,,29.80842,-95.67383,8,6154,21349,1.0,2017-09-09T05:00:00,1772,0.1908,7,2,South Mayde Creek
10099,N/A,3.1,180,[],2017-09-05T04:00:00,1760,1,2,0.0,Coastal,21186,0905_1010_2,,level 4 survey; field readings 3.146 ft,1,2,0.02,,,29.0774,-95.1344,4,6686,20874,1.0,2017-09-15T04:00:00,900,0.2,6,2,Unkown
8645,Right,62.47,180,[],2017-09-08T05:00:00,1786,6,2,0.0,Riverine,21612,0908_1202,Quality not noted in field. Right bank? Upstream side of Caldwell Rd,,4,1,0.4,,,29.25707,-95.86802,8,5609,21157,1.0,2017-09-08T05:00:00,1786,0.07,6,2,San Bernard River
9115,N/A,7.6,180,[],2017-09-14T05:00:00,1760,1,2,1.9,Riverine,23101,0914_0815_1,"USGS plastic marker on private chain-link fence, S side of Hwy 87",level III,2,2,0.1,,,30.06013,-93.80528,4,5878,22038,1.0,2017-09-26T05:00:00,13,0.13,6,2,Lower Sabine River
9233,N/A,33.199,180,[],2017-09-21T05:00:00,1770,1,2,,Riverine,24155,22293-3,"Perfect mark on inside of sliding glass door of house. Actual northing/easting is - 3346326.548, 955502.073",,1,6,0.05,,,30.16291,-94.27411,8,5941,22293,1.0,2017-09-21T05:00:00,1770,0.055774,6,2,Neches River
10027,Right,94.2,180,[],2017-09-19T04:00:00,1602,1,2,1.45,Riverine,23836,0919_1050_02,"Nail in wooden guardrail post on upstream, right bank. Marked with paint and flagging.",,3,5,0.2,,,30.69566,-93.81288,5,6566,22421,1.0,2017-09-29T04:00:00,1645,0.068,6,2,Unknown
9884,Left,124.188,180,[],2017-09-11T05:00:00,330,1,2,6.8,Riverine,22276,0911_1235_2,"NAIL IN TELEPHONE POLE, 30FT SOUTHEAST OF OTHER HWM",GNSS survey of TBM and tied in HWM,4,2,,,,30.30182,-95.11379,5,6520,21574,1.0,2017-08-18T05:00:00,1841,0.2014,2,2,EAST FORK SAN JACINTO
10732,N/A,23.53,180,[],2017-09-06T05:00:00,1521,1,4,,Riverine,22723,LC-JKN1-002,CSG at Downstream side bridge at Topsy Rd,3.11 from top of stick,1,6,,,,30.37358,-93.19816,9,6976,21860,1.0,2017-09-08T05:00:00,1521,0.1,6,2,Little Indian Bayou
9220,N/A,29.341,180,[],2017-09-16T05:00:00,1834,1,2,0.0,Riverine,23610,0916_1625_1,"ORANGE PAINT LINE ON CONCRETE ROAD EMBANKMENT, IN FRONT OF DEVELOPMENT SITE, ON RIGHT DOWNSTREAM SIDE",,3,1,0.2,,,30.1532,-94.19428,3,5934,22288,1.0,2017-09-21T05:00:00,1770,0.055774,6,2,Neches River
9572,Right,94.63,180,[],2017-09-11T05:00:00,1834,1,2,5.2,Riverine,22869,0911_1317_2,"About 35 feet south of residence at 2116 CR 219, East Bernard, TX 
Located 75 feet north of first mark, on big oak tree next to metal gate on right side of road (east side).",,5,2,0.5,,,29.44543,-96.04414,5,6424,21912,1.0,2017-09-28T05:00:00,1854,0.115,6,2,San Bernard River
10023,Left,112.5,180,[],2017-09-18T04:00:00,1602,1,2,4.41,Riverine,23837,0918_1645_01,"Nail in tree, downstream, left bank, 50 ft from guardrail, 100 ft. from stream center. Marked with orange flagging.",,3,5,0.2,,,30.73445,-93.82475,5,6565,22422,1.0,2017-09-29T04:00:00,1645,0.068,6,2,Unknown
7596,N/A,6.998,180,[],2017-09-06T05:00:00,1776,6,2,0.0,Coastal,21607,0906_1405_1,"ABOUT 700FT PAST BRIDGE, DEBRIS LINE MARKED ON SIDE WITH TAPE, PAINT, AND FLAG.",,2,2,,,,28.722746,-96.27025,7,5160,21154,1.0,2017-09-09T05:00:00,1770,0.042651,6,2,unknown
7597,N/A,7.014,180,[],2017-09-06T05:00:00,1776,6,2,0.0,Coastal,21610,0906_1405_2,"1000FT PAST OTHER POINT IS ANOTHER MARKED WITH FLAG, PAINT, AND TAPE.",,2,2,,,,28.72386,-96.268085,3,5160,21154,1.0,2017-09-09T05:00:00,1770,0.042651,6,2,unknown
7865,N/A,362.6,180,[],2017-09-09T05:00:00,1762,1,2,1.1,Riverine,23048,0909_1940_1,Debris line on bridge,Established temp Bench Mark to survey hwm's with level gun,1,2,,,,29.58155,-97.14355,2,5273,22009,1.0,2017-09-19T05:00:00,1760,,6,2,Rocky Creek
8976,N/A,118.95,180,[],2017-09-12T05:00:00,1834,1,2,0.0,Riverine,23102,hwm1,North end of bridge on upstream side of road.,,2,5,0.1,,,29.55718,-96.07871,3,5800,22039,1.0,2017-09-23T05:00:00,1839,0.0237,6,1,San Bernard River
8891,N/A,109.645,180,[],2017-09-08T05:00:00,1834,6,2,0.4,Riverine,22147,0908_1630_1,Orange paint on horizontal bridge beam on east side of bridge on downstream side.,,3,5,0.2,,,29.23343779,-96.49861111,,5753,21502,1.0,2017-09-21T05:00:00,1839,0.001,6,1,Lavaca River
9030,N/A,56.814,180,[],2017-09-12T05:00:00,1834,1,2,0.0,Riverine,23228,0912_1730_2,"WOODEN STAKE WITH ORANGE TAPE IN GROUND OF ROAD BANK BETWEEN DIRT ROAD AND FM105, SE OF HWM1. BLACK MARK ON STICK MARKS TOP OF DEBRIS LINE.",,4,2,0.3,,,30.27698,-94.79485,7,5829,22104,1.0,2017-09-18T05:00:00,1770,0.082021,6,2,Trinity River
9820,N/A,16.64,180,[],2017-09-11T05:00:00,1776,1,2,0.0,Riverine,22279,0911_2000_1,"Stake and paint mark edge of wash line. Identified after sunset, making it difficult to identify. Located on west side of Highway 124 approximately 50 ft north of bayou's edge.",,4,9,0.4,,,29.753706,-94.37659,7,6322,21576,1.0,2017-09-18T05:00:00,1837,0.17,6,2,Spindletop Bayou
9804,N/A,46.2,180,[],2017-09-09T04:00:00,1760,1,2,6.91,Riverine,22002,0909_0830_2,Seed Line South end of the bridge on the opposite bank,level 4 survey; field readings 45.309+0.85 TU,1,5,0.02,,,29.40396,-95.41049,2,6507,21408,1.0,2017-09-17T04:00:00,900,0.6,6,2,Unknown
9183,N/A,27.557,180,[],2017-09-15T05:00:00,1762,1,2,14.25,Riverine,23688,0915_1855_1,"ORANGE NAIL+TAPE ON TELEPHONE POLE AT LEFT END OF  DOWNSTREAM SIDE OF BRIDGE, ABOUT 15 FT OFF ROAD. ACROSS STREET FROM THREE PURPLE SPRAYPAINTED TREES AT END OF GUARDRAIL",,5,2,0.55,,,30.20203,-94.19686,5,5914,22332,1.0,2017-09-22T05:00:00,1770,0.049213,6,2,unknown
9886,Right,107.614,180,[],2017-09-11T05:00:00,330,6,2,0.0,Riverine,22278,0911_1625_2,"DEBRIS LINE IN NORTH DITCH OF COUNTY ROAD 370, 30FT NORTH OF OTHER HWM",,3,4,,,,30.2504,-95.11136,3,6521,21575,1.0,2017-09-19T05:00:00,1842,0.0235,6,2,EAST FORK SAN JACINTO RIVER
7578,N/A,45.335,180,[],2017-09-05T05:00:00,1762,1,2,6.1,Riverine,21461,0905_1350_1,UNDER THE TRAIN BRIDGE. LOOK IN THE TREES AT THE DEBRIS LINES. MARKED WITH TAPE AND PAINT.,,2,2,,,,28.913046,-96.773266,2,5149,21042,1.0,2017-09-08T05:00:00,1770,0.095144,6,2,unknown
9814,N/A,5.7,180,[],2017-09-25T05:00:00,1731,1,2,3.19,Riverine,24476,0925_1140_1,Mud line on Muddy Water Marina chain-link fence post on E side of Dupont Dr. Replaced former high-water marks that were too low.,New HWM at site to replace previous lower mark.,2,1,0.1,,,30.06479,-93.74792,4,6321,22217,1.0,2017-09-25T05:00:00,1731,0.124,6,2,Adams Bayou to Sabine River
10024,Right,113.9,180,[],2017-09-18T04:00:00,1602,1,2,6.19,Riverine,23838,0919_1645_02,"Nail in tree, downstream, right bank, 150 ft from stream center, 40 ft from guardrail. Marked with orange flagging.",,3,5,0.2,,,30.73897,-93.82513,5,6565,22422,1.0,2017-09-29T04:00:00,1645,0.068,6,2,Unknown
10274,N/A,85.12,180,[],2017-09-22T05:00:00,1834,1,2,5.24,Riverine,24474,0922_0945_1,Debris line on south side of chain link fence at a Kinder Morgan gas storage facility.,,3,2,0.2,,,30.10906,-95.00622,2,6717,22759,1.0,2017-09-29T05:00:00,1727,0.08,6,2,Cedar Bayou
8978,N/A,118.98,180,[],2017-09-12T05:00:00,1834,1,2,0.0,Riverine,23104,hwm2,South end of bridge on upstream side of road.,,2,5,0.1,,,29.55644,-96.17843,3,5800,22039,1.0,2017-09-23T05:00:00,1839,0.0237,6,1,San Bernard River
8521,N/A,90.605,180,[],2017-09-05T05:00:00,1762,1,2,5.0,Riverine,21875,0905_1510_1,A mudline in the tree across the street from the church.,,1,1,0.02,,,29.5785,-95.794,4,5554,21351,1.0,2017-10-07T05:00:00,1770,0.19,2,2,unknown
8892,N/A,108.92,180,[],2017-09-08T05:00:00,1834,6,2,,Riverine,22148,0908_1630_2,Orange paint on the apron on the west side of bridge on downstream side.,,5,1,0.5,,,29.23401286,-96.50175,3,5753,21502,1.0,2017-09-21T05:00:00,1839,0.001,6,1,Lavaca River
9184,N/A,28.217,180,[],2017-09-15T05:00:00,1762,1,2,13.25,Riverine,23689,0915_1855_2,ORANGE NAIL+TAPE ON TELEPHONE POLE NEAR RIGHT END OF DOWNSTREAM SIDE OF BRIDGE.,,2,2,0.1,,,30.20203,-94.19686,5,5914,22332,1.0,2017-09-22T05:00:00,1770,0.049213,6,2,unknown
9819,N/A,49.4,180,[],2017-09-09T04:00:00,1760,1,2,1.65,Riverine,22017,0909_1150_1,Seed line on the downstream end of the river on the wooden bridge,level 4 survey; field readings RTK 50.280-0.86 TD,1,5,0.02,,,29.455,-95.3149,2,6513,21416,1.0,2017-09-17T04:00:00,900,0.6,6,2,Unknown
10010,Left,104.1,180,[],2017-09-18T04:00:00,1835,1,2,2.99,Riverine,23839,0918_0954_01,Nail in door frame of Patrick's Automotive. Marked with orange flagging.,,1,5,0.05,,,30.66746,-93.89401,5,6562,22423,1.0,2017-09-27T04:00:00,1731,0.062,6,2,UNKNOWN
10096,N/A,4.6,180,[],2017-09-04T04:00:00,1760,1,2,,Coastal,21150,0905_1025_2,"East Side of Home labeled ""Casita Del Mar""",level 4 survey; field reading 4.608',1,2,0.02,,,29.0725,-95.1235,4,6685,20858,1.0,2017-09-15T04:00:00,900,0.2,6,4,NA
8979,N/A,124.2,180,[],2017-09-12T05:00:00,1834,1,2,2.15,Riverine,23105,hwm2,South end of bridge on downstream side of road on wooden pole of bridge.,,2,5,0.1,,,29.53312,-96.1088,5,5803,22040,1.0,2017-09-23T05:00:00,1839,0.0237,6,1,San Bernard River
7876,Right,362.657,180,[],2017-09-09T05:00:00,1822,1,2,2.8,Riverine,21847,1510,Fine debris in chain link gate rt bank 50 feet downstream of hwy bridge skirt,Time of mmt used as lable,2,2,,,,29.73096,-97.62656,2,5281,21328,1.0,2017-09-22T05:00:00,1834,0.12,6,2,Pine Oak Creek
9836,N/A,27.6,180,[],2017-09-14T05:00:00,1760,1,2,1.1,Riverine,23467,0914_1700_1,"USGS marker on chain-link fence, S side of Hwy 12.",,2,2,0.1,,,30.2369,-93.83148,4,6339,22218,1.0,2017-09-25T05:00:00,1731,0.124,6,2,Adams Bayou to Sabine River
9042,N/A,36.795,180,[],2017-09-13T05:00:00,1834,1,2,0.2,Riverine,23243,0913_1435_1,ORANGE STAKE IN GROUND ALONG BARBED WIRE FENCELINE OFF  SOUTH SIDE OF CR2231. NAIL IN STAKE MARKS DEBRIS LINE. ROW OF MAILBOXES  NEARBY,,3,2,0.2,,,30.125,-94.85508,7,5836,22111,1.0,2017-09-18T05:00:00,1770,0.082021,6,2,Trinity River
8522,N/A,90.271,180,[],2017-09-05T05:00:00,1762,1,2,4.24,Riverine,21876,0905_1510_2,A bush near the tree.,,1,2,0.02,,,29.5785,-95.794,4,5554,21351,1.0,2017-10-07T05:00:00,1770,0.19,2,2,unknown
8141,Right,195.612,180,[],2017-09-13T05:00:00,1822,1,2,0.0,Riverine,22726,1205,Paint line on riff raff under bridge on right bank -6.40 from bottom of bridge truss,"GNSS on tablet, differntial to HWM",2,2,,,,29.46713,-96.81269,3,5380,21863,1.0,2017-09-19T05:00:00,1839,0.0004,6,1,Navidad
9514,N/A,144.958,180,[],2017-09-09T05:00:00,1762,1,2,1.1,Riverine,22503,0909_1354_1,"Lat 29.45588 Long -96.38212
Located on gate post on east side of culvert on FM 950.",,5,1,0.5,,,29.45588,-96.38212,5,6408,21734,1.0,2017-10-09T05:00:00,1645,0.052,6,2,unknown
9188,N/A,41.608,180,[],2017-09-16T05:00:00,1762,1,2,1.04,Riverine,23747,0916_1125_1,"BLACK SHARPIE LINE+ORANGE TAPE ON 50 MPH AROUND CURVE SIGN, ON RIGHT UPSTREAM SIDE. BOTTOM OF BLACK LINE MARKS MUD LINE",,3,1,0.2,,,30.20584,-94.34612,4,5917,22334,1.0,2017-09-22T05:00:00,1770,0.049213,6,2,unknown
9231,N/A,31.263,180,[],2017-09-21T05:00:00,1770,1,2,,Riverine,24156,22292-3,"Window on 2nd floor of house near where other marks were made; actual northing/easting - 3347332.989, 959937.368",,1,2,0.05,,,30.16925,-94.22712,8,5939,22292,1.0,2017-09-21T05:00:00,1770,0.055774,6,2,Neches River
9401,N/A,22.6,180,[],2017-09-06T04:00:00,1599,1,2,2.06,Riverine,21276,2,painted nail with pink flagging tape on telephone pole with numbers 13013 in aluminum on S side of Sayko st,level 4 survey; field readings TU 2.18 +20.291; +0.16' GNSS adjustment,2,5,,,,29.35896,-95.09964,5,6049,20912,1.0,2017-09-16T04:00:00,900,0.006562,6,2,cloud bayou
9838,N/A,27.5,180,[],2017-09-14T05:00:00,1760,1,2,1.2,Riverine,23468,0914_1700_2,"USGS marker on chain-link fence S side of Hwy 12, directly W of HWM 0914_1700_1.",,2,2,0.1,,,30.23685,-93.83154,4,6339,22218,1.0,2017-09-25T05:00:00,1731,0.124,6,2,Adams Bayou to Sabine River
9818,N/A,5.7,180,[],2017-09-25T05:00:00,1731,1,2,2.13,Riverine,24478,0925_1140_2,Mud line on speed limit post just north of entrance to Muddy Water Marina on east side of DuPont Drive,New HWM to replace lower mark at site.,2,1,0.1,,,30.06479,-93.74792,4,6321,22217,1.0,2017-09-25T05:00:00,1731,0.124,6,2,Adams Bayou to Sabine River
10734,N/A,22.37,180,[],2017-09-06T05:00:00,1521,1,4,0.72,Riverine,22727,LC-JKN1-004,2772 Southern Drive,,1,5,,,,30.34957,-93.20866,4,6978,21864,1.0,2017-09-08T05:00:00,1521,0.1,6,2,Calcasieu
8523,N/A,90.787,180,[],2017-09-05T05:00:00,1762,1,2,3.02,Riverine,21877,0905_1510_3,A seed line can be seen on the front of the church,,1,5,0.02,,,29.5785,-95.794,4,5554,21351,1.0,2017-10-07T05:00:00,1770,0.19,6,2,unknown
9821,N/A,15.68,180,[],2017-09-11T05:00:00,1776,1,2,5.8,Riverine,22280,0911_2010_2,"Paint on telephone pole located on east side of Highway 124 approximately 50 ft north of bayou's edge. Mud line identified in the dark after sunset, making it difficult to identify.",,2,1,0.1,,,29.753706,-94.37659,3,6322,21576,1.0,2017-09-18T05:00:00,1837,0.17,6,2,Spindletop Bayou
8894,N/A,111.61,180,[],2017-09-08T05:00:00,1834,1,2,2.95,Riverine,22150,0908_1718_2,Mark located on southeast side of horizontal beam of bridge on downstream side.,,4,5,0.25,,,29.22767,-96.60685,5,5754,21503,1.0,2017-09-21T05:00:00,1839,0.001,6,2,Lavaca River
10278,Right,335.482,180,[],2017-09-27T05:00:00,1853,1,2,0.0,Riverine,25285,09-27-0800-1,Debris line/ Wash line  on left bank,,4,2,0.4,,,30.06782,-97.21942,3,6603,23209,1.0,2017-09-27T05:00:00,1853,0.236,6,2,Riverine
10735,N/A,22.39,180,[],2017-09-06T05:00:00,1521,1,4,0.88,Riverine,22728,LC-JKN1-05,Excellent seed line on front porch siding of house. Blue sharpie mark on siding 0.88' above concrete porch to right of front door at 470 Belle Avenue,,1,5,,,,30.35149,-93.20847,4,6979,21865,1.0,2017-09-08T05:00:00,1521,0.1,6,2,Calcasieu
10012,Left,105.6,180,[],2017-09-18T04:00:00,1835,1,2,3.31,Riverine,23841,0918_0954_02,Nail in telephone pole in lot just north of Patrick Automotive. Marked with orange flagging.,,2,5,0.1,,,30.6683,-93.89407,5,6562,22423,1.0,2017-09-27T04:00:00,1731,0.062,6,2,UNKNOWN
9887,Right,84.22,180,[],2017-09-11T05:00:00,330,1,2,0.6,Riverine,22281,0911_1730_1,"NAIL IN DEBRIS LINE IN SOUTH DITCH OF WILLABY ROAD, ALSO FLAGGED RU-35",GNSS survey of TBM and ran levels to HWM,2,4,,,,30.16225,-95.1331,5,6522,21577,1.0,2017-09-19T05:00:00,1841,0.0235,2,2,EAST FORK SAN JACINTO RIVER
7579,N/A,35.587,180,[],2017-09-05T05:00:00,1762,1,2,0.0,Riverine,21464,0905_1500_1,"DEBRIS LINES ON BOTH SIDES OF ROAD/CULVERT. MARKED WITH PAINT, TAPE, AND FLAG.",,2,2,,,,28.839409,-96.522426,7,5150,21046,1.0,2017-09-09T05:00:00,1770,0.042651,6,2,unknown
10275,N/A,21.76,180,[],2017-09-21T05:00:00,1834,1,2,2.05,Riverine,24479,0921_1815_1,Seed line on a telephone pole in fenced corner with electrical box. scratched a nail line.,,1,5,0.03,,,29.78269,-94.92503,5,6718,22760,1.0,2017-09-28T05:00:00,1727,0.08,6,2,Cedar Bayou
9854,N/A,23.9,180,[],2017-09-14T05:00:00,1760,1,2,1.75,Riverine,23470,0914_1730_2,"USGS marker on chain-link fence S side of FR 1130, S of HWM 0914_1730_1 on the same fence.",,3,2,0.2,,,30.21475,-93.82533,4,6343,22219,1.0,2017-09-25T05:00:00,1731,0.124,6,2,Adams Bayou to Sabine River
8527,N/A,89.629,180,[],2017-09-05T05:00:00,1762,1,2,8.6,Riverine,21878,0905_1610_1,No dumping sign near the river crossing,,1,5,0.01,,,29.5653,-95.8038,2,5556,21352,1.0,2017-10-07T05:00:00,1770,0.19,7,2,unknown
9565,Left,108.64,180,[],2017-09-28T05:00:00,1854,1,2,0.0,Riverine,25284,0928_1436_4,"Debris and wash line on LB, DS side of bridge at CR 211",Nearby property owner reported that the water was over the road on both sides of the bridge but not actually over the bridge.,3,2,0.15,,,29.42752,-96.14964,3,6422,21917,1.0,2017-09-28T05:00:00,1854,0.115,6,2,San Bernard River
9853,N/A,24.1,180,[],2017-09-14T05:00:00,1760,1,2,1.8,Riverine,23469,0914_1730_1,USGS marker on chain-link fence S side of FR 1130.,,3,2,0.2,,,30.21523,-93.82567,4,6343,22219,1.0,2017-09-25T05:00:00,1731,0.124,6,2,Adams Bayou to Sabine River
9315,Left,111.8,180,[],2017-09-12T04:00:00,1780,1,2,1.8,Riverine,22443,0912_1502_2,"In tree, 85 feet from left bank, close to road",level III,4,2,0.3,,,30.6028,-94.28711,5,5989,21701,1.0,2017-09-25T04:00:00,1722,0.0049,6,2,Unknown
10159,Right,308.591,180,[],2017-09-27T05:00:00,1853,1,2,1.19,Riverine,25288,09-27-1119-2,Seedline on garage post,,3,5,0.2,,,30.04942,-97.2023,7,6604,23210,1.0,2017-09-27T05:00:00,1853,0.236,6,2,Riverine
9888,Right,83.691,180,[],2017-09-11T05:00:00,330,1,2,0.9,Riverine,22282,0911_1735_2,"NAIL IN DEBRIS LINE IN SOUTH DITCH OF WILLABY ROAD, 40FT EAST OF OTHER HWM",GNSS survey to TBM and ran levels to HWM,2,4,,,,30.16225,-95.1331,5,6522,21577,1.0,2017-09-19T05:00:00,1841,0.0235,2,2,EAST FORK SAN JACINTO RIVER
10013,Left,103.3,180,[],2017-09-18T04:00:00,1835,1,2,2.33,Riverine,23845,0918_0954_04,"Mark of white door frame of white building by auction yard, north of main building. Marked with orange flagging.",,1,5,0.05,,,30.66746,-93.89401,4,6562,22423,1.0,2017-09-27T04:00:00,1731,0.062,6,2,UNKNOWN
7580,N/A,34.544,180,[],2017-09-05T05:00:00,1762,1,2,0.0,Riverine,21465,0905_1500_2,Debris line on the other side of the road from 0905_1500_1.,,2,2,,,,28.83943,-96.522573,7,5150,21046,1.0,2017-09-09T05:00:00,1770,0.042651,6,2,unknown
7551,N/A,5.453,180,[],2017-09-04T05:00:00,1762,1,2,0.0,Coastal,21261,0904_1310_1,"PAINT LINE ON OTHER SIDE OF ROAD OF BLUE HOUSE, MARKED WITH TAPE, PAINT, AND FLAG. ALONG FENCE LINE.",,2,2,,,,28.51071,-96.50956,7,5129,20841,1.0,2017-09-08T05:00:00,1770,0.085302,6,2,unknown
10019,Left,150.0,180,[],2017-09-18T04:00:00,1602,1,2,5.34,Riverine,23843,0918_1358_01,"Nail in tree, downstream, left bank, 60 ft. from stream center, 20 ft from edge of tree line.. Marked with orange flagging.",,4,5,0.3,,,30.73906,-93.92564,5,6564,22425,1.0,2017-09-27T04:00:00,1645,0.062,6,2,Unknown
10158,Right,308.509,180,[],2017-09-27T05:00:00,1853,1,2,0.46,Riverine,25287,09-27-1119-1,Seed line located on trailer tire.,,3,5,0.2,,,30.04927,-97.2024,7,6604,23210,1.0,2015-09-27T05:00:00,1853,0.236,6,2,Riverine
8528,N/A,90.502,180,[],2017-09-05T05:00:00,1762,1,2,5.63,Riverine,21879,0905_1610_2,Hanging tree branch near the river crossing,,1,1,0.02,,,29.5653,-95.8038,4,5556,21352,1.0,2017-10-07T05:00:00,1770,0.19,6,2,unknown
9860,N/A,7.6,180,[],2017-09-15T05:00:00,1760,1,2,2.25,Riverine,23471,0915_0830_1,USGS marker on chain link fence NE corner of intersection.,,4,2,0.3,,,30.09025,-93.73718,4,6350,22220,1.0,2017-09-25T05:00:00,1731,0.124,6,2,Sabine River
8981,N/A,123.78,180,[],2017-09-12T05:00:00,1834,1,2,1.95,Riverine,23109,hwm1,North end of bridge on upstream side of road on wooden pole of bridge.,,2,5,0.1,,,29.53363,-96.10903,5,5803,22040,1.0,2017-09-23T05:00:00,1839,0.0237,6,1,San Bernard River
7899,N/A,264.2,180,[],2017-09-09T05:00:00,1762,1,2,3.91,Riverine,23025,0909_1750_1,Seed line on the pylon underneath the bridge,,1,5,0.02,,,29.42902,-97.07917,2,,22000,1.0,2017-09-20T05:00:00,1760,0.089,6,2,unknown
8826,N/A,205.42,180,[],2017-09-13T05:00:00,1822,6,2,0.0,Riverine,22690,1135,Down stream right side clear mud line on Concrete skirt -2.32 from bottom of bridge,,1,1,0.05,,,29.46706754,-96.81277778,3,5713,21837,1.0,2017-09-19T05:00:00,1839,0.136,6,1,Navidad River
9861,N/A,7.4,180,[],2017-09-15T05:00:00,1760,1,2,2.25,Riverine,23472,0915_0830_2,"USGS marker on chain link fence NE corner of intersection, directly N of HWM 0915_",,4,2,0.3,,,30.09025,-93.73718,4,6350,22220,1.0,2017-09-25T05:00:00,1731,0.124,6,2,Sabine River
9054,N/A,2.103,180,[],2017-09-17T05:00:00,1762,1,2,1.48,Riverine,23589,0917_1505_2,ORANGE TAPE ON BASEBALL FIELD CAGE AT HOME PLATE,,2,5,0.1,,,29.88411,-93.93436,2,5842,22274,1.0,2017-09-20T05:00:00,1770,0.022966,6,2,unknown
8529,N/A,91.814,180,[],2017-09-05T05:00:00,1762,1,2,4.76,Riverine,21880,0905_1610_3,Seed line appears on an abandon shake near the river crossing,,1,5,0.01,,,29.5653,-95.8038,2,5556,21352,1.0,2017-10-07T05:00:00,1770,0.19,6,2,unknown
9825,N/A,18.98,180,[],2017-09-11T05:00:00,1776,1,2,2.9,Riverine,22283,0911_1900_1,Faint mudline marked with paint and tape in brush line south of Fairview Road and approximately 100 ft east of bayou.,,3,1,0.2,,,29.732081,-94.531239,2,6325,21578,1.0,2017-09-18T05:00:00,1837,0.17,6,2,Oyster Bayou
9566,Left,108.87,180,[],2017-09-28T05:00:00,1854,1,2,0.0,Riverine,25283,0928_1436_3,"Seedline on LB, US side of culvert on CR 211",Nearby property owner reported the water was over the road on both sides of the bridge but not over the bridge.,2,5,0.1,,,29.42752,-96.14964,3,6422,21917,1.0,2017-09-28T05:00:00,1854,0.115,6,2,San Bernard River
10276,N/A,19.25,180,[],2017-09-21T05:00:00,1834,1,2,3.7,Riverine,24482,0921_1710_1,Debris line in green chain link fence past entrance of JC Holloway park on the right,,1,2,0.04,,,29.77266,-94.92885,2,6719,22761,1.0,2017-09-28T05:00:00,1727,0.08,6,2,Cedar Bayou
7581,N/A,31.322,180,[],2017-09-05T05:00:00,1762,1,2,0.0,Riverine,21466,0905_1515_1,MARKED ON DOWNSTREAM RIGHT SIDE WITH TAPE AND PAINT.,,2,2,,,,28.842034,-96.537235,3,5151,21047,1.0,2017-09-09T05:00:00,1770,0.042651,6,2,unknown
9866,N/A,9.5,180,[],2017-09-15T05:00:00,1760,1,2,2.8,Riverine,23473,0915_0900_1,USGS marker on front of King's Gym building.,,1,5,0.01,,,30.09273,-93.74448,4,6353,22221,1.0,2017-09-24T05:00:00,1731,0.09,6,2,Sabine River
10223,N/A,7.53,180,[],2017-09-17T05:00:00,1762,1,2,1.16,Coastal,23581,0917_1335_2,BLACK SHARPIE LINE+ORANGE TAPE ON ENTRANCE SIGN TO PARKING LOT,,3,1,0.2,,,29.76392,-93.89818,4,6695,22272,1.0,2017-09-20T05:00:00,1770,0.022966,6,2,unknown
9132,N/A,7.49,180,[],2017-09-14T05:00:00,1760,1,2,2.9,Riverine,23110,0914_0900_1,"USGS plastic marker on plant property chain-link fence, N of Dupont Dr on smaller rd.",level III,2,2,0.1,,,30.05119,-93.77306,4,5888,22043,1.0,2017-09-26T05:00:00,13,0.13,6,2,Lower Sabine River
10737,N/A,22.26,180,[],2017-09-06T05:00:00,1521,1,4,0.69,Riverine,22730,LC-JKN1-007,,,1,5,,,,30.35872,-93.20583,4,,21867,0.0,2017-09-08T05:00:00,1521,0.1,6,2,Calcasieu
9806,N/A,46.6,180,[],2017-09-09T04:00:00,1760,1,2,8.0,Riverine,22005,0909_0910_3,The upstream bridge has debris on its downstream side.,level 4 survey; field readings RTK 47.127-0.5 TD (taped seedline),1,2,0.03,,,29.42369,-95.4109,4,6508,21409,1.0,2017-09-17T04:00:00,900,0.6,6,2,Unknown
10738,N/A,22.58,180,[],2017-09-07T05:00:00,1521,1,4,1.78,Riverine,22731,LC-JKN1-008,"exc seedline on lockers in shed behind house left mark on outside of shed on left side of shed at 505 Gist Lane, Moss Bluff",,1,5,,,,30.33991,-93.20959,9,6982,21868,1.0,2017-09-08T05:00:00,1521,0.1,6,2,Calcasieu
10156,Left,335.984,180,[],2017-09-27T05:00:00,1853,1,2,0.55,Riverine,25286,09-27-0800-2,Washline  debris on Downstream side of HWY 71.left bank,,4,2,0.4,,,30.06769,-97.21901,7,6603,23209,1.0,2017-09-27T05:00:00,1853,0.236,6,2,Riverine
7856,Right,273.875,180,[],2017-09-08T05:00:00,1822,1,2,0.0,Riverine,21881,1520,"Upstream side rt bank concrete skirt near bottom of Saint Louis bridge
MP was bottom of Bridge truss","Time of discovery used as label;  surveyed on hwm line, did not use height above ground",2,1,,,,29.50815,-97.43015,3,5266,21223,1.0,2017-09-18T05:00:00,1767,0.12,6,2,Kerr creek
9352,Left,36.6,180,[],2017-09-14T04:00:00,1780,1,2,2.7,Riverine,22994,0914_1100_1,On electric pole 6 feet from road on left bank with tape,level3,2,5,0.1,,,30.27772,-94.19939,5,6012,21984,1.0,2017-09-22T04:00:00,1722,0.3,6,2,Unknown
10200,Right,92.07,180,[],2017-09-28T05:00:00,1854,1,2,4.09,Riverine,25289,0928_1158_1,Debris in bushes on RB about 80 ft from main channel,,3,2,0.2,,,29.40114,-96.07048,8,6621,23211,1.0,2017-09-28T05:00:00,1854,0.115,6,4,West Bernard Crk
9827,N/A,42.4,180,[],2017-09-09T04:00:00,1760,1,2,3.55,Riverine,22022,0909_1240_1,Seed line on the downstream end of the bridge,level 4 survey; field readings RTK 38.974+3.46 TU,1,5,0.02,,,29.42831,-95.25569,2,6515,21418,1.0,2017-09-18T04:00:00,900,0.5,6,2,Unknown
8410,Right,65.33,180,[],2017-09-07T05:00:00,1791,1,2,0.0,Riverine,21468,21049_US_RT,"US, right side of bridge - HWM on concrete apron beneath bridge on southeast side of bridge.",US Right of bridge,2,5,0.1,,,29.99918,-95.24011,3,,21049,0.0,2017-09-22T05:00:00,1840,0.1,6,2,Drainage under FM1960
10739,N/A,22.78,180,[],2017-09-07T05:00:00,1521,1,4,,Riverine,22732,LC-JKN1-009,Exc seedline on wooden gate to awning shed on left side of house at 573 Debra Lane,,1,5,,,,30.32815,-93.21,4,6983,21869,1.0,2017-09-08T05:00:00,1521,0.1,6,2,Calcasieu
7847,Left,283.536,180,[],2017-09-08T05:00:00,1822,1,2,1.75,Riverine,21882,1315,Nail in fence post by second tree on North side of road,Time of discovery used as label,2,2,,,,29.50151,-97.49217,5,5263,21214,1.0,2017-09-18T05:00:00,1767,0.12,6,2,San Marcos River
9889,Right,99.964,180,[],2017-09-11T05:00:00,330,1,2,0.0,Riverine,22286,0911_1440_1,"DEBRIS LINE AGAINST SILVER SHEETMETAL FENCE, 250FT EAST OF PLUM GROVE ASSEMBLY OF GOD CHURCH",,2,4,,,,30.2134,-95.1093,3,6523,21579,1.0,2017-09-19T05:00:00,1842,0.0235,6,2,EAST FORK SAN JACINTO
9038,N/A,37.293,180,[],2017-09-12T05:00:00,1834,1,2,3.07,Riverine,23240,0913_1320_2,"ORANGE TAPE ATTACHED TO ORANGE NAIL ON TELEPHONE POLE. ACROSS FROM TRINITY RIVER LOOKOUT POINT/ CIRCLE DRIVE. HAS WHITE/GREEN ""TIMBER RIDGE"" SIGN ON POLE",,2,1,0.1,,,30.13511,-94.82249,5,5834,22109,1.0,2017-09-18T05:00:00,1770,0.082021,6,2,Trinity River
9189,N/A,42.812,180,[],2017-09-16T05:00:00,1762,1,2,6.89,Riverine,23748,0916_1125_2,"ORANGE NAIL+TAPE ON TELEPHONE ON LEFT UPSTREAM SIDE, ACROSS STREET FROM WATCH FOR TURNING TRAFFIC SIGN",,4,5,0.4,,,30.20584,-94.34612,5,5917,22334,1.0,2017-09-22T05:00:00,1770,0.049213,6,2,unknown
9430,Right,91.1593,180,[],2017-09-19T04:00:00,1722,1,2,0.0,Riverine,23848,HWM-3,"Fair washline on right bank USSB in RV
park. Stainlines on trees as well as local
resident confirm.",,3,6,0.2,,,31.01465,-94.16116,7,6066,21840,1.0,2017-09-19T04:00:00,1722,0.1523,6,2,Angelina Rvr
10160,Right,308.307,180,[],2017-09-27T05:00:00,1853,1,2,0.521,Riverine,25292,09-27-1119-,Debris on fenceline,,3,2,0.2,,,30.04961,-97.20206,7,6604,23210,1.0,2017-09-27T05:00:00,1853,0.236,6,2,Riverine
9141,N/A,9.54,180,[],2017-09-14T05:00:00,1760,1,2,0.0,Riverine,23114,0914_0915_1,Orange stake on south side of Hwy 105.,level III,4,2,0.4,,,30.08075,-93.81104,7,5894,22044,1.0,2017-09-26T05:00:00,13,0.13,6,2,Lower Sabine River
10277,N/A,17.88,180,[],2017-09-21T05:00:00,1834,1,2,0.0,Riverine,24485,0921_1630_1,Debris line in lot next to Walgreen's,,5,2,0.5,,,29.76921,-94.91816,7,6637,22762,1.0,2017-09-28T05:00:00,1727,0.08,6,2,Cedar Bayou
9890,Right,99.258,180,[],2017-09-11T05:00:00,330,1,2,0.0,Riverine,22287,0911_1450_2,PAINTED DEBRIS LINE NEAR BASE OF HWY. 2090 MILEAGE SIGN.,,4,4,,,,30.2135,-95.1094,3,6523,21579,1.0,2017-10-19T05:00:00,1842,0.0235,6,2,EAST FORK SAN JACINTO
9965,N/A,11.4,180,[],2017-09-14T05:00:00,1760,1,2,2.9,Riverine,23475,0914_1800_1,"USGS marker on chain-link fence S of channel, E side of Hwy 87.",,3,2,0.2,,,30.15513,-93.75289,4,6379,22222,1.0,2017-09-25T05:00:00,1731,0.124,6,2,Sabine River
10016,N/A,110.1,180,[],2017-09-18T04:00:00,1602,1,2,4.28,Riverine,23849,0918_1203_02,"Nail in tree, downstream, right bank, 60 ft. from bridge, 30 ft downstream from road.",,2,5,0.1,,,30.68154,-93.9153,5,6563,22426,1.0,2017-09-27T04:00:00,1731,0.062,6,2,Unknown
8152,N/A,172.5,180,[],2017-09-13T05:00:00,1822,6,2,0.0,Riverine,22733,1320,,,2,1,,,,29.37996454,-96.7874,3,5389,21870,1.0,2017-09-19T05:00:00,1839,0.0004,6,1,Naviodad River
7583,N/A,30.906,180,[],2017-09-05T05:00:00,1762,1,2,0.0,Riverine,21469,0905_1545_1,DEBRIS LINES MARKED WITH PAINT AND TAPE ON 3 CORNERS.,,2,2,,,,28.823183,-96.54273,3,5152,21050,1.0,2017-09-09T05:00:00,1770,0.042651,6,2,unknown
10201,Right,92.43,180,[],2017-09-28T05:00:00,1854,1,2,3.26,Riverine,25290,0928_1158_2,Debris in bushes on right bank about 100 ft from main channel.,,3,2,0.2,,,29.40114,-96.07037,8,6621,23211,1.0,2017-09-28T05:00:00,1854,0.115,6,4,West Bernard Crk
9966,N/A,11.5,180,[],2017-09-14T05:00:00,1760,1,2,3.0,Riverine,23476,0914_1800_2,"USGS marker on chain-link fence S of channel, E side of Hwy 87.",,3,2,0.2,,,30.155,-93.75288,4,6379,22222,1.0,2017-09-25T05:00:00,1731,0.124,6,2,Sabine River
7838,Right,290.853,180,[],2017-09-08T05:00:00,1822,1,2,1.0,Riverine,21884,1230,Upstream right bank nail south side of tree 15 feet stream ward from concrete skirt,"Time of discovery used as label; surveyed .45 ft above hwm, only used 1 ft for height above ground",2,1,,,,29.51387,-97.49529,5,5262,21212,1.0,2017-09-18T05:00:00,1767,0.12,6,2,San Marcos River
9895,Left,95.416,180,[],2017-09-12T05:00:00,330,1,2,4.43,Riverine,22449,0912_0945_1,SEED LINE ON SOUTHWEST CORNER OF STORAGE UNIT BUILDING,GNSS survey to TBM and ran levels to HWM,2,5,,,,30.19505,-95.09574,3,6525,21705,1.0,2017-09-19T05:00:00,1841,0.0235,2,2,EAST FORK SAN JACINTO RIVER
10202,Right,92.27,180,[],2017-09-28T05:00:00,1854,1,2,1.84,Riverine,25291,0928_1158_3,Debris in bushes on right bank about 120 ft from main channel,,3,2,0.2,,,29.401,-96.07046,8,6621,23211,1.0,2017-09-28T05:00:00,1854,0.115,6,4,West Bernard Crk
7584,N/A,31.211,180,[],2017-09-05T05:00:00,1762,1,2,0.0,Riverine,21470,0905_1545_2,DEBRIS LINES MARKED WITH PAINT AND TAPE ON 3 CORNERS.,,2,2,,,,28.823327,-96.54269,3,5152,21050,1.0,2017-09-09T05:00:00,1770,0.042651,6,2,unknown
8879,N/A,229.72,180,[],2017-09-21T05:00:00,1839,1,2,,Riverine,24157,0908_1449_3,,,4,2,0.4,,,29.48612,-96.70246,3,5746,21492,1.0,2017-09-21T05:00:00,1839,0.001,6,2,Lavaca River
9970,N/A,19.1,180,[],2017-09-14T05:00:00,1760,1,2,7.0,Riverine,23477,0914_1845_1,"USGS marker on electric pole, E side of CR 4213.  HWM confirmed by local resident.",,5,1,0.5,,,30.25809,-93.72285,4,6384,22223,1.0,2017-09-26T05:00:00,1731,0.008,6,2,Sabine River
10272,N/A,24.33,180,[],2017-09-21T05:00:00,1834,1,2,3.24,Riverine,24487,0921_1525_1,Debris in chain link fence in front of Jindal Saw USA on 565,,3,2,0.12,,,29.77758,-94.8961,2,6636,22763,1.0,2017-09-28T05:00:00,1727,0.08,6,2,Cedar Bayou
8411,Left,65.35,180,[],2017-09-07T05:00:00,1791,1,2,0.0,Riverine,21471,21049_DSLeft,DS left of bridge (sw side).,"Set temporary RM with RTN GPS, and ran short level loop to HWM.",2,5,0.1,,,29.99918,-95.24033,3,5498,21049,1.0,2017-09-22T05:00:00,1840,0.09,6,2,Drainage under FM1960
9892,Right,78.724,180,[],2017-09-12T05:00:00,330,1,2,2.5,Riverine,22448,0912_0855_2,"SEED LINE IN TREE, 70FT NORTHEAST OF OTHER HWM",GNSS survey to TBM and ran levels to HWM,4,5,,,,30.13919,-95.13744,,6524,21704,1.0,2017-09-19T05:00:00,1841,0.0235,2,2,East Fork San Jacinto river
10741,N/A,8.74,180,[],2017-09-07T05:00:00,1521,1,4,0.1,Riverine,22735,LC-JKN1-011,"Exc seedline on right door frame of garage at 3034 Sen J Baennett Johnston Ave, LC",,1,5,,,,30.21613,-93.17155,4,6985,21872,1.0,2017-09-08T05:00:00,1521,0.1,6,2,Calcasieu
7853,N/A,278.271,180,[],2017-09-08T05:00:00,1822,1,2,1.05,Riverine,21885,1345,Nail in fifth wooden fence post from cattle guard on north side of road,Time of discovery used as label,2,2,,,,29.50605,-97.47558,2,5264,21216,1.0,2017-09-18T05:00:00,1767,0.12,6,2,San Marcos River
9977,N/A,12.1,180,[],2017-09-15T05:00:00,1760,1,2,1.8,Riverine,23478,0915_1000_1,USGS marker on electric pole N side of W Park Ave.,,4,2,0.4,,,30.11009,-93.77679,4,6386,22224,1.0,2017-09-25T05:00:00,1731,0.124,6,2,Adams Bayou to Sabine River
7553,N/A,5.922,180,[],2017-09-04T05:00:00,1762,1,2,0.0,Coastal,21251,0904_1330_2,"ANOTHER MARK NEAR REFRIGERATOR ON THE SIDE OF THE ROAD, APPROX 100FT TO THE RIGHT OF THE OTHER MARK. MARKED WITH TAPE, FLAG, AND PAINT",,2,2,,,,28.5172,-96.50529,3,5130,20842,1.0,2017-09-08T05:00:00,1770,0.085302,6,2,unknown
8424,Right,62.49,180,[],2017-09-08T05:00:00,1791,1,2,0.0,Riverine,21613,0908_1715_1,WASH LINE - On concrete about 10 ft DS of bridge on left.,Peak was about 1 ft below low chord of bridge,3,2,0.2,,,30.05686,-95.20083,3,5507,21158,1.0,2017-09-21T05:00:00,1840,0.06,6,2,Unnamed Tributary to San Jacinto River
9142,N/A,9.81,180,[],2017-09-14T05:00:00,1760,1,2,0.0,Riverine,23116,0914_0945_1,Painted stake on slope left downstream side of bridge.,level III,2,2,0.1,,,30.07458,-93.84517,7,5895,22045,1.0,2017-09-26T05:00:00,13,0.13,6,2,Lower Sabine River
10218,N/A,13.3,180,[],2017-09-15T05:00:00,1760,1,2,4.35,Riverine,23479,0915_1100_1,USGS marker on stop sign and Hillbrook Dr street sign.,,2,2,0.1,,,30.12665,-93.78905,4,6395,22225,1.0,2017-09-25T05:00:00,1731,0.124,6,2,Adams Bayou to Sabine River
10161,N/A,318.709,180,[],2017-09-27T05:00:00,1853,1,2,6.399,Riverine,25293,09-27-0957-1,HWM debris on top of palms,,4,2,0.4,,,30.04476,-97.18612,7,6605,23212,1.0,2017-09-27T05:00:00,1853,0.236,6,2,Riverine
7585,N/A,8.734,180,[],2017-09-06T05:00:00,1762,1,2,0.0,Coastal,21472,0906_0930_1,DEBRIS LINE ALONG A CONCRETE WALL MARKED WITH FLAG AND PAINT.,,2,2,,,,28.643588,-96.547851,3,5153,21051,1.0,2017-09-09T05:00:00,1770,0.042651,6,2,unknown
9936,N/A,6.57,180,[],2017-09-21T05:00:00,1833,1,2,2.85,Riverine,22736,0914_0835_1,Seed line on poles for chain-linked fence.,,2,5,0.1,,,29.855939,-94.101397,8,6381,21873,1.0,2017-09-21T05:00:00,1837,0.16,6,2,unknown
9279,Left,30.46,180,[],2017-09-18T05:00:00,1846,1,2,1.23,Riverine,23668,0918_1715_2,"Nail in shoreward face of 30inch tree on left bank of canal, ~225 ft from road in front lawn of the Staff Development Center.  Marked with a nail, orange stake and orange dot on tree.",,1,5,0.02,,,29.68156,-95.18076,5,5970,22324,1.0,2017-09-25T05:00:00,1645,,6,2,unknown
10219,N/A,13.3,180,[],2017-09-15T05:00:00,1760,1,2,4.25,Riverine,23480,0915_1100_2,USGS marker on electric pole near stop sign and Hillbrook Dr street  sign.,,2,5,0.1,,,30.12665,-93.78905,4,6395,22225,1.0,2017-09-25T05:00:00,1731,0.124,6,2,Adams Bayou to Sabine River
10163,Right,318.158,180,[],2017-09-27T05:00:00,1853,1,2,2.51,Riverine,25295,09-2700957-3,Debris mark on county sign post. Side of road.,,4,2,0.4,,,30.04544,-97.18625,4,6605,23212,1.0,2017-09-27T05:00:00,1853,0.236,6,2,Riverine
7586,N/A,7.713,180,[],2017-09-06T05:00:00,1762,1,2,0.0,Coastal,21473,0906_0930_2,"MARK IS 300 FT TO THE RIGHT OF FIRST POINT, MARKED WITH FLAG AND PAINT.",,2,2,,,,28.64324,-96.547904,3,5153,21051,1.0,2017-09-09T05:00:00,1770,0.042651,6,2,unknown
10162,N/A,317.727,180,[],2017-09-27T05:00:00,1853,1,2,5.36,Riverine,25294,09-27-0957-2,Debris line on large Pecan tree at RB,,4,2,0.4,,,30.04547,-97.18628,7,6605,23212,1.0,2017-09-27T05:00:00,1853,0.236,6,2,Riverine
10269,N/A,13.65,180,[],2017-09-21T05:00:00,1834,1,2,0.78,Riverine,24490,0921_1335_1,Crayon marker. Seed line on backside of small shed in between main church building and gym,,1,5,0.01,,,29.75427,-94.92711,9,6635,22764,1.0,2017-09-28T05:00:00,1727,0.08,6,2,Cedar Bayou
8202,N/A,25.749,180,[],2017-09-05T05:00:00,1760,1,2,8.0,Riverine,21474,0905_1600_1,"lat 28.89147 long -96.62828
USGS plastic marker on tree on east side of County Road 311",,4,2,0.4,,,28.89147,-96.62828,4,5410,21055,1.0,2017-09-08T05:00:00,1787,0.14,6,2,Lavaca River
9817,Left,23.61,180,[],2017-09-19T05:00:00,1837,1,2,,Riverine,23850,HWM,debris line on upstream left bank,,3,2,0.2,,,29.792514,-94.423041,8,6320,21698,1.0,2017-09-18T05:00:00,1837,0.17,6,2,Spindletop Bayou
9839,N/A,4.97,180,[],2017-09-11T05:00:00,1833,1,2,0.0,Riverine,22292,0911_1410_1,derbies line on road,,2,2,0.1,,,29.594376,-94.390431,3,6334,21583,1.0,2017-09-20T05:00:00,1837,0.38,6,2,Mud Bayou
8426,Right,78.56,180,[],2017-09-08T05:00:00,1791,1,2,0.0,Riverine,21631,HWM_DS_Right,"On right bridge abutment, at DS face of bridge",,2,5,0.1,,,30.07364,-95.23965,3,5508,21170,1.0,2017-09-21T05:00:00,1840,0.04,6,2,Ben's Branch
8212,N/A,25.42,180,[],2017-09-05T05:00:00,1760,1,2,8.0,Riverine,21475,0905_1600_2,USGS plastic marker on tree on east side of County Road 311,,4,2,0.4,,,28.89182,-96.62823,4,5410,21055,1.0,2017-09-08T05:00:00,1787,0.14,6,2,Lavaca River
9143,N/A,52.91,180,[],2017-09-14T05:00:00,1760,1,2,1.35,Riverine,23118,0913_1515_1,"USGS plastic marker on chain-link fence W of church, on end of fence nearest to road.",level III,2,2,0.1,,,30.39415,-94.02557,4,5896,22046,1.0,2017-09-28T05:00:00,13,0.003,6,2,West Tenmile Creek Neches River
9601,Left,79.84,180,[],2017-09-30T05:00:00,1854,1,2,0.0,Riverine,25296,0930_1010_3,Paint mark on Moody Rd left at approx peak of event by property owner.,,2,8,0.1,,,29.34652,-95.91731,3,6434,22012,1.0,2017-09-30T05:00:00,1854,,6,2,San Bernard River
9808,N/A,47.2,180,[],2017-09-09T04:00:00,1760,1,2,1.2,Riverine,22007,0909_0950_2,"Seed line on the steel bar, upstream end",level 4 survey; field readings RTK 45.898+1.30 TU - LB,1,5,0.02,,,29.43919,-95.37566,2,6509,21410,1.0,2017-09-17T04:00:00,900,,6,2,Unknown
9807,N/A,47.1,180,[],2017-09-09T04:00:00,1760,1,2,1.5,Riverine,22006,0909_0950_1,"Seed line on the steel bar, upstream end",level 4 survey; field readings RTK 45.549+1.52 TU - RB,1,5,0.02,,,29.43919,-95.37566,2,6509,21410,1.0,2017-09-17T04:00:00,900,0.6,6,2,Unknown
8082,N/A,201.408,180,[],2017-09-11T05:00:00,1822,1,2,,Riverine,22294,0911_1245,Top of ninth fence post east of mailbox 7.7 miles from Hallettesville on hwy 142,,3,2,,,,29.49993,-96.81396,6,5310,21585,1.0,2017-09-19T05:00:00,1834,0.18,6,2,navadad river
8603,N/A,6.34,180,[],2017-09-07T05:00:00,1786,6,2,0.0,Coastal,21476,0907_0955,Bank unknown,,2,2,0.1,,,28.81934,-95.65086,8,5590,21057,1.0,2017-09-07T05:00:00,1786,0.11,6,2,Caney Creek
9840,Left,4.9,180,[],2017-09-11T05:00:00,1833,1,2,0.0,Riverine,22295,0911_1415_2,debris line crossing road,,2,1,0.1,,,29.594376,-94.390431,3,6334,21583,1.0,2017-09-19T05:00:00,1837,0.38,6,2,Mud Bayou
10220,N/A,54.1,180,[],2017-09-15T04:00:00,1760,1,2,3.8,Riverine,23483,0915_1500_1,USGS marker on private chain link fence W side of Hwy 96.,level III,4,2,0.4,,,30.40529,-94.01429,4,6693,22227,1.0,2017-09-28T04:00:00,13,0.003,6,2,Lower Sabine
9190,N/A,24.386,180,[],2017-09-18T05:00:00,1762,1,2,5.08,Riverine,23779,0918_1305_1,"BLACK SHARPIE LINE+ORANGE TAPE ON CORNER POST OF CHAINLINK FENCE, NEAR CORNER OF ROAD. TAN SHED AND BEIGE MOBILE HOME NEARBY","Points at site are visibly different in elevation.  Not clear mark at either site, so no way of telling which is better.",1,1,0.02,,,30.18943,-94.14446,2,5918,22392,1.0,2017-09-22T05:00:00,1770,0.049213,6,2,unknown
8605,N/A,6.31,180,[],2017-09-07T05:00:00,1786,6,2,0.0,Coastal,21478,0907_0957,"Bank unknown, on other side of Hwy from other marks",,3,2,0.2,,,28.81942,-95.6511,8,5590,21057,1.0,2017-09-07T05:00:00,1786,0.08,6,2,Caney Creek
8604,N/A,6.25,180,[],2017-09-07T05:00:00,1786,6,2,0.0,Coastal,21477,0907_0956,Bank unknown,,3,2,0.2,,,28.81938,-95.6509,8,5590,21057,1.0,2017-09-07T05:00:00,1786,0.17,6,2,Caney Creek
7908,N/A,58.873,180,[],2017-09-11T05:00:00,1822,1,2,3.3,Riverine,22296,0911_1630,Wooden fence post between 4th and 5th telephone poles north of river left bank downstream,,2,4,,,,29.0383,-96.62115,6,5301,21586,1.0,2017-09-19T05:00:00,1839,0.0112,6,1,Navadad river
9193,N/A,23.156,180,[],2017-09-18T05:00:00,1762,1,2,1.11,Riverine,23800,0918_1410_2,"ORANGE TAPE+BLACK SHARPIE LINE ON SIGN AT RIGHT END OF DOWNSTREAM GUARDRAIL, NEAR RR CROSSING",,1,1,0.03,,,30.16182,-94.16705,2,5919,22403,1.0,2017-09-22T05:00:00,1770,0.049213,6,2,unknown
9033,N/A,45.541,180,[],2017-09-12T05:00:00,1834,1,2,0.57,Riverine,23231,0912_1940_1,"ORANGE PAINTED NAIL ON BANKSIDE FACE OF SQUARE WOODEN GUARDRAIL POST. POST IS ON RIGHT, UPSTREAM SIDE OF ROAD.",,4,2,0.4,,,30.12944,-94.87336,5,5831,22106,1.0,2017-09-18T05:00:00,1770,0.082021,6,2,Trinity River
9417,Left,87.6755,180,[],2017-09-13T04:00:00,1780,1,2,1.0,Riverine,22660,0913_1104_1,On base of tree trunk near channel upstream of parking lot with tape and paint,,2,1,0.1,,,30.92469,-94.15694,5,6057,21816,1.0,2017-09-23T04:00:00,1722,0.1083,6,2,Unknown
9423,Right,116.1292,180,[],2017-09-13T04:00:00,1780,1,2,3.2,Riverine,22670,0913_1300_1,On metal fence on right bank 42 feet from road,,2,2,0.1,,,30.98341,-94.13654,2,,21821,1.0,2017-09-23T04:00:00,1722,0.1083,6,2,Unknown
9805,N/A,46.2,180,[],2017-09-09T04:00:00,1760,1,2,3.52,Riverine,22001,0909_0830_1,Seed Line South End of the bridge,level 4 survey; field readings RTK 42.182+4.06 TU,1,5,0.02,,,29.40396,-95.41049,2,6507,21408,1.0,2017-09-17T04:00:00,900,0.6,6,2,Unknown
9976,N/A,65.1,180,[],2017-09-16T04:00:00,1760,1,2,1.9,Riverine,23484,0916_1000_1,"USGS plastic marker on small tree, W of CR 701 roadway.",,4,2,0.4,,,30.55331,-94.03149,4,6550,22228,1.0,2017-09-29T04:00:00,13,,,,Lower Sabine
9835,N/A,5.77,180,[],2017-09-11T05:00:00,1833,1,2,0.0,Riverine,22297,0911_1803_1,Faint debris line marked with paint and stake. Approximately 50 m east of bayou on north side of road.,,2,2,0.1,,,29.662789,-94.53278,7,6332,21587,1.0,2017-09-18T05:00:00,1837,0.17,6,2,Oyster Bayou
8684,N/A,46.047,180,[],2017-09-05T05:00:00,1760,1,2,0.0,Riverine,21479,0906_1000_1,"By streamlfow gaging station 08164000 (Lavaca River near Edna, TX)",,4,2,0.4,,,28.9606,-96.68526,3,5629,21058,1.0,2017-09-08T05:00:00,1787,0.136398,6,2,Lavaca River
9581,N/A,89.1,180,[],2017-09-29T05:00:00,1854,1,2,6.52,Riverine,25297,0929_1403_3,"Debris in trees on LB, DS side of CR 117 bridge.",,3,2,0.2,,,29.34105,-96.01014,8,6428,22015,1.0,2017-09-29T05:00:00,1854,,6,2,San Bernard River
9582,Left,88.91,180,[],2017-09-29T05:00:00,1854,1,2,3.7,Riverine,25298,0929_1403_4,HWM_4 inside barn on stall railing about 300 ft US of CR 117 on LB.,,1,5,0.02,,,29.341604,-96.01168,4,6428,22015,1.0,2017-10-04T05:00:00,1854,,6,2,San Bernard River
9978,N/A,62.2,180,[],2017-09-15T04:00:00,1760,1,2,0.0,Riverine,23485,0915_1630_1,"Orange painted stake on west side of Mill Creek Rd.
HWM confirmed by local resident.",level III,3,2,0.2,,,30.51978,-94.16106,7,6551,22229,1.0,2017-09-29T04:00:00,13,0.03,6,2,Lower Sabine
8274,N/A,34.513,180,[],2017-09-05T05:00:00,1760,1,2,0.0,Riverine,21480,0906_1030_1,Orange painted stake on Sayle Road (County Road 306),,3,2,0.2,,,28.91946,-96.66553,7,5424,21060,1.0,2017-09-08T05:00:00,1787,0.14,6,2,Lavaca River
8829,N/A,8.133,180,[],2017-09-07T05:00:00,1760,1,2,0.0,Coastal,21600,0907_1200_1,"Painted stake on south side of Hwy 35, directly west of boat ramp parking lot entrance.",,4,2,0.4,,,28.73799,-96.40257,7,5714,21151,1.0,2017-09-09T05:00:00,1787,0.013205,6,2,Gulf of America
8412,Right,65.38,180,[],2017-09-07T05:00:00,1791,1,2,4.85,Riverine,21481,21059_HWM1,Telephone pole across from address,"Set temporary RM with RTN GPS, and ran short level loop to HWM.",3,5,0.2,,,30.00851,-95.23673,6,5499,21059,1.0,2017-09-22T05:00:00,1840,0.08,6,2,Spring Creek
9837,N/A,4.26,180,[],2017-09-11T05:00:00,1833,1,2,0.8,Riverine,22298,0911_1810_2,,,2,1,0.1,,,29.662789,-94.53278,7,6332,21587,1.0,2017-09-18T05:00:00,1837,0.17,6,2,Oyster Bayou
8042,N/A,231.537,180,[],2017-10-04T05:00:00,1834,6,2,,Riverine,25299,0922_1711_1,debris snag in tree line. Surveyed at top of high water mark,,5,2,,,,30.32141,-95.04375,,5320,23213,1.0,2017-09-22T05:00:00,1834,0.05,6,2,San Jacinto River
10157,Right,143.729,180,[],2017-09-19T04:00:00,1722,1,2,0.0,Riverine,23857,HWM-3,"Talked with property owner.Property
owner showed us multiple places the water crested, which were
verified by observing sand/wash lines and grasses bent in
downstream direction. Chose location by grass rake implement
wheel upon which the water crested. Set TBM in field and ran
levels.",,3,9,0.2,,,30.94196,-94.11547,9,6690,21819,1.0,2017-09-19T04:00:00,1722,0.1523,6,2,Unknown
9583,Left,88.93,180,[],2017-09-29T05:00:00,1854,1,2,3.3,Riverine,25305,0929_1403_6,Seed line on door to barn located 300 ft US of CR 117 and Peach Crk and on LB,,1,5,0.03,,,29.34174,-96.01194,8,6428,22015,1.0,2017-09-29T05:00:00,1854,,6,2,San Bernard River
9813,N/A,68.1,180,[],2017-09-09T04:00:00,1760,1,2,7.09,Riverine,22014,0909_1120_1,"Seed line on the center of the bridge, facing upstream",level 4 survey; field readings RTK 69.086-1.02 TD,1,5,0.02,,,29.54663,-95.46292,2,6512,21414,1.0,2017-09-18T04:00:00,900,0.5,6,2,Unknown
10017,N/A,111.0,180,[],2017-09-18T04:00:00,1602,1,2,3.74,Riverine,23847,0918_1203_01,"Nail in tree, downstream, left bank, 20 ft. from stream. Marked with orange flagging.",,2,5,0.1,,,30.66783,-93.89297,5,6563,22426,1.0,2017-09-27T04:00:00,1731,0.062,6,2,Unknown
9937,N/A,6.84,180,[],2017-09-21T05:00:00,1833,1,2,0.0,Riverine,22747,0914_0840_2,mud line on chain-linked fence at enterance,,4,5,0.3,,,29.855939,-94.101397,8,6381,21873,1.0,2017-09-21T05:00:00,1837,0.16,6,2,unknown
9979,N/A,68.3,180,[],2017-09-16T04:00:00,1760,1,2,0.7,Riverine,23486,0916_1030_1,USGS marker on wooden fence post W side of CR 701 roadway.,level III,5,2,0.5,,,30.56802,-94.03278,4,6552,22230,1.0,2017-09-29T04:00:00,13,0.03,6,2,Lower Sabine
8089,N/A,148.6,180,[],2017-09-22T05:00:00,1834,6,2,8.0,Riverine,25300,0922_1820_1,wash line in trees on side of highway,,5,9,,,,30.35497,-95.0524,,5321,23214,1.0,2017-09-22T05:00:00,1834,0.05,6,2,San Jacinto River
10264,N/A,13.72,180,[],2017-09-21T05:00:00,1834,1,2,2.26,Riverine,24496,0921_1100_1,Debris in chain link fence RBUS,,3,2,0.2,,,29.71545,-94.95363,2,6633,22766,1.0,2014-09-28T05:00:00,1727,0.08,6,2,Cedar Bayou
8606,Right,10.35,180,[],2017-09-07T05:00:00,1786,6,2,0.0,Riverine,21482,0907_1013,Downstream from bridge,,4,1,0.4,,,28.90185,-95.63616,8,5591,21061,1.0,2017-09-07T05:00:00,1786,0.07,6,2,Cedar Lake Creek
9343,Left,226.4,180,[],2017-09-18T04:00:00,1722,1,2,0.0,Riverine,23648,TXTYL22163-HWM-3,DSSB on Left Bank,Level 4,2,2,0.1,,,30.77593,-94.40884,7,6006,22163,1.0,2017-09-18T04:00:00,1722,1.5,6,2,Unknown
9756,N/A,21.7,180,[],2017-09-06T04:00:00,1762,1,2,0.0,Riverine,21547,0906_1840_2,A debris line found on the right edge of water. Downstream from bridge. Original field sheet indicated poor quality but specified 0.02 uncertainty. Changed to Excellent by GRH.,level 4 survey; field reading 21.744,1,2,0.02,,,29.1927,-95.4114,4,6489,21114,1.0,2017-09-18T04:00:00,900,0.5,6,2,unknown
8607,Right,10.83,180,[],2017-09-07T05:00:00,1786,6,2,0.0,Riverine,21483,0907_1016,Downstream from bridge.,,4,1,0.4,,,28.90164,-95.63637,8,5591,21061,1.0,2017-09-07T05:00:00,1786,0.17,6,2,Cedar Lake Creek
8090,N/A,55.172,180,[],2017-09-22T05:00:00,1834,6,2,2.35,Riverine,25301,0922_1150_1,seed line on inner outhouse door,,5,5,,,,30.06112,-95.13171,,5322,23215,1.0,2017-09-22T05:00:00,1834,0.05,6,2,San Jacinto River
7859,Right,266.934,180,[],2017-09-08T05:00:00,1822,1,2,0.0,Riverine,21888,1730,"Hard line in concrete apron supported by debris on right upstream side of bridge skirt
Measured down from top of concrete skirt",Time of discovery used as label,2,2,,,,29.46113,-97.43656,6,5268,21260,1.0,2017-09-18T05:00:00,1767,0.12,6,2,unknown creek
9833,N/A,8.69,180,[],2017-09-11T05:00:00,1833,1,2,,Riverine,22300,0911_1450_2,"Debris line marked with paint and stake. On North riverbank, 6 ft west of the bridge.",power lines causing problems with GPS,2,2,0.1,,,29.6721,-94.373566,3,,21588,1.0,2017-09-19T05:00:00,1837,0.18,6,2,Oyster Bayou
9774,N/A,26.9,180,[],2017-09-07T04:00:00,1762,1,2,0.34,Riverine,22111,0907_0940_1,Seed line on the bridge facing upstream. Left edge of water,level 4 survey; field reading 26.931,1,5,0.02,,,29.252,-95.3895,2,6496,21483,1.0,2017-09-18T04:00:00,900,0.5,6,2,unknown
9980,N/A,61.4,180,[],2017-09-16T04:00:00,1760,1,2,0.5,Riverine,23488,0916_1045_2,"USGS plastic marker on orange painted stake, W side of CR 701, 200 ft N of HWM 0916_1045_1.",level III,4,2,0.4,,,30.58665,-94.03101,4,6553,22231,1.0,2017-10-03T04:00:00,13,0.03,6,2,Lower Sabine
8276,N/A,17.583,180,[],2017-09-05T05:00:00,1760,1,2,0.4,Riverine,21484,0906_1230_1,"Orange painted arrow, under bridge, left bank",,4,2,0.4,,,28.89846,-96.6049,4,5425,21062,1.0,2017-09-08T05:00:00,1787,0.14,6,2,Dry Creek
8091,N/A,56.807,180,[],2017-09-22T05:00:00,1834,6,2,2.8,Riverine,25303,0922_1215_2,seed line under bridge,,4,5,,,,30.06727,-95.09903,,5323,23216,1.0,2017-09-22T05:00:00,1834,0.05,6,2,San Jacinto River
9452,N/A,3.6,180,[],2017-09-15T04:00:00,900,1,2,0.8,Riverine,23127,no_label,by blue trash cans,level 4 survey; field 2.775+.8 ft,4,2,0.3,,,28.9794,-95.2682,,6077,21041,1.0,2017-09-15T04:00:00,900,0.2,6,2,Gulf of America
8608,Left,10.82,180,[],2017-09-07T05:00:00,1786,6,2,0.0,Riverine,21485,0907_1022,Downstream from bridge.,,3,1,0.2,,,28.9022,-95.63556,8,5591,21061,1.0,2017-09-07T05:00:00,1786,0.11,6,2,Cedar Lake Creek
9830,N/A,8.45,180,[],2017-09-11T05:00:00,1833,1,2,0.0,Riverine,22302,0911_1725_2,Marked with paint and stake on north side of road at bayou.,,3,2,0.2,,,29.674208,-94.475552,3,,21589,0.0,2017-09-18T05:00:00,1837,0.17,6,2,Onion Bayou
9952,N/A,9.83,180,[],2017-09-14T05:00:00,1833,1,2,0.0,Riverine,22844,0914_1015_3,Seed line on post,,1,5,0.01,,,29.835111,-94.194289,8,6370,21897,1.0,2017-09-21T05:00:00,1837,0.16,6,2,Unknown
8275,N/A,15.688,180,[],2017-09-05T05:00:00,1760,1,2,0.4,Riverine,21486,0906_1230_2,"orange painted stake, right bank",,4,2,0.4,,,28.89838,-96.60468,7,5425,21062,1.0,2017-09-08T05:00:00,1787,0.14,6,2,Dry Creek
9951,N/A,9.79,180,[],2017-09-14T05:00:00,1833,1,2,0.0,Riverine,22841,0914_1010_2,Debris line marked with painted stake. Located approximately 100 ft east of bridge on south side of highway. Marks edge of water for drainage ditch.,,4,2,0.4,,,29.835111,-94.194289,7,6370,21897,1.0,2017-09-21T05:00:00,1837,0.16,6,2,
9627,N/A,34.62,180,[],2017-09-08T05:00:00,1762,1,2,1.24,Riverine,22754,0908_1240_1,"Lat 29.714280
Long -95.371604
Seed line along wooden post at Bennett Mills Park off Ennis St.",,2,5,0.1,,,29.71428,-95.371604,8,6443,21876,1.0,2017-09-08T05:00:00,1762,0.13,6,2,unknown
9983,N/A,69.9,180,[],2017-09-16T04:00:00,1760,1,2,4.9,Riverine,23490,0916_1330_1,"USGS metal survey marker on tree, E side of driveway (Pvt 5125), near driveway entrance.",level III,5,1,0.5,,,30.68134,-94.08942,4,6554,22233,1.0,2017-09-28T04:00:00,13,0.003,6,2,Neches
9752,N/A,28.9,180,[],2017-09-07T04:00:00,1762,4,2,0.75,Riverine,21573,0907_1050_2,Steel on the end of the bridge. Right edge of water.  Facing Downstream,level 4 survey; field readings RTK 28.126+0.78 TU,1,5,0.02,,,29.29667,-95.35667,2,6271,4319,1.0,2017-09-18T04:00:00,900,0.5,6,2,Austin Bayou
7864,Left,254.076,180,[],2017-09-08T05:00:00,1822,1,2,0.0,Riverine,21891,1850,Upstream base of concrete block shore ward of elevated pump,Time of discovery used as label,2,2,,,,29.4505,-97.38682,3,5271,21356,1.0,2017-09-18T05:00:00,1767,0.12,6,2,Guadalupe River
9123,N/A,59.99,180,[],2017-09-15T05:00:00,1833,1,2,0.0,Riverine,23128,0915_1350_1,Debris line marked by painted stake on east side of road. Located next to sign for HWY 90 Junction on south end of bridge.,,3,2,0.2,,,30.036703,-94.671923,7,5883,22049,1.0,2017-10-06T05:00:00,1760,0.1,6,2,Cow Island Bayou
9202,Right,17.32,180,[],2017-09-16T05:00:00,1846,1,2,0.0,Riverine,23373,0916_1140_3,"Debris line with stake, yellow flag and orange paint on right bank",,4,2,0.4,,,29.75652,-94.97099,7,5925,22179,1.0,2017-09-23T05:00:00,1645,,6,2,Canal leading into East Fork Goose Creek
9218,N/A,30.653,180,[],2017-09-16T05:00:00,1834,1,2,3.37,Riverine,23608,0916_1600_1,"ORANGE NAIL+TAPE ON TREE, IN BETWEEN KLEIN PARK SIGN AND CREEK",great mark,1,5,0.01,,,30.14545,-94.18814,5,5933,22287,1.0,2017-09-21T05:00:00,1770,1.7,6,2,Neches River
9208,Left,9.55,180,[],2017-09-16T05:00:00,1846,1,2,1.02,Riverine,23377,0916_1510_1,"Nail with USGS disk in shoreward face of 28inch tree, north of parking lot, west of the Parks and Rec building. Orange flagging on tree.",,1,5,0.03,,,29.72656,-94.99634,6,5928,22181,1.0,2017-09-23T05:00:00,1645,,6,2,Unnamed Creek
8282,N/A,52.076,180,[],2017-09-05T05:00:00,1760,1,2,7.0,Riverine,21487,0906_1500_1,USGS plastic marker on side of Lost Bridge Road (CR 112),,5,2,0.5,,,29.00114,-96.70797,4,5430,21063,1.0,2017-09-08T05:00:00,1787,0.14,6,2,Lavaca River
9696,N/A,255.067,180,[],2017-09-10T05:00:00,1834,1,2,1.25,Riverine,23862,0910_1510_1,debris line along chain link fence,,5,2,0.5,,,30.384039,-95.477938,,6464,22430,1.0,2017-09-10T05:00:00,1834,0.47,6,2,San Jacinto River
9984,N/A,69.8,180,[],2017-09-16T04:00:00,1760,1,2,0.0,Riverine,23491,0916_1330_2,"Orange painted stake near ""stop"" sign and ""PVT Rd 5125"" road sign.",level III,4,1,0.4,,,30.68111,-94.08922,4,6554,22233,1.0,2017-09-28T04:00:00,13,0.003,6,2,Neches
10262,N/A,7.05,180,[],2017-09-21T05:00:00,1834,1,2,0.0,Riverine,24499,0921_0920_1,Debris line on east side of road ~8 feet from road.,,2,2,0.1,,,29.68693,-94.91357,7,6632,22767,1.0,2017-09-28T05:00:00,1727,0.08,6,2,Cedar Bayou
10702,N/A,14.14,180,[],2017-09-08T05:00:00,1521,1,4,3.01,Riverine,21675,Vinton-BR1-003,"Sharpie mark at mud line on backside of bridge reflector.located on downstream side of roadway bridge, 11 feet northwest of left abutment.",,2,1,,,,30.19333,-93.64564,4,6951,21199,1.0,2017-09-09T05:00:00,1521,0.1,6,2,Gum Slough
9124,N/A,59.57,180,[],2017-09-15T05:00:00,1833,1,2,0.0,Riverine,23129,0915_1355_2,"Mud line marked by painted stake on southern end of bridge. Located on west side of road, across from the sign for HWY 90 junction.",,4,1,0.3,,,30.036703,-94.671923,7,5883,22049,1.0,2017-10-06T05:00:00,1760,0.1,6,2,Cow Island Bayou
9214,N/A,41.988,180,[],2017-09-16T05:00:00,1834,1,2,6.37,Riverine,23603,0916_1325_2,"ORANGE NAIL+TAPE ON NEARLY HOLLOWED OUT TREE OFF OF FM326, ALONG WOOD FENCE, NEAR COLLAPSED WOOD BRIDGE",,1,2,0.03,,,30.0638,-94.40646,5,5929,22284,1.0,2017-09-21T05:00:00,1770,0.055774,6,2,Neches River
9433,Left,80.9,180,[],2017-09-07T04:00:00,1791,1,2,1.3,Riverine,21397,0907_1030_2,NE side of bridge on concrete,level 3 survey; +0.03' GNSS adjustment; field readings RTK 83.659-2.78 TD,2,5,0.1,,,29.61974,-95.68357,3,6068,20988,1.0,2017-09-20T04:00:00,900,0.1,6,2,Oyster Creek
8530,N/A,91.529,180,[],2017-09-05T05:00:00,1762,1,2,1.12,Riverine,21893,0905_1645_1,"On the side of the road closest to the highway, Debris snagged on lowest barb of fence.",,1,2,0.02,,,29.56997,-95.8163,4,5557,21358,1.0,2017-10-07T05:00:00,1770,0.19,6,2,unknown
8443,N/A,86.37,180,[],2017-09-10T05:00:00,1834,1,2,4.5,Riverine,22756,21877_HWM,Debris line on exterior of pool house. Confirmed with marks inside bldg (city worker opened gate for us to inspect inside bldg.,"Set temporary RM with RTN GPS, and ran short level loop to HWM.",2,5,0.1,,,30.1731,-95.1763,2,5519,21877,1.0,2017-09-25T05:00:00,1840,0.06,6,2,Peach Creek
8283,N/A,53.849,180,[],2017-09-05T05:00:00,1760,1,2,9.0,Riverine,21488,0906_1500_2,USGS plastic marker on side of Lost Bridge Road (CR 112),,5,2,0.5,,,29.00093,-96.70828,4,5430,21063,1.0,2017-09-08T05:00:00,1787,0.14,6,2,Lavaca River
9985,N/A,126.9,180,[],2017-09-16T04:00:00,1760,1,2,1.3,Riverine,23492,0916_1445_1,"USGS metal survey marker on small tree, W side of FR 317, left downstream side of bridge",level III,3,2,0.2,,,30.77097,-94.04731,4,6555,22234,1.0,2017-09-28T04:00:00,13,0.003,6,2,Unknown
9496,N/A,214.102,180,[],2017-09-09T05:00:00,1762,1,2,0.0,Riverine,22305,0909_1133_1,"Lat 29.54711 Long -96.54369
East side of bridge on side without telephone poles on apron.",,5,1,0.5,,,29.54711,-96.54369,3,6404,21590,1.0,2017-10-10T05:00:00,1645,0.203,6,2,unknown
8413,Right,65.52,180,[],2017-09-22T05:00:00,1791,1,2,4.3,Riverine,21489,21059_HWM2,"Oily fine debris line inside open garage, 200 ft NW of hwm1. Property of Mr. Gauss - very helpful.","Set temporary RM with RTN GPS, and ran short level loop to HWM. This was very close (~200 ft) to HWM1 - Original HWM2, like HWM1 was very exposed and no accurate HW details remained. This mark is in a sheltered garage, with an entire room of remaining HW evidence.",2,2,0.1,,,30.0088,-95.2372,6,5499,21059,1.0,2017-09-22T05:00:00,1840,0.08,6,2,San Jacinto river
10704,N/A,13.6,180,[],2017-09-08T05:00:00,1521,1,4,3.77,Riverine,21677,Vinton-BR1-005,"Black Sharpie mark at seed line on right side of light tan shed, north of trailer house.",,2,5,,,,30.18439,-93.64835,4,6953,21201,1.0,2017-09-09T05:00:00,1521,0.1,6,2,Sabine River
8609,Right,10.06,180,[],2017-09-07T05:00:00,1786,6,2,0.0,Riverine,21490,0907_1033,At end of road,,3,2,0.2,,,28.89367,-95.62476,8,5592,21064,1.0,2017-09-07T05:00:00,1786,0.17,6,2,Cedar Lake Creek
8531,N/A,91.654,180,[],2017-09-05T05:00:00,1762,1,2,1.42,Riverine,21894,0905_1645_2,Debris line on barb wire fence post on the side of the road nearest the river.,,1,2,0.02,,,29.56997,-95.8163,4,5557,21358,1.0,2017-10-07T05:00:00,1770,0.19,6,2,unknown
9986,N/A,126.7,180,[],2017-09-16T04:00:00,1760,1,2,1.7,Riverine,23493,0916_1445_2,"USGS metal survey marker on painted stake, W side of FR 317, left downstream side of bridge.",level III,3,2,0.2,,,30.77103,-94.04742,4,6555,22234,1.0,2017-09-28T04:00:00,13,0.003,6,2,Unknown
9497,N/A,215.775,180,[],2017-09-09T05:00:00,1762,1,2,0.0,Riverine,22306,0909_1133_2,"Lat 29.54675 Long -96.5444
West side of bridge on side with telephone poles on apron.",,5,2,0.5,,,29.54711,-96.54369,3,6404,21590,1.0,2017-10-10T05:00:00,1645,0.203,6,2,unknown
10031,Left,267.2,180,[],2017-09-19T04:00:00,1602,1,2,5.68,Riverine,23825,0919_1510_01,"Nail in tree on downstream, left bank, 50 ft from road, 50 ft from stream center. Marked with orange flagging.",,4,5,0.3,,,30.95101,-93.91668,5,6568,22416,1.0,2017-09-27T04:00:00,1645,0.062,6,2,Unknown
10709,N/A,18.09,180,[],2017-09-08T05:00:00,1521,1,4,0.0,Riverine,21682,Starks-BR1-005,"5035 Salter Bluff road. Wooden stake in yard; blue flagging, marking water line. Resident leasing property verified HWM.",,3,3,,,,30.27517,-93.69241,6,6957,21206,1.0,2017-09-09T05:00:00,1521,0.1,6,2,Bass Lake
10014,Right,103.7,180,[],2017-09-18T04:00:00,1835,1,2,2.99,Riverine,23844,0918_0954_03,Nail in wooden frame of dumpster fence behind Elijah's Cafe. South of Trout creek of HWY 96. Marked with orange flagging.,,3,5,0.2,,,30.66544,-93.89466,5,6562,22423,1.0,2017-09-27T04:00:00,1731,0.062,6,2,UNKNOWN
8532,N/A,92.477,180,[],2017-09-05T05:00:00,1762,1,2,2.98,Riverine,21895,0905_1645_3,Mud line found in the vegetation off the side of the road.,,1,1,0.02,,,29.56997,-95.8163,4,5557,21358,1.0,2017-10-07T05:00:00,1770,0.19,7,2,unknown
9397,N/A,17.0,180,[],2017-09-06T04:00:00,1599,1,2,3.14,Riverine,21267,2,Far right wooden guardrail support at dead end barrier of 33rd street marked with painted nail and pink flagging tape,level 4 survey; field readings 3.21TU+13.590; +0.16' GNSS adjustment,2,5,,,,29.33235,-95.06837,5,6046,20910,1.0,2017-09-16T04:00:00,900,0.006562,6,2,willow bayou
10020,N/A,151.2,180,[],2017-09-18T04:00:00,1602,1,2,4.88,Riverine,23846,0918_1358_02,"Nail in tree, downstream, right bank, 60 ft. from stream center, 20 ft from edge of tree line. Marked with orange flagging.",,2,5,0.1,,,30.73028,-93.92542,5,6564,22425,1.0,2017-09-27T04:00:00,1645,0.062,6,2,Unknown
10723,N/A,7.87,180,[],2017-09-09T05:00:00,1521,1,4,,Riverine,22174,LC-JKN2-020,Excellent seed line on power pole 036776 (double pole) marked with nail and flagging on right upstream bank at Barrett Lane off Highway 378 crossing of Houston River,,1,5,,,,30.29528,-93.2499,6,6969,21513,1.0,2017-09-11T05:00:00,1521,,6,2,Houston River
9484,Left,276.41,180,[],2017-09-10T05:00:00,1791,1,2,3.99,Riverine,21896,0910_0900_1,"Debris on fence post, left bank, down stream side of bridge, next to stream",Surveyed about 0.40' higher then original flag.,4,2,0.3,,,30.14825,-95.94447,6,6100,21359,1.0,2017-09-30T05:00:00,1854,0.141,6,2,Spring Crk
8610,Right,9.82,180,[],2017-09-07T05:00:00,1786,6,2,0.0,Riverine,21492,0907_1035,At end of road,,3,2,0.2,,,28.89366,-95.62468,8,5592,21064,1.0,2017-09-07T05:00:00,1786,0.08,6,2,Cedar Lake Creek
9778,Left,78.22,180,[],2017-09-15T05:00:00,1772,2,2,0.0,Riverine,23133,0915_0750,Debris line on bank,,3,2,0.2,,,29.98359,-95.28955,8,6289,22051,1.0,2017-09-15T05:00:00,1772,0.0402,7,2,Garners Bayou
8286,N/A,69.039,180,[],2017-09-05T05:00:00,1760,1,2,13.0,Riverine,21493,0906_1545_2,Orange paint marking on downstream side of bridge,,2,5,0.1,,,29.05946,-96.7355,3,5432,21065,1.0,2017-09-08T05:00:00,1787,0.14,6,2,Lavaca River
9683,N/A,133.327,180,[],2017-09-10T05:00:00,1834,1,2,4.51,Riverine,23867,0910_0900_1,seed line along shed of residence,,4,5,0.3,,,30.259478,-95.4951,,6459,22431,1.0,2017-09-10T05:00:00,1834,0.47,6,2,San Jacinto River
9999,Right,61.6,180,[],2017-09-16T04:00:00,1602,1,2,7.04,Riverine,23354,0916_1736_02,"Nail in telephone pole, 120 ft from stream, upstream, right bank. Marked with flagging.",,3,5,0.2,,,30.43121,-93.90923,5,6558,22169,1.0,2017-09-28T04:00:00,1645,0.183,6,2,Unknown
10126,N/A,53.1,180,[],2017-09-09T04:00:00,1760,1,2,1.7,Riverine,22008,0909_1020_1,Debris Line in the bushes along the school parking lot,level 4 survey; field readings RTK 51.145+2.0 TU,1,2,0.03,,,29.471,-95.3646,4,6689,21411,1.0,2017-09-17T04:00:00,900,0.6,6,2,Unknown
9779,Left,67.07,180,[],2017-09-15T05:00:00,1772,2,2,0.0,Riverine,23134,0915_0825,debris on bank,,4,2,0.4,,,29.96718,-95.20129,8,6290,22052,1.0,2017-09-15T05:00:00,1772,0.036,7,2,Lake Houston
10727,N/A,4.0,180,[],2017-09-10T05:00:00,1521,1,4,2.55,Riverine,22718,LC-JKN2-023,Excellent seed lines on piers; good stain line also recovered but believe to be from a previous flood (higher) at Cities Service Highway just south of Interstate 10,,1,5,,,,30.20168,-93.32526,4,6972,21856,1.0,2017-09-10T05:00:00,1521,,6,2,Bayou D'Inde
8441,N/A,92.95,180,[],2017-09-19T05:00:00,1834,1,2,1.8,Riverine,22658,21814_HWM,"west facing exterior wall of home. On Cheatum road, about 150 ft south of intersection with Main St.","Set temporary RM with RTN GPS, and ran short level loop to HWM.",2,5,0.1,,,30.1928,-95.1693,2,5517,21814,1.0,2017-09-19T05:00:00,1840,0.06,6,2,Trib to Peach Creek
9734,N/A,352.676,180,[],2017-09-21T05:00:00,1834,1,2,3.4,Riverine,24502,0921_1418_1,debris snag caught in tree on golf course,,4,2,0.4,,,29.66511,-97.6499,,6485,22768,1.0,2017-09-21T05:00:00,1834,0.14,6,2,San Marcos River
10731,N/A,23.13,180,[],2017-09-06T05:00:00,1521,1,4,2.4,Riverine,22722,LC-JKN1-001,Gd seed and fair stain line on DSS of downstream bridge deck near left (south) abutment. HWM is 0.29 ft below DS Lt abutment wingwall marked with a blue sharpie. at Downstream side of DS SR 171 Bridge,,2,5,,,,30.36899,-93.2006,4,6975,21859,1.0,2017-09-08T05:00:00,1521,0.1,6,2,little Indian Bayou
9781,N/A,59.7,180,[],2017-09-15T05:00:00,1772,2,2,2.65,Riverine,23135,0915_0845,debris line on chain link fence,,3,2,0.2,,,29.95083,-95.25016,8,6291,22053,1.0,2017-09-15T05:00:00,1772,0.0434,7,2,Garners Bayou
9995,Right,75.0,180,[],2017-09-16T04:00:00,1602,1,2,3.54,Riverine,23360,0916_1538_02,"Sharpie on reflective bridge sign, downstream, right bank, guardrail. Marked with orange flagging.",,3,5,0.2,,,30.47532,-93.93925,5,6557,22173,1.0,2017-09-28T04:00:00,1645,0.183,6,2,Unknown
10127,N/A,52.5,180,[],2017-09-09T04:00:00,1760,1,2,1.2,Riverine,22009,0909_1020_2,Debris line in the bushes along the school parking lot facing the road,level 4 survey; field readings RTK 50.956+1.5 TU,1,2,0.03,,,29.471,-95.3646,4,6689,21411,1.0,2017-09-17T04:00:00,900,0.6,6,2,Unknown
8288,N/A,70.315,180,[],2017-09-05T05:00:00,1760,1,2,0.0,Riverine,21494,0906_1545_3,Orange arrow approx. 100 ft south of bridge,,5,5,0.5,,,29.05946,-96.7355,3,5432,21065,1.0,2017-09-08T05:00:00,1787,0.14,6,2,Lavaca River
9736,N/A,368.536,180,[],2017-09-21T05:00:00,1834,6,2,5.37,Riverine,24503,0921_1515_1,seed line on second pier on second set of piers east of park road,,2,5,0.1,,,29.66954,-97.6987,,6486,22769,1.0,2017-09-21T05:00:00,1834,0.14,6,2,San Marcos River
10733,N/A,22.42,180,[],2017-09-06T05:00:00,1521,1,4,1.65,Riverine,22725,LC-JKN1-003,"Good seed line on right side of house at front corner of garage. HWM is 1.65' above blue sharpie spot on concrete driveway at corner at 2643 Southern Drive, Moss Bluff",,2,5,,,,30.34755,-93.20966,4,6977,21862,1.0,2017-09-08T05:00:00,1521,0.1,6,2,Calcasieu
9782,N/A,55.69,180,[],2017-09-15T05:00:00,1772,2,2,0.0,Riverine,23136,0915_0920,Cut line,,3,9,0.2,,,29.86966,-95.32154,8,6293,22054,1.0,2017-09-15T05:00:00,1772,0.0536,7,2,Halls Bayou
8611,Left,11.98,180,[],2017-09-07T05:00:00,1786,6,2,0.0,Riverine,21495,0907_1044,Upstream side of road at culvert,,3,5,0.2,,,28.87082,-95.65031,8,5593,21066,1.0,2017-09-07T05:00:00,1786,0.15,6,2,Caney Creek
8453,N/A,76.96,180,[],2017-09-19T05:00:00,1840,1,2,4.66,Riverine,23869,22432_HWM1,On front door of empty home. Sheltered by front porch and well preserved.,"Set temporary RM with RTKGPS, then ran short level loop",2,5,0.1,,,30.142,-95.1861,,5526,22432,1.0,2017-09-19T05:00:00,1840,0.08,6,2,Caney Creek
9732,N/A,320.637,180,[],2017-09-12T05:00:00,1834,6,2,2.3,Riverine,24504,0912_1720_1,wash line; debris snag along fence line,,5,9,0.5,,,29.596603,-97.595701,,6484,22770,1.0,2017-09-12T05:00:00,1834,0.18,6,2,Guadalupe River
9824,N/A,44.0,180,[],2017-09-09T04:00:00,1760,1,2,7.5,Riverine,22020,0909_1220_1,Seed line on the bridge,level 4 survey; field readings RTK direct 44.001,1,5,0.02,,,29.429,-95.2717,2,6514,21417,1.0,2017-09-17T04:00:00,900,0.6,6,2,Unknown
9823,N/A,44.5,180,[],2017-09-09T04:00:00,1760,1,2,2.55,Riverine,22021,0909_1220_2,Another Seed line on the bridge,level 4 survey; field readings RTK 44.564-.026 TD,1,5,0.02,,,29.429,-95.2717,2,6514,21417,1.0,2017-09-17T04:00:00,900,0.6,6,2,Unknown
8612,Left,11.67,180,[],2017-09-07T05:00:00,1786,6,2,0.0,Riverine,21496,0907_1045,Upstream side of road,,4,2,0.4,,,28.87085,-95.65028,8,5593,21066,1.0,2017-09-07T05:00:00,1786,0.16,6,2,Caney Creek
10736,N/A,23.29,180,[],2017-09-06T05:00:00,1521,1,4,0.16,Riverine,22729,LC-JKN1-006,Excellent seed line in garage marked with blue sharpie 0.16' above concrete slab at 501 Joe Miller Road,,1,5,,,,30.34426,-93.20877,4,6980,21866,1.0,2017-09-08T05:00:00,1521,0.1,6,2,Calcasieu
9488,Left,231.53,180,[],2017-09-10T05:00:00,1791,1,2,3.04,Riverine,21901,0910_0920_1,Post on guardrail on SE side of road,,2,1,0.1,,,30.18878,-95.82579,3,6101,21361,1.0,2017-10-07T05:00:00,1645,0.01,6,2,Walnut Creek
8922,N/A,253.08,180,[],2017-09-12T05:00:00,1839,6,2,,Riverine,25106,hwm2,"wash line - Lat 29.82444 Long -96.34243
Located on south side of bridge on apron on right side of road as facing the sign reading ""San Bernard River"" ad ""Colorado County Line"".",,2,9,0.1,,,29.82444,-96.34243,3,5770,23132,1.0,2017-09-22T05:00:00,1839,0.0237,6,1,gulf of mexico
8921,N/A,253.27,180,[],2017-09-12T05:00:00,1839,6,2,,Riverine,25105,hwm1,"Lat 29.82496 Long -96.34176
North side of bridge on side across from signs that say ""San Bernard River"" and ""Colorado County Line""-on telephone pole ""63485""
(Same side of road as second mark)",,2,5,0.1,,,29.82496,-96.34176,5,5770,23132,1.0,2017-09-22T05:00:00,1839,0.0237,6,2,gulf of mexico
9739,N/A,321.381,180,[],2017-09-12T05:00:00,1834,6,2,0.0,Riverine,24505,0912_1650_1,wash line along bridge,,5,9,0.5,,,29.593384,-97.587334,,6488,22771,1.0,2017-09-12T05:00:00,1834,0.18,6,2,Guadalupe River
10740,N/A,22.88,180,[],2017-09-07T05:00:00,1521,1,4,,Riverine,22734,LC-JKN1-010,good seedline on fence in backyard and to right of house marked with blue sharpie at 1137 Ravenhurst Dr,,2,5,,,,30.32128,-93.21241,4,6984,21871,1.0,2017-09-08T05:00:00,1521,0.1,6,2,Calcasieu
9135,N/A,57.293,180,[],2017-09-15T05:00:00,1833,1,2,3.2,Riverine,23139,0915_1415_1,Mud line marked with tape on southern road embankment. Approximately 30 ft east of water's edge.,,4,1,0.3,,,30.027828,-94.593868,2,5891,22056,1.0,2017-10-06T05:00:00,1770,0.01,6,2,White's Bayou
9628,N/A,34.652,180,[],2017-09-08T05:00:00,1762,1,2,0.85,Riverine,22768,0908_1240_2,"Lat 29.714234
Long -95.371600
Seed line along wooden post at Bennett Mills Park off Ennis St.",,2,5,0.1,,,29.714234,-95.3716,8,6443,21876,1.0,2017-09-08T05:00:00,1762,0.1,6,2,unknown
9740,N/A,320.805,180,[],2017-09-21T05:00:00,1834,6,2,3.5,Riverine,24506,0912_1650_2,seed line under bridge,,5,5,0.5,,,29.593384,-97.587334,,6488,22771,1.0,2017-09-21T05:00:00,1834,0.18,6,2,Guadalupe River
8304,N/A,75.602,180,[],2017-09-06T05:00:00,1760,1,2,4.0,Riverine,21498,0906_1630_2,USGS Plastic marker on tree upstream side of road,,4,2,0.4,,,29.07241,-96.78111,4,5444,21067,1.0,2017-09-08T05:00:00,1787,0.14,6,2,Lavaca River
9737,N/A,306.483,180,[],2017-09-12T05:00:00,1834,6,2,0.0,Riverine,24507,0912_1600_1,debris line along side of road,,5,2,0.5,,,29.560895,-97.545385,,6487,22772,1.0,2017-09-12T05:00:00,1834,0.18,6,2,Guadalupe River
10071,N/A,5.77,180,[],2017-09-04T05:00:00,1762,1,2,0.0,Coastal,21003,0904_1000_1,"lat 28.38256 long -96.70016
orange painted stake near road sign Falcon Point Rd",,2,2,0.1,,,28.38256,-96.70016,7,6677,20708,1.0,2017-09-08T05:00:00,1770,0.085302,6,2,Coastal
8330,N/A,91.711,180,[],2017-09-06T05:00:00,1760,1,2,8.0,Riverine,21499,0906_1700_1,Orange paint mark on back of reflective black/yellow road sign.,,5,1,0.5,,,29.10019,-96.8086,3,5452,21068,1.0,2017-09-08T05:00:00,1787,0.14,6,2,Lavaca River
9784,N/A,59.29,180,[],2017-09-15T05:00:00,1772,2,2,3.04,Riverine,23141,9015_1035,Debris line on chain link fence,,3,2,0.2,,,29.87169,-95.34258,8,6295,22058,1.0,2017-09-15T05:00:00,1772,0.0542,7,2,Halls Bayou
8929,N/A,227.31,180,[],2017-09-12T05:00:00,1839,6,2,,Riverine,25109,hwm1,"Lat 29.77985 Long -96.31662
Located on west side of low water crossing on right side of road in fence post next to green gate as traveling east.",,2,2,0.1,,,29.77985,-96.31662,5,5776,23135,1.0,2017-09-22T05:00:00,1839,0.0237,6,1,gulf of mexico
9217,N/A,30.748,180,[],2017-09-16T05:00:00,1834,1,2,2.32,Riverine,23606,0916_1525_1,ORANGE PAINT LINE ON BRIDGE AT RIGHT DOWNSTREAM SIDE. TOP OF PAINT MARKS SEED LINE,Seed line on bridge face just downstream of release structure; stage seems to be controlled to limit stage to just below road level.,3,5,0.2,,,30.13313,-94.22311,3,5932,22286,1.0,2017-09-21T05:00:00,1770,0.055774,6,2,Neches River
9490,Left,227.38,180,[],2017-09-30T05:00:00,1854,1,2,5.23,Riverine,25519,0930_1450_2,"Debris line on upstream side of bridge, left bank, at State Loop 1098 and Ponds Crk in Prairie View, TX",,2,5,0.1,,,30.09667,-95.99802,9,6104,21367,1.0,2017-09-30T05:00:00,1854,0.141,6,2,Ponds Creek
9053,N/A,1.985,180,[],2017-09-17T05:00:00,1762,1,2,1.53,Riverine,23588,0917_1505_1,"ORANGE NAIL_TAPE ON TELEPHONE POLE IN PARK, NEXT TO BLEACHERS AND YELLOW PORT-O-POTTIES",,1,5,0.05,,,29.88411,-93.93436,5,5842,22274,1.0,2017-09-20T05:00:00,1770,0.7,6,2,unknown
8444,Right,86.71,180,[],2017-09-10T05:00:00,1834,1,2,0.0,Riverine,22770,21879_HWM1,Upstream - right of RR bridge about 150 ft DS of Loop-494,,3,2,0.2,,,30.15835,-95.21004,3,5520,21879,1.0,2017-09-18T05:00:00,1847,0.09,6,2,San Jacinto River
8932,N/A,228.14,180,[],2017-09-12T05:00:00,1839,6,2,,Riverine,25110,hwm2,"Lat 29.77988 Long -96.31432
Located on east side of low water crossing on left side of road in fence post as traveling east.",,2,5,0.1,,,29.77988,-96.31432,5,5776,23135,1.0,2017-09-22T05:00:00,1839,0.0237,6,1,gulf of mexico
8613,Left,19.35,180,[],2017-09-07T05:00:00,1786,6,2,0.0,Riverine,21500,0907_1148,"Upstream from bridge, outlier",,3,2,0.2,,,28.96514,-95.68992,8,5594,21069,1.0,2017-09-07T05:00:00,1786,0.12,6,2,Cedar Lake Creek
9237,N/A,34.52,180,[],2017-09-17T05:00:00,1836,1,2,4.05,Riverine,23503,0917_1015_2,Seed line on rain gutter inside attached to stone column on southeast corner of pavillion in Newport Park,,1,5,0.02,,,29.91177,-95.08945,4,5943,22238,1.0,2017-09-24T05:00:00,1645,,6,2,Lake Houston
9225,N/A,6.38,180,[],2017-09-16T05:00:00,1846,1,2,0.0,Coastal,23384,0916_1658_2,Storm surge debris ~250ft east of the first mark.  Marked with a stake and orange paint. ~450ft from parking lot.,,4,2,0.3,,,29.71152,-94.99322,7,5936,22183,1.0,2017-09-23T05:00:00,1645,,6,2,Tabbs Bay
9288,N/A,23.63,180,[],2017-09-19T05:00:00,1834,1,2,1.69,Riverine,24508,0919_1415_1,Seed line on tree in center median of Navigation Rd. at interestion with Ave I.,,3,5,0.2,,,29.73611,-95.28226,5,5975,22773,1.0,2017-10-05T05:00:00,1770,0.04,6,2,Buffalo Bayou
9786,Left,62.67,180,[],2017-09-15T05:00:00,1772,2,2,0.0,Riverine,23142,0915_1045,debris line on bridge cement,,3,2,0.2,,,29.88509,-95.34238,8,6297,22059,1.0,2017-09-15T05:00:00,1772,0.0561,7,2,Halls Bayou
9828,N/A,22.81,180,[],2017-09-11T05:00:00,1776,1,2,5.9,Riverine,22288,0911_1600_1,paint and tape mark location. Approx. 20m west of east bay bayou. tree line south of whites ranch road.,Used string and level to get HWM,4,2,0.4,,,29.676044,-94.431266,2,6327,21580,1.0,2017-09-19T05:00:00,1837,0.38,6,2,East Bay Bayou
10072,N/A,6.41,180,[],2017-09-04T05:00:00,1762,1,2,0.0,Coastal,21005,0904_1000_2,"lat 28.38262 long -96.70017
orange painted stake near road sign Falcon Point Rd",,2,2,0.1,,,28.38262,-96.70017,7,6677,20708,1.0,2017-09-08T05:00:00,1770,0.085302,6,2,Coastal
8614,Left,18.63,180,[],2017-09-07T05:00:00,1786,6,2,0.0,Riverine,21501,0907_1149,Upstream from bridge,,4,2,0.4,,,28.9652,-95.68985,8,5594,21069,1.0,2017-09-07T05:00:00,1786,0.18,6,2,Cedar Lake Creek
8107,N/A,267.975,180,[],2017-09-13T05:00:00,1822,1,2,2.08,Riverine,22675,0912_1510,"Left bank u[stream of v
bridge mud in  in trees 2.08 above ground",,2,1,,,,29.68195,-96.9268,6,5329,21824,1.0,2017-09-19T05:00:00,1834,0.11,6,2,West Navidad Tributary
9788,N/A,71.76,180,[],2017-09-15T05:00:00,1772,2,2,3.32,Riverine,23143,0915_1120,debris pile up on electric tower,,4,2,0.4,,,29.8929,-95.37078,8,6299,22060,1.0,2017-09-15T05:00:00,1772,0.1601,7,2,Halls Bayou
9289,N/A,23.16,180,[],2017-09-19T05:00:00,1834,1,2,1.13,Riverine,24509,0919_1415_2,Debris line mound in chain link fence along Navigation Blvd. @ northern part of intersection with Ave. I.,,4,2,0.25,,,29.73586,-95.28224,2,5975,22773,1.0,2017-10-05T05:00:00,1770,0.04,6,2,Buffalo Bayou
10003,Left,31.2,180,[],2017-09-16T04:00:00,1602,1,2,0.0,Riverine,23333,0916_1850_02,"Stake in ground, 100 ft from shelter center, downstream, left bank. Marked with orange paint.",,5,2,0.5,,,30.34616,-93.80452,7,6560,22156,1.0,2017-09-28T04:00:00,1731,0.183,6,2,Unknown
9790,N/A,78.73,180,[],2017-09-15T05:00:00,1772,2,2,3.28,Riverine,23144,0915_1145,Debris on chain link fence,,3,2,0.2,,,29.89558,-95.40485,8,6300,22061,1.0,2017-09-15T05:00:00,1772,0.0913,7,2,Halls Bayou
8615,Left,18.86,180,[],2017-09-07T05:00:00,1786,6,2,0.0,Riverine,21502,0907_1150,Upstream from bridge.,,4,2,0.4,,,28.96527,-95.68973,8,5594,21069,1.0,2017-09-07T05:00:00,1786,0.18,6,2,Cedar Lake Creek
9489,Left,234.07,180,[],2017-09-10T05:00:00,1791,1,2,3.3,Riverine,21907,0909_0950_1,"Fence east of bridge, south of road",,2,5,0.1,,,30.18938,-95.8204,6,6102,21364,1.0,2017-10-07T05:00:00,1645,0.01,6,2,Birch Creek
8934,N/A,213.83,180,[],2017-09-12T05:00:00,1839,6,2,,Riverine,25112,hwm1,"Lat 29.75124 Long -96.29740
On left side of road as traveling south, across road from John Deere theme mailbox.",,2,1,0.1,,,29.75124,-96.2974,5,5778,23136,1.0,2017-09-22T05:00:00,1839,0.0237,6,1,gulf of mexico
8616,Left,18.43,180,[],2017-09-07T05:00:00,1786,6,2,0.0,Riverine,21503,0907_1151,Upstream from bridge,,3,2,0.2,,,28.9653,-95.6897,8,5594,21069,1.0,2017-09-07T05:00:00,1786,0.16,6,2,Cedar Lake Creek
9791,N/A,81.46,180,[],2017-09-15T05:00:00,1772,2,2,0.9,Riverine,23145,0915_1205,Seed line on plastic tubing,,3,5,0.2,,,29.90059,-95.42276,8,6302,22062,1.0,2017-09-15T05:00:00,1772,0.0659,7,2,Halls Bayou
7926,N/A,210.371,180,[],2017-09-11T05:00:00,1822,1,2,,Riverine,22291,0911_1210,Nail and flagging in 5th wooden fence post from lone tree right bank 100 yards west from bridge,,2,1,,,,29.51016,-96.82623,6,5308,21582,1.0,2017-09-19T05:00:00,1834,0.18,6,2,Navidad river
9236,Left,34.13,180,[],2017-09-17T05:00:00,1836,1,2,4.31,Riverine,23502,0917_1015_1,Seed line exterior of bathroom building in park opposite side from S. Diamondhead Blvd. Marked with a dotted line and spray painted wooden stake,,1,5,0.01,,,29.91171,-95.08942,4,5943,22238,1.0,2017-09-24T05:00:00,1645,,2,2,Lake Houston
8937,N/A,214.03,180,[],2017-09-12T05:00:00,1839,6,2,,Riverine,25113,hwm2,"Lat 29.74953 Long -96.29592
Marker is located 100 feet north of intersection of Schultz Rd. and NW 1-10 Frontage Rd. Can see I-10 from location on dirt road, marker is on telephone pole on left side of road as looking at I-10.",,2,1,0.1,,,29.74953,-96.29592,5,5778,23136,1.0,2017-09-22T05:00:00,1839,0.0237,6,1,gulf of mexico
10022,N/A,30.27,180,[],2017-09-14T05:00:00,1846,1,2,,Riverine,23390,0914_0920_1,Seed line on wood platform (side facing the school) with a red A-frame vertical wall in playground. Mark on wood is red lumber crayon.,,1,5,0.02,,,29.71713,-95.27348,9,6393,22186,1.0,2017-09-25T05:00:00,1645,,6,2,Buffalo Bayou
8939,N/A,178.28,180,[],2017-09-12T05:00:00,1834,6,2,2.9,Riverine,23072,hwm1,"Fenceline, Terry will point out. Black markers on metal fence post, with orange tape.",,2,2,0.1,,,29.67496,-96.26756,2,5780,22022,1.0,2017-09-22T05:00:00,1839,0.0237,6,1,San Bernard River
8617,Right,26.26,180,[],2017-09-07T05:00:00,1786,6,2,0.0,Riverine,21504,0907_1218,Upstream from bridge,,3,2,0.2,,,29.01018,-95.74096,8,5595,21071,1.0,2017-09-07T05:00:00,1786,0.16,6,2,Cedar Lake Creek
9443,N/A,3.7,180,[],2017-09-04T04:00:00,1760,1,2,0.0,Coastal,21449,0904_1700_1,"With permission from the owner of 1103 gulf view street, a hwm was found along the coast visible at the end of the road.",level 4 survey; field reading 3.705 ft; northeast - pink flag,1,2,0.01,,,28.9545,-95.2928,4,6073,21036,1.0,2017-09-15T04:00:00,900,0.2,6,2,Gulf of America
7929,N/A,203.998,180,[],2017-09-11T05:00:00,1822,1,2,1.61,Riverine,22293,0911_1240,Downstream left bank 120 yards east nail in small tree at fence line,,2,2,,,,29.4922,-96.83736,6,5309,21584,1.0,2017-09-19T05:00:00,1834,0.18,6,2,Mixon creek
8560,N/A,71.503,180,[],2017-09-06T05:00:00,1762,1,2,0.0,Riverine,21909,0906_1140_2,Northeast side of the bridge near the seed line.,"No pictures on Google drive
Tape that marked HWM missing so measured what appeared to be the HWM",1,2,0.02,,,29.55893,-95.63732,4,5568,21365,1.0,2017-10-07T05:00:00,1770,0.19,6,2,unknown
9516,Left,132.92,180,[],2017-09-08T05:00:00,1772,2,2,0.0,Riverine,21660,0908_1145,"debris line 10ft W of 1463 road, 60ft from channel",,4,2,0.4,,,29.77569,-95.8343,8,6118,21192,1.0,2017-09-08T05:00:00,1772,0.0637,7,2,Willow Fork
9065,N/A,6.506,180,[],2017-09-17T05:00:00,1762,1,2,2.95,Riverine,23633,0917_1750_2,"ORANGE TAPE ON CHAINLINK FENCE AROUND POND, NEAR TO INTERSECTION OF DD7 LEVEE RD AND 87",,3,2,0.2,,,29.94983,-93.87917,2,5847,22299,1.0,2017-09-20T05:00:00,1770,0.022966,6,2,unknown
9057,N/A,7.644,180,[],2017-09-17T05:00:00,1762,1,2,2.79,Riverine,23622,0917_1535_1,"ORANGE NAIL+TAPE ON WOOD FENCE POST ALONG BARBED WIRE FENCE, NEAR TELEPHONE POLE OFF CORNER OF 57TH AND JADE ST",,3,5,0.2,,,29.88569,-94.03189,5,5844,22294,1.0,2017-09-20T05:00:00,1770,0.022966,6,2,unknown
9067,N/A,4.016,180,[],2017-09-17T05:00:00,1762,1,2,3.77,Riverine,23634,0917_1825_1,"ORANGE NAIL+TAPE ON PINE TREE ON SIDE OF BUILDING, NEAR EMPLOYEE PARKING LOT",,1,5,0.02,,,29.92759,-93.94891,5,5848,22300,1.0,2017-09-20T05:00:00,1770,0.022966,6,2,unknown
9793,Right,100.74,180,[],2017-09-15T05:00:00,1772,2,2,0.0,Riverine,23146,0915_1325,Debris line on bank,,4,2,0.4,,,29.94431,-95.47257,8,6304,22063,1.0,2017-09-15T05:00:00,1772,0.0664,7,2,Greens Bayou
9290,N/A,25.21,180,[],2017-09-19T05:00:00,1834,1,2,0.0,Riverine,24512,0919_1515_2,Debris line on the ground Under the 610 overpass at Exit 29 for Port of Houston.,,4,2,0.4,,,29.72944,-95.2663,7,5977,22774,1.0,2017-10-05T05:00:00,1770,0.04,2,2,Buffalo Bayou
9244,N/A,30.47,180,[],2017-09-17T05:00:00,1836,1,2,5.05,Riverine,23506,0917_1115_2,Seed line on pine tree ~250' from northbound lane of Gulf Pump Rd.,,1,5,0.05,,,29.88018,-95.07011,6,5949,22239,1.0,2017-09-23T05:00:00,1645,,2,2,Lake Houston
8618,Right,26.23,180,[],2017-09-07T05:00:00,1786,6,2,0.0,Riverine,21505,0907_1219,Upstream from bridge,,3,2,0.2,,,29.01018,-95.74092,8,5595,21071,1.0,2017-09-07T05:00:00,1786,0.11,6,2,Cedar Lake Creek
9125,N/A,50.05,180,[],2017-09-15T05:00:00,1833,1,2,0.0,Riverine,23147,0915_1615_1,Debris line marked with painted stake at corner of north side of culvert and west canal bank.,,3,2,0.2,,,29.975633,-94.649045,7,5884,22064,1.0,2017-10-06T05:00:00,1760,0.1,6,2,West Branch Devers Canal
8938,N/A,178.16,180,[],2017-09-22T05:00:00,1839,1,2,,Riverine,25114,hwm3,debris line near hwm1,,3,2,0.2,,,29.67496,-96.26756,8,5780,22022,1.0,2017-09-22T05:00:00,1839,0.0237,6,1,San Bernard River
9243,N/A,29.93,180,[],2017-09-17T05:00:00,1836,1,2,4.4,Riverine,23505,0917_1115_1,"Seed line on 15"" tree ~300' from northbound lane of Gulf Pump Rd.",,1,5,0.04,,,29.88028,-95.07005,6,5949,22239,1.0,2017-09-23T05:00:00,1645,,2,2,Lake Houston
10722,N/A,10.62,180,[],2017-09-09T05:00:00,1521,1,4,1.8,Riverine,22170,LC-JKN2-019B,excellent seed line on upstream handrail at Hecker Road 20 ft from rt abut,,1,5,,,,30.33033,-93.07206,4,,21511,0.0,2017-09-10T05:00:00,1521,0.1,6,2,Serpentine Bayou
9246,N/A,41.9,180,[],2017-09-17T05:00:00,1836,1,2,1.94,Riverine,23508,0917_1248_1,Debris line in chain link fence. Marked with flagging and the post is marked with a Sharpie.,,2,2,0.07,,,29.91226,-95.14293,2,5950,22240,1.0,2017-09-24T05:00:00,1645,,2,2,Lake Houston
9245,N/A,41.76,180,[],2017-09-17T05:00:00,1836,1,2,0.0,Riverine,23509,0917_1248_2,"Debris line 6' from road Marked with stake, paint and flag.",,4,2,0.25,,,29.91214,-95.14297,7,5950,22240,1.0,2017-09-24T05:00:00,1645,,6,2,Lake Houston
8619,Left,6.88,180,[],2017-09-07T05:00:00,1786,6,2,0.0,Riverine,21506,0907_1310,At Hwy 36,,3,5,0.2,,,28.95083,-95.39067,8,5596,21072,1.0,2017-09-07T05:00:00,1786,0.07,6,2,Brazos River
9293,N/A,25.22,180,[],2017-09-19T05:00:00,1834,1,2,1.04,Riverine,24513,0919_1515_1,Debris line on the ground Under the 610 overpass at Exit 29 for Port of Houston.,,4,2,0.4,,,29.72946,-95.26639,7,5977,22774,1.0,2017-10-05T05:00:00,1770,0.04,2,2,Buffalo Bayou
9126,N/A,50.21,180,[],2017-09-15T05:00:00,1833,1,2,0.0,Riverine,23148,0915_1620_2,Debris line marked with painted stake on north side of culvert.,,3,2,0.2,,,29.975633,-94.649045,7,5884,22064,1.0,2017-10-06T05:00:00,1760,0.1,6,2,West Branch Devers Canal
9460,Left,115.17,180,[],2017-09-09T05:00:00,1791,1,2,5.25,Riverine,21752,0909_1300_2,Third utility pole in Devonshire fron Gosling,,2,1,0.1,,,30.11586,-95.50716,6,6082,21266,1.0,2017-10-06T05:00:00,1645,0.121,6,2,Willow Creek
9795,Left,109.18,180,[],2017-09-15T05:00:00,1772,2,2,0.0,Riverine,23149,0915_1350,debris line on bank,,3,2,0.2,,,29.97165,-95.49549,8,6306,22065,1.0,2017-09-15T05:00:00,1772,0.0589,7,2,Greens Bayou
9248,N/A,38.16,180,[],2017-09-17T05:00:00,1836,1,2,0.0,Riverine,23511,0917_1336_1,Debris line on the ground. Marked with flag and stake.,,4,2,0.4,,,29.88298,-95.12917,7,5952,22241,1.0,2017-09-24T05:00:00,1645,,6,2,Lake Houston
9314,Left,111.91,180,[],2017-09-12T04:00:00,1780,1,2,2.3,Riverine,22440,0912_1433_1,In tree close to road and electric pole on left bank with tape and paint for visibility,level III,2,2,0.1,,,30.59922,-94.31577,5,5988,21700,1.0,2017-09-25T04:00:00,1722,0.005,6,2,Unknown
8620,Left,6.8,180,[],2017-09-07T05:00:00,1786,6,2,0.0,Riverine,21507,0907_1311,At Hwy 36,,3,5,0.2,,,28.95082,-95.39064,8,5596,21072,1.0,2017-09-07T05:00:00,1786,0.06,6,2,Brazos River
9249,N/A,38.24,180,[],2017-09-17T05:00:00,1836,1,2,0.0,Riverine,23512,0917_1336_2,Debris line on the ground. Marked with flag and stake.,,4,2,0.4,,,29.88308,-95.12903,7,5952,22241,1.0,2017-09-24T05:00:00,1645,,6,2,Lake Houston
10075,N/A,10.58,180,[],2017-09-04T05:00:00,1768,1,2,0.0,Riverine,21016,0904_1400_1,"outside of  Dow Chemical Plant area, North side of ditch and North side of club house",,2,2,0.1,,,28.50577,-96.78363,7,6679,20756,1.0,2017-09-06T05:00:00,1770,0.098425,6,2,unknown
9296,N/A,10.91,180,[],2017-09-19T05:00:00,1834,1,2,4.62,Riverine,24514,0919_1710_1,Off 2nd street in Galena Park LBDS seed line in first tree.,,2,5,0.1,,,29.73368,-95.23009,5,5978,22775,1.0,2017-10-05T05:00:00,1770,0.04,6,2,Buffalo Bayou
9466,N/A,67.89,180,[],2017-09-06T05:00:00,1762,1,2,1.76,Riverine,21913,0906_1240_3,debris line across the street from the power line,,1,2,0.02,,,29.52887,-95.62402,4,6087,21366,1.0,2017-10-11T05:00:00,1645,0.023,6,2,unknown
8622,Right,10.01,180,[],2017-09-07T05:00:00,1786,6,2,0.0,Riverine,21509,0907_1321,Upstream from bridge,,3,1,0.2,,,28.96943,-95.43189,8,5597,21073,1.0,2017-09-07T05:00:00,1786,0.05,6,2,Jones Creek
9403,Left,126.0,180,[],2017-09-06T04:00:00,1791,1,2,0.0,Riverine,21136,0906_0930_1,Under the bridge,level 3 survey; field readings 125.993; +0.03' GNSS adjustment,3,2,0.2,,,29.6975,-95.855,6,6051,20835,1.0,2017-09-20T04:00:00,900,0.1,6,2,Flewellen creek
8944,N/A,172.44,180,[],2017-09-12T05:00:00,1839,6,2,,Riverine,25117,hwm2,"Lat 29.70190 Long -96.19994
West side of bridge on side of road with telephone poles, mark is located on beam by apron of bridge (right side of road as traveling west).",,2,2,0.1,,,29.7019,-96.19994,3,5782,23138,1.0,2017-09-22T05:00:00,1839,0.0237,6,1,gulf of mexico
10165,Right,311.49,180,[],2017-09-26T05:00:00,1853,1,2,0.0,Riverine,25317,09-26-1611-2,Siltn line and debris line on Right bank 25' upstream of HWM 1.,,4,2,0.4,,,30.03746,-97.22617,7,6606,23217,1.0,2018-09-26T05:00:00,1853,0.236,6,2,Riverine
9298,N/A,10.94,180,[],2017-09-19T05:00:00,1834,1,2,4.44,Riverine,24515,0919_1710_2,debris line on chain link fence opposite point,,1,2,0.05,,,29.73368,-95.23,2,5978,22775,1.0,2017-10-05T05:00:00,1770,0.04,6,2,Buffalo Bayou
10076,N/A,10.7,180,[],2017-09-04T05:00:00,1768,1,2,0.0,Riverine,21017,0904_1400_2,"outside of  Dow Chemical Plant area, North side of ditch and North side of club house",,2,2,0.1,,,28.50577,-96.78363,7,6679,20756,1.0,2017-09-06T05:00:00,1770,0.098425,6,2,unknown
10164,Right,312.015,180,[],2017-09-26T05:00:00,1853,1,2,,Riverine,25316,09-26-1611-1,Washline and debris line on right bank 25' downstream of HWm2,,4,2,0.4,,,30.03746,-97.22613,7,6606,23217,1.0,2017-09-26T05:00:00,1853,0.236,6,2,Riverine
9797,Left,92.71,180,[],2017-09-15T05:00:00,1772,2,2,0.0,Riverine,23151,0915_1435,debris line on bank,,4,2,0.4,,,29.96622,-95.42471,8,6307,22067,1.0,2017-09-15T05:00:00,1772,0.0427,7,2,North Fork of Greens Bayou
9250,N/A,23.25,180,[],2017-09-17T05:00:00,1836,1,2,5.93,Riverine,23514,0917_1600_1,Debris line high chain link fence. Marked with flag and marker and a stake near the road.,,1,2,0.05,,,29.84546,-95.07603,2,5953,22242,1.0,2017-09-23T05:00:00,1645,,6,2,Lake Houston
8623,Right,8.03,180,[],2017-09-07T05:00:00,1786,6,2,0.0,Riverine,21510,0907_1350,At road,,3,2,0.2,,,28.92102,-95.55561,8,5598,21075,1.0,2017-09-07T05:00:00,1786,0.13,6,2,San Bernard River
9404,Right,125.3,180,[],2017-09-06T04:00:00,1791,1,2,0.0,Riverine,21137,0906_0930_2,20 ft downstream of bridge,level 3 survey; field reading 125.290; +0.03' GNSS adjustment,3,2,0.2,,,29.6975,-95.855,6,6051,20835,1.0,2017-09-20T04:00:00,900,0.1,6,2,Flewellen creek
10078,N/A,7.18,180,[],2017-09-04T05:00:00,1768,1,2,0.0,Coastal,21018,0904_1130_1,"orange painted stake behind house in Seadrift, TX",,2,2,0.1,,,28.41046,-96.72568,7,6680,20758,1.0,2017-09-08T05:00:00,1770,0.085302,6,2,Coastal
9251,N/A,22.46,180,[],2017-09-17T05:00:00,1836,1,2,5.33,Riverine,23515,0917_1600_2,Nail in tree ~70' from 25' from Grace Ln.,,3,5,0.15,,,29.84532,-95.07571,5,5953,22242,1.0,2017-09-23T05:00:00,1645,,6,2,Lake Houston
9798,Left,92.38,180,[],2017-09-15T05:00:00,1772,2,2,0.0,Riverine,23152,0915_1455,Line on bank,,2,2,0.1,,,29.94559,-95.43616,8,6308,22068,1.0,2017-09-15T05:00:00,1772,0.0515,7,2,Greens Bayou
10124,Left,151.959,180,[],2017-09-23T05:00:00,1853,1,2,152.407,Riverine,24826,0923_1414_1,Debris line on Fence and vines,,4,2,0.4,,,29.00142,-97.0535,7,6592,22829,1.0,2017-09-23T05:00:00,1853,0.036,6,2,Riverine
8624,Right,7.95,180,[],2017-09-07T05:00:00,1786,6,2,0.0,Riverine,21511,0907_1351,At road,,3,2,0.2,,,28.921,-95.55559,8,5598,21075,1.0,2017-09-07T05:00:00,1786,0.11,6,2,San Bernard River
9405,Right,125.5,180,[],2017-09-06T04:00:00,1791,1,2,,Riverine,21138,0906_0930_3,200 ft downstream of bridge,level 3 survey; field reading 125.436; +0.03' GNSS adjustment,3,2,0.2,,,29.6975,-95.855,6,6051,20835,1.0,2017-09-20T04:00:00,900,0.1,6,2,Flewellen creek
9632,N/A,93.574,180,[],2017-09-07T05:00:00,1762,1,2,1.52,Riverine,22787,0907_1245_1,"Lat 29.702005
Long -95.693301
Wash line along wooden privacy fence off of Grapevine Trail",Survey uncertainty input by GRH while inputting data into STN.,2,9,0.1,,,29.702005,-95.693301,8,6444,21881,1.0,2017-09-07T05:00:00,1762,0.1,6,2,unknown
9463,N/A,66.148,180,[],2017-09-05T05:00:00,1762,1,2,1.12,Riverine,21900,0905_1940_1,"Debris snag on fence, west end of bridge",,1,2,0.02,,,29.4532,-95.7274,4,6399,21362,1.0,2017-10-11T05:00:00,1645,0.023,6,2,unknown
8445,Left,87.47,180,[],2017-09-10T05:00:00,1834,1,2,0.0,Riverine,22788,21879_HWM2,"DS, left, of RR bridge about 160 ft DS of loop-494",,3,2,0.2,,,30.16114,-95.20893,3,5520,21879,1.0,2017-09-18T05:00:00,1847,0.09,6,2,San Jacinto River
8565,N/A,63.802,180,[],2017-09-06T05:00:00,1762,1,2,2.47,Riverine,21916,0906_1520_2,A seed line on the opposite side of the river. On the bridge facing west,,1,5,0.01,,,29.54723,-95.54969,2,5570,21368,1.0,2017-10-07T05:00:00,1770,0.19,6,2,unknown
9633,N/A,93.6,180,[],2017-09-07T05:00:00,1762,1,2,1.76,Riverine,22789,0907_1245_2,"Lat 29.701947
Long -95.693259
Debris line along wooden privacy fence off of Grapevine Trail",Survey uncertainty input by GRH while inputting data into STN.,2,2,0.1,,,29.701947,-95.693259,8,6444,21881,1.0,2017-09-07T05:00:00,1762,0.1,6,2,unknown
9799,N/A,66.55,180,[],2017-09-15T05:00:00,1772,2,2,0.0,Riverine,23154,0915_1530,pile up at base of channel fencing,,4,2,0.4,,,29.92993,-95.34662,8,6309,22070,1.0,2017-09-15T05:00:00,1772,0.049,7,2,Greens Bayou
8625,Left,10.18,180,[],2017-09-07T05:00:00,1786,6,2,0.0,Riverine,21513,0907_1421,Upstream from bridge,,3,1,0.2,,,28.95123,-95.55424,8,5599,21076,1.0,2017-09-07T05:00:00,1786,0.14,6,2,San Bernard River
10742,N/A,8.88,180,[],2017-09-07T05:00:00,1521,1,4,0.8,Riverine,22790,LC-JKN1-012,"exc seedline on wooden fence in back and to left of house marked with blue sharpie at 2914 8th Street, LC",,1,5,,,,30.2175,-93.17451,4,6986,21883,1.0,2017-09-08T05:00:00,1521,0.1,6,2,Calcasieu
8626,Left,10.18,180,[],2017-09-07T05:00:00,1786,6,2,0.0,Riverine,21514,0907_1422,Upstream from bridge,,3,1,0.2,,,28.9513,-95.55418,8,5599,21076,1.0,2017-09-07T05:00:00,1786,0.18,6,2,San Bernard River
10125,Right,152.063,180,[],2017-09-23T05:00:00,1853,1,2,152.063,Riverine,24827,09-23-1424-1,Debris line in tree limbs on Right bank of Garcitas Creek. 45 ft. downstream,,4,2,0.4,,,29.00127,-97.0537,7,6592,22829,1.0,2017-09-23T05:00:00,1853,0.036,6,2,Riverine
9800,N/A,65.91,180,[],2017-09-15T05:00:00,1772,2,2,2.33,Riverine,23155,0915_1550,line on fence,,4,2,0.4,,,29.9153,-95.32244,8,6310,22071,1.0,2017-09-15T05:00:00,1772,0.0444,7,2,Greens Bayou
9780,N/A,5.2,180,[],2017-09-08T04:00:00,1760,1,2,2.8,Riverine,21938,0908_1540_3,"Across the river, near the pipeline fence.",level 4 survey; field readings 1.948+3.05; +0.16' GNSS adjustment,1,2,0.03,,,29.21167,-95.20823,4,6498,21379,1.0,2017-09-16T04:00:00,900,0.006562,6,2,Unknown
10167,N/A,298.94,180,[],2017-09-25T05:00:00,1853,1,2,3.08,Riverine,25344,09-25-1750-2,Debris on fence line,,4,2,0.4,,,30.0212,-97.14413,7,6607,23228,1.0,2017-09-25T05:00:00,1853,0.236,6,2,Riverine
9317,Right,87.5,180,[],2017-09-12T04:00:00,1780,1,2,1.25,Riverine,22445,0912_1536_2,"On bottom of Beech Creek sign post, 91 feet from right bank, at road",level III,2,2,0.1,,,30.56181,-94.2491,3,5991,21702,1.0,2017-09-25T04:00:00,1722,0.005,6,2,Unknown
8446,N/A,81.31,180,[],2017-09-10T05:00:00,1834,1,2,1.85,Riverine,22791,0910_1541_1,"Located on home at 20533 Hardy Rd, New Caney, TX 77357","Set temporary RM with RTN GPS, and ran short level loop to HWM.",2,5,0.1,,,30.1473,-95.1891,8,5521,21882,1.0,2017-09-18T05:00:00,1847,0.08,6,2,San Jacinto River
9455,N/A,67.305,180,[],2017-09-06T05:00:00,1762,1,2,1.87,Riverine,21919,0906_1640_2,Mud line on the tree,,1,1,0.01,,,29.5306,-95.5931,4,6079,21369,1.0,2017-10-07T05:00:00,1770,0.19,2,2,unknown
9256,N/A,20.28,180,[],2017-09-17T05:00:00,1836,1,2,4.46,Riverine,23521,0917_1735_2,Seed line on utility pole,,1,5,0.04,,,29.817,-95.07412,5,5956,22244,1.0,2017-09-23T05:00:00,1645,,6,2,unknown
9255,N/A,19.03,180,[],2017-09-17T05:00:00,1836,1,2,3.45,Riverine,23520,0917_1735_1,Seed line on Harris Co enclosure (Hurricane fence),,1,5,0.02,,,29.8172,-95.07413,4,5956,22244,1.0,2017-09-23T05:00:00,1645,,6,2,Unknown
9456,N/A,66.815,180,[],2017-09-06T05:00:00,1762,1,2,1.97,Riverine,21920,0906_1640_3,Debris Snag near the telephone pole,,1,2,0.01,,,29.5306,-95.5931,4,,21369,1.0,2017-10-07T05:00:00,1770,0.19,2,2,unknown
10079,N/A,6.54,180,[],2017-09-04T05:00:00,1768,1,2,0.0,Coastal,21029,0904_1130_2,"lat 28.41049 long -96.72558
Orange painted stake behind house in Seadrift, TX",,2,2,0.1,,,28.41049,-96.72558,7,6680,20758,1.0,2017-09-08T05:00:00,1770,0.085302,6,2,Coastal
10700,N/A,7.52,180,[],2017-09-05T05:00:00,1521,1,4,1.2,Riverine,21559,LC-BR1-001,Mark on 4 x 4 post at end of driveway. Nail at top of seed line. at 3678 Pickrel Lane,previous name Lk-Charles-2,1,5,,,,30.29095,-93.16052,6,6949,21126,1.0,2017-09-10T05:00:00,1521,0.1,6,2,Calcasieu River
10100,N/A,3.7,180,[],2017-09-15T04:00:00,900,1,2,0.0,Coastal,23157,no_label,Mulch scour pointed about by landowner,level 4 survey; field readings 3.712 ft,2,2,0.1,,,29.0774,-95.1344,8,6686,20874,1.0,2017-09-15T04:00:00,900,0.2,6,2,Unkown
8961,N/A,156.79,180,[],2017-09-12T05:00:00,1839,6,2,,Riverine,25121,hwm2,"Lat 29.62384 Long -96.22586
Located on post on right side of road at first right turn in the ranch.",,2,2,0.1,,,29.62384,-96.22586,5,5791,23140,1.0,2017-09-23T05:00:00,1839,0.0237,6,1,gulf of mexico
8397,N/A,4.04,180,[],2017-09-07T05:00:00,1599,1,2,0.0,Coastal,21516,HWM1,stake located to the left SOUTH of gazebo on I-45 S frontage rd,,4,2,0.4,,,29.3246,-94.927,7,5488,21081,1.0,2017-09-16T05:00:00,1840,0.07,6,2,galviston bay
9137,N/A,48.61,180,[],2017-09-15T05:00:00,1833,1,2,0.0,Riverine,23159,0915_1500_2,"Debris line on western side of highway, southern bank of canal.",,4,2,0.4,,,29.966629,-94.59624,7,5892,22073,1.0,2017-10-06T05:00:00,1770,0.01,6,2,West Branch Devers Canal
10743,N/A,8.87,180,[],2017-09-07T05:00:00,1521,1,4,0.7,Riverine,22793,LC-JKN1-013,"exc seedline on siding of carport at 110 Airview Circle, LC",,1,5,,,,30.21559,-93.17549,4,6987,21885,1.0,2017-09-08T05:00:00,1521,0.1,6,2,Calcasieu
8524,N/A,4.13,180,[],2017-09-05T05:00:00,1786,6,2,0.0,Coastal,21030,0905_1105,"On road, could be affected by traffic. Two rivers flow into gulf near here",,4,2,0.4,,,28.77174,-95.61769,8,5555,20767,1.0,2017-09-05T05:00:00,1786,0.15,6,2,Intracoastal Waterway
9491,Left,225.28,180,[],2017-09-30T05:00:00,1854,1,2,6.79,Riverine,25518,0930_1450_1,"Faded mud line on left bank, down stream side of bridge at state loop 1098 and Ponds Crk in Prairie View, TX",,1,2,0.05,,,30.09666,-95.99827,9,6104,21367,1.0,2017-09-30T05:00:00,1854,0.141,6,2,Ponds Creek
9226,N/A,26.201,180,[],2017-09-16T05:00:00,1834,1,2,1.98,Riverine,23614,0916_1705_1,BLACK SHARPIE LINE + ORANGE TAPE ON UPSTREAM MIDDLE GUARDRAIL METAL POST.,,2,1,0.1,,,30.16919,-94.19966,4,5937,22290,1.0,2017-09-21T05:00:00,1770,0.055774,6,2,Neches River
9300,N/A,12.68,180,[],2017-09-19T05:00:00,1834,1,2,5.01,Riverine,24518,0919_1757_2,debris line on chain link fence opposite point 1,,2,2,0.1,,,29.71518,-95.21852,2,5979,22776,1.0,2017-10-05T05:00:00,1770,0.04,6,2,Buffalo Bayou
8398,N/A,4.48,180,[],2017-09-07T05:00:00,1599,6,2,0.0,Coastal,21517,HWM2,stake to the right (NORTH APPROX 200 FT) of the gazebo located off of I35S frontage rd,"Found, and shot, better HWM about 100 ft the original HWM2.",3,2,0.2,,,29.3248,-94.9277,7,5488,21081,1.0,2017-09-16T05:00:00,1840,0.07,6,2,galviston bay
8966,N/A,141.59,180,[],2017-09-12T05:00:00,1839,6,2,,Riverine,25122,hwm2,"Lat 29.6297 Long -96.14496
Located on east end of bridge on right side of road as traveling east, on bridge beam by apron by sign reading ""Austin County"".",,2,5,0.1,,,29.6297,-96.14496,3,5793,23141,1.0,2017-09-23T05:00:00,1839,0.0237,6,1,gulf of mexico
9517,Right,134.86,180,[],2017-09-08T05:00:00,1772,2,2,5.12,Riverine,21661,0908_1150,debris line on fence 60ft from channel on RB,,3,4,0.2,,,29.77505,-95.83514,8,6118,21192,1.0,2017-09-08T05:00:00,1772,0.0704,7,2,Willow Fork
9912,N/A,7.1,180,[],2017-09-14T05:00:00,1833,1,2,3.5,Riverine,22794,0914_0925_1,Distinct mud line marked with tape in brush line on west side of road. Located approximately 40 ' north of bridge.,,4,1,0.4,,,29.875603,-94.159837,2,6645,21884,1.0,2017-09-23T05:00:00,1837,0.035,6,2,Taylor Bayou
9138,N/A,44.52,180,[],2017-09-15T05:00:00,1833,1,2,4.3,Riverine,23160,0915_1520_1,"Mud line marked with tape in treeline on north road embankment, east of the river.",,3,1,0.2,,,29.943727,-94.595283,2,5893,22074,1.0,2017-10-06T05:00:00,1770,0.01,6,2,Whites Bayou
8525,N/A,3.78,180,[],2017-09-05T05:00:00,1786,6,2,0.0,Coastal,21031,0905_1106,"On road, could be affected by traffic.",,4,2,0.4,,,28.77202,-95.6179,8,5555,20767,1.0,2017-09-05T05:00:00,1786,0.11,6,2,Intracoastal Waterway
9485,Right,276.28,180,[],2017-09-30T05:00:00,1854,1,2,3.61,Riverine,25540,0930_1530_2,"Debris on fence at right bank, down stream side of  bridge at Spring Crk and FM 1488",,3,2,0.15,,,30.14811,-95.9446,8,6100,21359,1.0,2017-09-30T05:00:00,1854,0.141,6,2,Spring Creek
9783,N/A,11.4,180,[],2017-09-16T04:00:00,900,1,2,1.07,Riverine,23287,no_label,Debris on fence on north side of bridge marked with orange flag,level 4 survey; field readings 9.583+1.7 ft; +0.16' GNSS adjustment,4,2,0.4,,,29.2448,-95.17304,4,6499,21382,1.0,2017-09-16T04:00:00,900,0.006562,6,2,Unknown
9914,N/A,7.59,180,[],2017-09-14T05:00:00,1833,1,2,0.0,Riverine,22795,0914_0930_2,Distinct mud line marked with tape in brush line on west side of road. Located approximately 80 ' north of bridge.,,4,1,0.4,,,29.875603,-94.159837,2,6645,21884,1.0,2017-09-23T05:00:00,1837,0.035,6,2,Taylor Bayou
9139,N/A,44.72,180,[],2017-09-15T05:00:00,1833,1,2,6.2,Riverine,23161,0915_1525_2,"Mud line marked with tape in treeline on north road embankment, east of the river.",,3,1,0.2,,,29.943727,-94.595283,2,5893,22074,1.0,2017-10-06T05:00:00,1770,0.01,6,2,Whites Bayou
9230,N/A,27.283,180,[],2017-09-16T05:00:00,1834,1,2,6.29,Riverine,23617,0916_1730_2,BLACK SHARPIE LINE+TAPE ON UPSTREAM LEFT BRIDGE SIGN,,4,1,0.3,,,30.16425,-94.21279,4,5938,22291,1.0,2017-09-21T05:00:00,1770,0.055774,6,2,Neches River
8967,N/A,141.43,180,[],2017-09-12T05:00:00,1839,6,2,,Riverine,25123,hwm1,"Debris line? - 29.62210 -96.14633
Located on west end of bridge on right side of road as traveling east, on bridge beam by apron by yellow sign.",,2,9,0.1,,,29.6221,-96.14633,3,5793,23141,1.0,2017-09-23T05:00:00,1839,0.0237,6,1,gulf of mexico
8526,N/A,3.76,180,[],2017-09-05T05:00:00,1786,6,2,0.0,Coastal,21032,0905_1108,"On road, could be affected by traffic.",,4,2,0.4,,,28.77222,-95.61803,8,5555,20767,1.0,2017-09-05T05:00:00,1786,0.11,6,2,Intracoastal Waterway
9515,Left,127.7,180,[],2017-09-08T05:00:00,1772,2,2,0.0,Riverine,21659,0908_1051,"LB 35ft from Cr, 160 US of bridge",,4,2,0.4,,,29.79483,-95.76186,8,6116,21191,1.0,2017-09-08T05:00:00,1772,0.0519,7,2,Mason Cr
10128,Left,121.651,180,[],2017-09-23T05:00:00,1853,2,2,0.0,Riverine,24832,09-23-0505-1,Seed line on left bank of downstream  Hwy Apron,,1,5,0.05,,,28.962,-96.98976,3,6593,22877,1.0,2017-09-23T05:00:00,1853,0.036,6,2,Riverine
7961,N/A,9.999,180,[],2017-09-04T05:00:00,1762,1,2,3.5,Riverine,21033,0904_1530_1,"lat 28.47645 long 96.86250
Marker on tree on River Road in front of light green house near Guadalupe River and Hwy 35",,4,2,,,,28.47645,-96.8625,4,5326,20768,1.0,2017-09-05T05:00:00,1770,0.085,6,2,Guadalupe River
9472,N/A,58.12,180,[],2017-09-06T05:00:00,1762,1,2,3.8,Riverine,21924,0906_0740_1,Seed line on the southwest side of the bridge. Height above ground estimated from photo.,,1,5,0.01,,,29.41159,-95.71145,2,6093,21372,1.0,2017-10-11T05:00:00,1645,0.023,6,2,unknown
10745,N/A,6.66,180,[],2017-09-10T05:00:00,1521,1,4,,Riverine,22796,LC-JKN1-014,"Excellent seed line on black gate with large 'B' in center on S Perkins Ferry Road at 1479 S Perkins Ferry Road, Lake Charles",,1,5,,,,30.27787,-93.2315,4,6988,21887,1.0,2017-09-10T05:00:00,1521,0.1,6,2,West Fork Calcasieu River
9257,Left,71.9,180,[],2017-09-15T04:00:00,1780,1,2,2.7,Riverine,23162,0915_0926_1,Just above apron on abutment of bridge on left bank,level 4,1,5,0.05,,,30.15665,-94.70087,4,5957,22076,1.0,2017-09-17T04:00:00,1722,1.4,6,2,Unknown
10129,Left,120.577,180,[],2017-09-23T05:00:00,1853,2,2,120.547,Riverine,24833,09-23-0533-2,Debris on downstream left bank fenceline,,4,2,0.4,,,28.96189,-96.98932,7,6593,22877,1.0,2017-09-23T05:00:00,1853,0.036,6,2,Riverine
8968,N/A,127.97,180,[],2017-09-23T05:00:00,1839,6,2,,Riverine,25124,hwm1,painted line - debris line on southeastern bridge apron,,3,2,0.2,,,29.6018,-96.0897,3,5794,23143,1.0,2017-09-23T05:00:00,1839,0.0237,6,1,gulf of mexico
10215,N/A,128.35,180,[],2017-09-23T05:00:00,1839,6,2,,Riverine,25126,hwm2,"painted line - mudline near southeastern bridge apron, leveled over to a point on bridge",,3,1,0.2,,,29.6018,-96.0897,3,5794,23143,1.0,2017-09-23T05:00:00,1839,0.0237,6,1,gulf of mexico
9785,N/A,11.9,180,[],2017-09-16T04:00:00,900,1,2,2.72,Riverine,23288,no_label,Debris on fence on south side of bridge marked with orange flag,level 4 survey; field readings 9.047+2.72 ft; +0.16' GNSS adjustment,4,2,0.4,,,29.2621,-95.15319,4,6500,21384,1.0,2017-09-16T04:00:00,900,0.006562,6,2,Unknown
9261,Right,68.3,180,[],2017-09-15T04:00:00,1780,1,2,0.0,Riverine,23164,0915_0948_1,On apron on right bank with paint,level 4,1,1,0.05,,,30.16414,-94.64312,4,5960,22077,1.0,2017-09-17T04:00:00,1722,1.4,6,2,Unknown
7962,N/A,11.214,180,[],2017-09-04T05:00:00,1762,1,2,4.0,Riverine,21034,0904_1530_2,lat 28.47665 long -96.86234 Marker on power pole by light green garage on River Rd near Guadalupe River and Hwy 35,,4,2,,,,28.476665,-96.86234,4,5326,20768,1.0,2017-09-06T05:00:00,1770,0.085,6,2,Guadalupe River
8447,Right,78.31,180,[],2017-09-19T05:00:00,1834,1,2,5.85,Riverine,22797,21886_HWM,"Debris snag in 4"" pine tree, near Right, DS abutment of bridge over Peach Creek","Set temporary RM with RTNGPS, then ran short level loop to mark.",4,9,0.4,,,30.1468,-95.1726,2,5522,21886,1.0,2017-09-19T05:00:00,1840,0.06,6,2,Peach Creek
9523,N/A,138.818,180,[],2017-09-09T05:00:00,1762,1,2,3.55,Riverine,22507,0909_1429_1,"Lat 29.43966 Long -96.31776
Located 50 feet south of intersection of FM 2614 and CR 267 on CR 267 on telephone pole.",,5,5,0.5,,,29.43966,-96.31776,5,6120,21736,1.0,2017-10-09T05:00:00,1645,0.052,6,2,unknown
10080,N/A,11.16,180,[],2017-09-04T05:00:00,1762,1,2,4.8,Riverine,21035,0904_1545_1,at 28.47692 long -96.86298 Marker on tree by orange arrow on River Road - across from tan house place.,,2,2,0.1,,,28.47692,-96.86298,4,6681,20769,1.0,2017-09-05T05:00:00,1770,0.2,6,2,Guadalupe River
10208,N/A,79.3,180,[],2017-09-15T04:00:00,1780,1,2,1.9,Riverine,23166,0915_1021_1,On base of sycamore tree in front of 201 Bobcat Street with tape and paint,level 4,3,5,0.2,,,30.11805,-94.64017,5,5961,22078,1.0,2017-09-17T04:00:00,1722,1.4,6,2,Unknown
10169,N/A,302.007,180,[],2017-09-26T05:00:00,1853,1,2,0.0,Riverine,25355,09-26-0743-2,Debris line on right bank most upstream side of two marks.,,4,2,0.4,,,30.01273,-97.1526,3,6608,23237,1.0,2017-09-26T05:00:00,1853,0.236,6,2,Riverine
8399,Left,12.62,180,[],2017-09-17T05:00:00,1599,1,2,1.3,Riverine,21522,21084_HWM1,sheltered front porch of home at 2918 48th street -,"Flagged by Grover/Ashemore. Set temporary RM in drive way, and ran short level loop to HWM",1,5,0.05,,,29.45758,-95.04697,2,,21084,1.0,2017-09-17T05:00:00,1840,0.06,6,2,dickinson bayou
9975,N/A,10.24,180,[],2017-09-14T05:00:00,1833,1,2,5.0,Riverine,22886,0914_1220_1,"Faint mudline marked with tape on east side of river (near fenceline), approximately 100 feet north of highway.",,4,1,0.3,,,29.826194,-94.257481,2,,21920,1.0,2017-09-21T05:00:00,1837,0.16,6,2,Mayhaw Bayou
9303,N/A,21.07,180,[],2017-09-20T05:00:00,1834,1,2,3.34,Riverine,24523,0920_1055_1,Seed line found west side of generator under hood vent.  Could not access but sited it in on the chain link fence with a hand level and marked it with orange tape outlined with sharpie.,,1,5,0.05,,,29.76214,-95.22176,2,5981,22778,1.0,2017-10-05T05:00:00,1770,0.04,6,2,Buffalo Bayou
10132,Left,92.317,180,[],2017-09-23T05:00:00,1853,1,2,2.18,Riverine,24835,09-23-1817-2,Debris line on downstream fenceline,,4,2,0.4,,,28.93472,-96.92254,7,6594,22880,1.0,2017-09-23T05:00:00,1853,0.036,6,2,Riverine
10171,Right,302.817,180,[],2017-09-26T05:00:00,1853,1,2,0.0,Riverine,25367,09-26-0827-2,Wash line and silt line on right bank downstream of bridge,,4,2,0.4,,,30.00978,-97.16489,8,6609,23238,1.0,2017-09-26T05:00:00,1853,0.236,6,2,Riverine
9101,Left,46.4,180,[],2017-09-15T05:00:00,1835,1,2,6.34,Riverine,23208,0915_1037_04,"Nail in tree, Downstream, Left bank of Southern bridge. Flagging on plastic bridge marker at road. 50 ft downstream of road.",,3,5,0.2,,,30.47524,-93.80514,5,5868,22094,1.0,2017-09-26T05:00:00,1731,0.008,6,2,Nichols Creek
9265,Right,46.8,180,[],2017-09-15T04:00:00,1780,1,2,0.4,Riverine,23168,0915_1103_1,On abutment near apron on right bank with paint,level 4,1,5,0.05,,,30.02454,-94.50021,4,5963,22079,1.0,2017-09-17T04:00:00,1722,1.4,6,2,Unknown
9304,N/A,20.85,180,[],2017-09-20T05:00:00,1834,1,2,3.14,Riverine,24524,0920_1055_2,"Debris snag in chain link fence on south side of generator, marked with orange flagging and outlined with sharpie.",,2,2,0.08,,,29.76203,-95.22176,2,5981,22778,1.0,2017-10-05T05:00:00,1770,0.04,6,2,Buffalo Bayou
10708,N/A,21.51,180,[],2017-09-07T05:00:00,1521,1,4,2.71,Riverine,21681,Starks-BR1-004,HWM in electric pole 20A-15523 located on left side of driveway 10 feet from edge of Bass Lane Rd. at 459 Bass Lake Rd,,2,5,,,,30.29151,-93.68943,6,6956,21205,1.0,2017-09-09T05:00:00,1521,0.1,6,2,Sabine River
9347,Right,229.3,180,[],2017-09-18T04:00:00,1780,1,2,0.0,Riverine,23531,0917_1010_2,On bridge apron upstream of bridge on right bank with paint. Ignore crossed out old mark that is lower on the apron.,level 4,4,1,0.4,,,30.75591,-94.52802,4,6009,22245,1.0,2017-09-20T04:00:00,1722,0.7,6,2,Unknown
10081,N/A,11.11,180,[],2017-09-04T05:00:00,1762,1,2,0.6,Riverine,21036,0904_1545_2,"lat 28.47686 long -96.86267 Marker on side of tan/brown house, low and to the right on the garage.",Landowner stated HWM 0904_1545_2 was the result of storm surge and not the flood. Label 0904_1545_1a is a picture of orange arrow on River Road showing direction to HWM markers.,2,2,0.1,,,28.47686,-96.86267,4,6681,20769,1.0,2017-09-05T05:00:00,1770,0.2,6,2,Guadalupe River
8400,N/A,5.34,180,[],2017-09-07T05:00:00,1612,1,2,0.0,Coastal,21523,0907_1747_1,Debris line marked with stake.  Pink marker ribbon attached to stake.,,5,2,0.5,,,29.3907,-94.8867,7,5490,21085,1.0,2017-09-16T05:00:00,1840,0.08,6,2,Gulf of America
10135,Right,48.161,180,[],2017-09-22T05:00:00,1853,1,2,4.22,Riverine,24836,09-23-1534-1,Seed line on oak tree,,2,5,0.1,,,29.86057,-96.81032,5,6595,22881,1.0,2017-09-22T05:00:00,1853,0.036,6,2,Riverine
9100,N/A,47.6,180,[],2017-09-15T05:00:00,1835,1,2,5.89,Riverine,23206,0915_1037_03,Nail in telephone pole. Marked with paint and flagging.,,3,5,0.2,,,30.47347,-93.80563,5,5868,22094,1.0,2017-09-26T05:00:00,1835,0.008,6,2,Nichols Creek
9927,Right,247.897,180,[],2017-09-13T05:00:00,330,6,2,0.0,Riverine,22942,0913_1355_2,DEBRIS IN NORTH DITCH,,4,2,0.4,,,30.573017457,-95.3470478186,3,6537,21951,1.0,2017-09-22T05:00:00,1842,0.61,6,2,WINTERS BAYOU
9547,Right,119.236,180,[],2017-09-28T05:00:00,1854,1,2,3.87,Riverine,25276,0928_1802_2,Marker placed on shed,,2,5,0.1,,,29.56698,-96.04893,4,6416,21900,1.0,2017-09-28T05:00:00,1854,0.115,6,2,San Bernard River
9242,N/A,31.453,180,[],2017-09-18T05:00:00,1760,1,2,6.2,Riverine,24152,0918_1810_1,"ON ELECTRICAL BOX ON WOODWAY AT THE WOODWAY/PINESHADOWS INTERSECTION, IN FRONT OF YELLOW HOUSE AND ACROSS FROM RED/GREEN BARN",tree in front of yellow house - supposed to be electric box,2,5,0.1,,,30.16346,-94.31731,2,5947,22584,1.0,2017-09-21T05:00:00,1770,0.055774,6,2,Unknown
8401,N/A,5.04,180,[],2017-09-07T05:00:00,1612,1,2,,Coastal,21524,0907_1804_1,South of Beach Rd.  Marked with pink flagging tape.,Direct RTN GPS on mark. This area was subject to significant wind and waves --,5,2,0.5,,,29.43425,-94.89462,7,5491,21086,1.0,2017-09-16T05:00:00,1840,0.07,6,2,Gulf Of Mexico
9348,Right,249.68,180,[],2017-09-18T04:00:00,1780,1,2,0.0,Riverine,23532,0917_1059_1,On bridge apron upstream of road on right bank with paint,,2,1,0.1,,,30.75402,-94.57677,4,6010,22246,1.0,2017-09-21T04:00:00,1722,1.406,6,2,Unknown
9894,N/A,15.5,180,[],2017-09-23T05:00:00,1833,1,2,3.7,Riverine,22910,0914_1455_1,mud line no tree 50 ft downstream 80 fo landward,,4,1,0.4,,,29.90097,-94.268543,2,6643,21929,1.0,2017-09-23T05:00:00,1837,0.035,6,2,North Fork Taylor Bayou
8569,N/A,65.384,180,[],2017-09-06T05:00:00,1762,1,2,2.0,Riverine,21928,0906_1510_1,Mud line on the right side of the road near the river.,,1,1,0.03,,,29.51778,-95.58792,2,5574,21374,1.0,2017-10-07T05:00:00,1770,0.19,7,2,unknown
8533,Right,5.63,180,[],2017-09-05T05:00:00,1786,6,2,0.0,Coastal,21037,0905_1250,"NE of Utility building, close to peak, just receding.",,2,2,0.1,,,28.80806,-95.64797,8,5558,20770,1.0,2017-09-05T05:00:00,1786,0.1,6,2,Caney Creek
9063,N/A,8.606,180,[],2017-09-17T05:00:00,1762,1,2,0.0,Riverine,23630,0917_1715_1,"ORANGE STAKE IN GROUND OFF OF MAIN, IN FRONT OF YELLOW FENCE WITH FOR LEASE SIGN, NEXT TO DITCH",much higher than 2nd mark; not sure which is correct,2,5,0.1,,,29.9223,-93.88779,7,5846,22298,1.0,2017-09-20T05:00:00,1770,0.022966,6,2,unknown
10136,Left,50.346,180,[],2017-09-22T05:00:00,1853,1,2,5.7,Riverine,24837,09-23-1534-2,Seed line large oak on  left bank. downstream of road crossing over bridge.,,3,5,0.2,,,29.86042,-96.81332,5,6595,22881,1.0,2017-09-22T05:00:00,1853,0.036,6,2,Riverine
9305,N/A,28.25,180,[],2017-09-20T05:00:00,1834,1,2,2.0,Riverine,24526,0920_1152_1,"Nail in 10inch tree at dead end with orange paint and flagging, right on road barrier 7ft from wooden fence to its right.",,1,5,0.02,,,29.77863,-95.22791,5,5982,22780,1.0,2017-09-26T05:00:00,1645,,6,2,Buffalo Bayou
9349,Left,249.699,180,[],2017-09-18T04:00:00,1780,1,2,0.0,Riverine,23533,0917_1059_2,On bridge apron upstream of road on left bank with paint,,2,1,0.1,,,30.75402,-94.57677,4,6010,22246,1.0,2017-09-21T04:00:00,1722,1.406,6,2,Unknown
10227,N/A,34.075,180,[],2017-09-15T05:00:00,1834,1,2,0.0,Riverine,23891,0915_0900_1,"USRB from bridge on Mykawa Rd, Lat: 29.65429 Long: -95.31498",RTN in this area had a higher variability due to some nodes working intermittently,4,2,0.3,,,29.65429,-95.31498,7,6697,22444,1.0,2017-10-04T05:00:00,1770,0.5,6,2,Buffalo Bayou
8570,N/A,65.295,180,[],2017-09-06T05:00:00,1762,1,2,1.52,Riverine,21929,0906_1510_2,Wash line can be found on the tree also near the river,,1,9,0.03,,,29.51778,-95.58792,2,5574,21374,1.0,2017-10-07T05:00:00,1770,0.19,6,2,unknown
10137,Right,32.832,180,[],2017-09-23T05:00:00,1853,1,2,0.52,Riverine,24838,09-23-0831-1,Lightly visible seedline at base of tree next to Ragsdale Road on southside,,3,5,0.2,,,28.8546,-96.76814,3,6596,22882,1.0,2017-09-23T05:00:00,1853,0.036,6,2,Riverine
8404,N/A,8.21,180,[],2017-09-08T05:00:00,1612,1,2,0.0,Riverine,21525,HWM1,Off of 517 R. bank marked with pink ribbon and stake. 1 ft below road grade,,2,2,0.1,,,29.4696,-95.0142,7,5493,21088,1.0,2017-09-17T05:00:00,1840,0.06,6,2,Gum Bayou
8534,Right,5.6,180,[],2017-09-05T05:00:00,1786,6,2,0.0,Coastal,21038,0905_1251,"Near peak, just receding.",,2,2,0.1,,,28.80823,-95.64812,8,5558,20770,1.0,2017-09-05T05:00:00,1786,0.16,6,2,Caney Creek
9408,Left,110.7,180,[],2017-09-06T04:00:00,1791,1,2,1.54,Riverine,21140,0906_1130_2,Stain line on tree,small drainage area; level 3 survey; field reading 110.678; +0.03' GNSS adjustment,3,6,0.2,,,29.69268,-95.88994,6,6053,20837,1.0,2017-09-20T04:00:00,900,0.1,6,2,Unnamed retention pond
9635,N/A,93.766,180,[],2017-09-07T05:00:00,1762,1,2,1.66,Riverine,22802,0907_1330_1,"Lat 29.703453
Long 95.694509
Wash line along wooden privacy fence off of Shelby Oaks Dr.",Survey uncertainty input by GRH while inputting data into STN.,2,9,0.1,,,29.703453,-95.694509,8,6445,21889,1.0,2017-09-07T05:00:00,1762,0.1,6,2,unknown
9350,Right,249.2125,180,[],2017-09-18T04:00:00,1780,1,2,1.3,Riverine,23534,0917_1128_1,On base of tree downstream of road on right bank near ATV trail with tape and paint,,2,1,0.1,,,30.74346,-94.6229,5,6011,22247,1.0,2017-09-21T04:00:00,1722,1.406,6,2,Unknown
8535,Right,5.61,180,[],2017-09-05T05:00:00,1786,6,2,0.0,Coastal,21039,0905_1252,US from utility building.,,2,2,0.1,,,28.80839,-95.64819,8,5558,20770,1.0,2017-09-05T05:00:00,1786,0.14,6,2,Caney Creek
9870,N/A,42.4,180,[],2017-09-15T05:00:00,1833,1,2,0.0,Riverine,23055,0915_0935_2,Debris line marked with painted stake at base of railroad track. South of highway on east bank.,,4,2,0.4,,,30.046307,-94.349993,7,6639,22013,1.0,2017-09-22T05:00:00,1837,0.11,6,2,Canal
8305,Right,49.5,180,[],2017-09-10T05:00:00,1791,1,2,0.0,Riverine,21930,0910_1400_1,NE side of bridge,,2,2,0.1,,,28.67838,-96.80861,6,5445,21375,1.0,2017-09-22T05:00:00,1760,0.136,6,2,Chocolate Bayou
9306,N/A,28.07,180,[],2017-09-20T05:00:00,1834,1,2,1.77,Riverine,24527,0920_1152_2,"Nail in 8 inch tree at dead end with orange paint and flagging, 7ft right of road barrier, but to the left of mark one.  Orange stake in ground as an indicator.",,1,5,0.02,,,29.77861,-95.22789,5,5982,22780,1.0,2017-09-26T05:00:00,1645,,6,2,Buffalo Bayou
10228,N/A,26.168,180,[],2017-09-15T05:00:00,1834,1,2,0.0,Riverine,23892,0915_0900_2,"USRB from bridge on Mykawa Rd 250' ds, Lat: 29.65439 Long: -95.31568",RTN in this area had a higher variability due to some nodes working intermittently,5,2,0.5,,,29.65429,-95.31498,7,6697,22444,1.0,2017-10-05T05:00:00,1770,0.5,6,2,Buffalo Bayou
10138,Right,33.044,180,[],2017-09-23T05:00:00,1853,1,2,0.98,Riverine,24839,09-23-0831-2,Seed line on base of trunk of oak tree located on side of ragsdale road  on North end.,,3,5,0.2,,,28.85472,-96.76812,3,6596,22882,1.0,2017-09-23T05:00:00,1853,0.036,6,2,Riverine
9949,Right,214.29,180,[],2017-09-14T05:00:00,330,1,2,0.0,Riverine,22991,0914_1040_1,DEBRIS IN SOUTH FENCE ROW,,3,2,0.2,,,30.51554,-95.26082,3,6382,21983,1.0,2017-09-21T05:00:00,1842,0.61,2,2,WINTERS BAYOU
9636,N/A,93.769,180,[],2017-09-07T05:00:00,1762,1,2,1.62,Riverine,22803,0907_1330_2,"N 29.703405
W-95.694521
Wash line along wooden privacy fence off of Shelby Oaks Dr.",Survey uncertainty input by GRH while inputting data into STN.,2,9,0.1,,,29.703405,-95.694521,8,6445,21889,1.0,2017-09-07T05:00:00,1762,0.1,6,2,unknown
10140,Right,93.232,180,[],2017-09-23T05:00:00,1853,1,2,0.0,Riverine,24841,09-23-1430-2,Wash  line on right bank of channel,,3,9,0.2,,,28.8341,-96.92288,3,6597,22883,1.0,2017-09-23T05:00:00,1853,0.036,6,2,Riverine
9351,Right,249.9315,180,[],2017-09-18T04:00:00,1780,1,2,1.65,Riverine,23535,0917_1128_2,On base of tree upstream of road on right bank near ATV trail near clearing with tape and paint,,2,1,0.1,,,30.74346,-94.6229,5,6011,22247,1.0,2017-09-21T04:00:00,1722,1.406,6,2,Unknown
8405,N/A,5.98,180,[],2017-09-08T05:00:00,1612,1,2,1.5,Riverine,21527,0907_1910_1,"seed/mud line inslde glass front door. (originally mark was nail/disk placed on Telephone pool, N. of Loop 197)",ran short  level loop from temporary RM set with RTKGPS,1,5,0.05,,,29.40837,-94.95535,8,5494,21089,1.0,2017-09-16T05:00:00,1840,0.8,6,2,Dickinson Bayou
10172,Left,303.135,180,[],2017-09-26T05:00:00,1853,1,2,0.0,Riverine,25366,09-26-0827-1,Wash line and silt line on left bank downstream of bridge,,4,2,0.4,,,30.0099,-97.16535,4,6609,23238,1.0,2017-09-26T05:00:00,1853,0.236,6,2,Riverine
9551,N/A,116.91,180,[],2017-09-11T05:00:00,1834,1,2,0.0,Riverine,22853,0911_1015_2,"Disk located in the park road on north side of baseball field, and northeast of red barn.",,5,2,0.5,,,29.53703,-96.05853,5,6417,21903,1.0,2017-09-29T05:00:00,1854,0.115,6,2,San Bernard River
8306,Left,48.9,180,[],2017-09-10T05:00:00,1791,1,2,0.0,Riverine,21931,0910_1400_2,NW side of bridge,,2,2,0.1,,,28.678465,-96.80873,6,5445,21375,1.0,2017-09-22T05:00:00,1760,0.136,6,2,Chocolate Bayou
10073,N/A,6.81,180,[],2017-09-04T05:00:00,1762,1,2,2.0,Coastal,21040,0904_1030_1,"at 28.39004 long -96.70852
Marker on chain link fence near parking lot in Swan Point",,2,2,0.1,,,28.39004,-96.70852,4,6678,20709,1.0,2017-09-08T05:00:00,1770,0.085302,6,2,unknown
10139,Left,93.362,180,[],2017-09-23T05:00:00,1853,1,2,0.0,Riverine,24840,09-23-1430-1,Wash line on left channel with vegetation washoff,,3,9,0.2,,,28.83417,-96.92284,3,6597,22883,1.0,2017-09-23T05:00:00,1853,0.036,6,2,Riverine
10074,N/A,5.85,180,[],2017-09-04T05:00:00,1762,1,2,0.0,Coastal,21041,0904_1030_2,"lat 28.38966 long -96.70804 Orange painted stake in Swan Point, approx feet north of HWM 0904_1030_1",,2,2,0.1,,,28.38966,-96.70804,7,6678,20709,1.0,2017-09-08T05:00:00,1770,0.085302,6,2,unknown
10130,N/A,227.186,180,[],2017-09-08T05:00:00,1834,1,2,0.0,Riverine,22123,0908_1353_1,"East side of bridge, center on apron",,5,1,0.5,,,29.5129,-96.6284,3,5582,21485,1.0,2017-09-21T05:00:00,1839,0.001,6,2,Lavaca River
10229,N/A,32.648,180,[],2017-09-15T05:00:00,1834,1,2,1.89,Riverine,23894,0915_0900_3,"USLB from bridge on Mykawa Rd on bridge structure, Lat: 29.65569 Long: -95.31530 used marker and spray paint",RTN in this area had a higher variability due to some nodes working intermittently,1,5,0.01,,,29.65429,-95.31498,4,6697,22444,1.0,2017-10-04T05:00:00,1770,0.5,6,2,Buffalo Bayou
8319,Right,48.3,180,[],2017-09-10T05:00:00,1791,1,2,0.54,Riverine,21932,0910_1500_1,"SW side of bridge, on bridge pier near Bank",,2,5,0.1,,,28.75194,-97.00775,3,5453,21376,1.0,2017-09-22T05:00:00,1760,0.136,6,2,Guadalupe River
7587,N/A,8.593,180,[],2017-09-06T05:00:00,1762,1,2,0.0,Coastal,21528,0906_1050_1,"LARGE DEBRIS LINE MARKED WITH FLAG, TAPE, AND PAINT.",,2,2,,,,28.662283,-96.569313,7,5154,21094,1.0,2017-09-09T05:00:00,1770,0.042651,6,2,unknown
9273,N/A,44.7,180,[],2017-09-15T04:00:00,1780,1,2,1.65,Riverine,23174,0915_1350_1,On backside of wooden guardrail post upstream of bridge 55 feet from left side of channel with tape and paint,level 4,1,1,0.05,,,30.14129,-94.4323,5,5968,22084,1.0,2017-09-17T04:00:00,1722,1.4,6,2,Unknown
9556,N/A,110.24,180,[],2017-09-29T05:00:00,1854,1,2,2.43,Riverine,25277,0929_1107_3,On fence post,,2,5,0.1,,,29.5064,-96.03574,4,6419,21909,1.0,2017-09-29T05:00:00,1854,0.115,6,2,San Bernard River
9439,Right,77.4,180,[],2017-09-07T04:00:00,1791,1,2,0.0,Riverine,21429,0907_1200_1,Sw side of bridge,level 3 survey; field readings 77.284; +0.10' GNSS adjustment,2,1,0.1,,,29.63411,-95.6517,3,6070,21023,1.0,2017-09-19T04:00:00,900,0.2,6,2,Oyster creek
7588,N/A,7.231,180,[],2017-09-06T05:00:00,1762,6,2,0.0,Riverine,21530,0906_1135_2,"400 FT BEFORE BRIDGE IS DEBRIS LINE MARKED WITH FLAG, PAINT, AND TAPE.",,2,2,,,,28.687716,-96.48664,3,5155,21096,1.0,2017-09-09T05:00:00,1770,0.042651,6,2,unknown
8310,Right,44.8,180,[],2017-09-10T05:00:00,1791,1,2,0.0,Riverine,21933,0910_1520_1,"Sw side of bridge, under bridge on concrete",,2,2,0.1,,,28.71239,-97.04232,3,5451,21377,1.0,2017-09-22T05:00:00,1760,0.136,6,2,Coleto Creek
7589,N/A,7.697,180,[],2017-09-06T05:00:00,1762,1,2,0.0,Riverine,21529,0906_1135_1,"DEBRIS LINE APPROX 400 FT FROM END OF BRIDGE, MARKED WITH PAINT AND TAPE.",,2,2,,,,28.687661,-96.482688,3,5155,21096,1.0,2017-09-09T05:00:00,1770,0.042651,6,2,unknown
10134,N/A,155.532,180,[],2017-09-08T05:00:00,1834,6,2,,Riverine,22143,0908_1609_1,East side of bridge in tree line on downstream side of road.,,5,1,0.5,,,29.36260156,-96.5766,5,5752,21499,1.0,2017-09-21T05:00:00,1839,0.001,6,1,Lavaca River
9468,N/A,60.256,180,[],2017-09-06T05:00:00,1762,1,2,0.0,Riverine,21922,0906_1730_2,"A seed line was found on the southeast end of the river. On the concrete, near the bridge.",,1,5,0.01,,,29.506446,-95.523992,2,6400,21370,1.0,2017-10-11T05:00:00,1645,0.023,6,2,unknown
9264,Left,12.38,180,[],2017-09-18T05:00:00,1846,1,2,6.27,Riverine,23657,0918_1125_1,Red lumber crayon marking seed line underneath the brown gazebo next to the waters edge.  Orange flagging tied to frame as an indicator.,,1,5,0.04,,,29.78189,-95.1022,5,5962,22320,1.0,2017-09-24T05:00:00,1645,,2,2,unknown
5382,N/A,8.81,180,[],2017-09-08T05:00:00,1521,1,4,1.18,Riverine,21531,Vinton-BR1-001,"Yard flooded, water line on trailer skirt and wood fence near road, 2488 Old Hwy 90",,2,1,,,,30.14145,-93.65138,6,,21098,1.0,2017-09-09T05:00:00,1521,0.1,6,2,Sabine River
9689,N/A,121.789,180,[],2017-09-10T05:00:00,1834,1,2,2.24,Riverine,24217,0910_1220_1,seed line along car port,,4,5,0.3,,,30.242584,-95.417175,,6462,22624,1.0,2017-09-10T05:00:00,1834,0.47,6,2,San Jacinto River
9568,Left,89.77,180,[],2017-09-11T05:00:00,1834,1,2,0.0,Riverine,23039,0911_1233_2,"Wash line, Located on apron on north end (LB) of bridge on downstream side of road.",,5,9,0.5,,,29.41648,-96.078006,3,6423,22005,1.0,2017-09-28T05:00:00,1854,0.115,6,2,San Bernard River
9392,Left,267.4877,180,[],2017-09-18T04:00:00,1780,1,2,3.6,Riverine,23538,0917_0929_2,On bridge abutment downstream of bridge on left bank with paint,,2,5,0.1,,,30.78729,-94.76782,4,6044,22249,1.0,2017-09-21T04:00:00,1722,1.406,6,2,Unknown
9275,N/A,28.68,180,[],2017-09-18T05:00:00,1846,1,2,1.81,Riverine,23664,0918_1604_1,Seed line on wooden fence behind the chain link fence at the end of the dead end road.  Just left of the basketball hoop.  Marked with a sharpie and orange flagging on the chain link fence.,,1,2,0.05,,,29.71115,-95.1637,4,5969,22323,1.0,2017-09-25T05:00:00,1645,,6,2,unknown
9274,Right,44.5,180,[],2017-09-15T04:00:00,1780,1,2,4.9,Riverine,23176,0915_1350_2,Near top of vertical white fence post 70 feet from edge of bridge guardrail on right side of channel downstream of road with tape at base of post,level 4,1,1,0.05,,,30.14129,-94.4323,4,5968,22084,1.0,2017-09-17T04:00:00,1722,1.4,6,2,Unknown
9855,N/A,28.58,180,[],2017-09-12T05:00:00,1833,1,2,0.0,Riverine,22493,0912_1210_1,Faint washline/mudline marked with painted stake on east road embankment of 1410. Approximately 30 feet south of Houston/Beaumount street sign.,,3,1,0.2,,,29.827653,-94.48241,7,6351,21729,1.0,2017-09-20T05:00:00,1837,0.13,6,2,Ogden Ditch
7591,N/A,15.673,180,[],2017-09-06T05:00:00,1762,6,2,0.0,Riverine,21533,0906_1305_1,"DEBRIS LINE MARKED IN CULVERT WITH PAINT, TAPE, AND FLAG.",,2,2,,,,28.707562,-96.488747,7,5157,21101,1.0,2017-09-09T05:00:00,1770,0.042651,6,2,unknown
7964,N/A,9.17,180,[],2017-09-04T05:00:00,1762,1,2,0.0,Riverine,21046,0904_1430_2,"lat 28.51857 long -96.80502
25 feet down steep slope, right bank, downstream side of bridge",,4,2,,,,28.51857,-96.80502,7,5327,20773,1.0,2017-09-06T05:00:00,1770,0.098,6,2,Victoria Barge Canal
9692,N/A,122.047,180,[],2017-09-10T05:00:00,1834,1,2,7.0,Riverine,24218,0910_1230_2,seed line along window of residence,,3,5,0.2,,,30.241294,-95.42323,,6462,22624,1.0,2017-09-10T05:00:00,1834,0.47,6,2,San Jacinto River
9278,N/A,70.1,180,[],2017-09-15T04:00:00,1780,1,2,4.65,Riverine,23179,0915_1426_1,On left side of window frame on the backside of old white shop with wooden siding on west side of school,level 4,2,5,0.1,,,30.25613,-94.5622,4,5971,22085,1.0,2017-09-17T04:00:00,1722,1.4,6,2,Unknown
9309,N/A,36.45,180,[],2017-09-20T05:00:00,1834,1,2,0.0,Riverine,24532,0920_1318_1,"Stake in ground Left bank, just US of bridge at entrance to business center ~45ft from the gage shelter.  Marked with orange paint.",,2,2,0.1,,,29.79355,-95.26807,7,5579,22782,1.0,2017-10-05T05:00:00,1770,0.04,6,2,Buffalo Bayou
8915,N/A,5.92,180,[],2017-09-10T05:00:00,1786,6,2,0.0,Coastal,21936,0910_0829,Wave affected,,4,2,0.4,,,29.67813,-94.98247,8,5766,21378,1.0,2017-09-10T05:00:00,1786,0.06,6,2,Trinity Bay
9099,N/A,32.5,180,[],2017-09-14T05:00:00,1835,1,2,3.05,Riverine,23177,0914_1824_01,"Nail in telephone pole near end of Co. Rd 4122, Marked with orange flagging.",,2,5,0.1,,,30.38284,-93.7592,5,5867,22083,1.0,2017-09-26T05:00:00,1731,0.008,6,2,Sabine River
9638,N/A,46.986,180,[],2017-09-08T05:00:00,1762,1,2,2.24,Riverine,22809,0908_1450_1,"Lat 29.699944
Long -95.415475
seed line along wall of residence",,2,5,0.1,,,29.699944,-95.415475,8,6446,21891,1.0,2017-09-08T05:00:00,1762,0.13,6,2,unknown
9280,N/A,70.3,180,[],2017-09-15T04:00:00,1780,1,2,2.65,Riverine,23180,0915_1426_2,On inside of home team's blue dugout behind school. Mark faces first base,level 4,1,5,0.05,,,30.25613,-94.5622,4,5971,22085,1.0,2017-09-17T04:00:00,1722,1.4,6,2,Unknown
7592,N/A,14.626,180,[],2017-09-06T05:00:00,1762,1,2,0.0,Riverine,21534,0906_1305_2,"MARK ON THE OPPOSING SIDE from 0906_1305_1 NEAR CROSS. MARKED WITH PAINT, TAPE, AND FLAG.",,2,2,,,,28.707523,-96.488827,7,5157,21101,1.0,2017-09-09T05:00:00,1770,0.042651,6,2,unknown
8149,Right,184.21,180,[],2017-09-13T05:00:00,1822,1,2,3.51,Riverine,22724,1230,Nail in upstream right bank 50 yards south of bridge next to field access gate,"GNSS point, differential levels to HWM",1,1,,,,29.43515,-96.82509,6,5382,21861,1.0,2017-09-19T05:00:00,1839,0.0004,6,1,Cat Thicket branch
7494,N/A,4.836,180,[],2017-09-04T05:00:00,1762,1,2,0.0,Coastal,21047,0904_0920_1,"MARKED WITH FLAG, PAINT, AND TAPE. TAPE IS PRESENT ON POST TO HELP FIND.",,2,2,,,,28.457063,-96.409267,7,5117,20774,1.0,2017-09-08T05:00:00,1770,0.085302,6,2,unknown
8916,N/A,5.22,180,[],2017-09-10T05:00:00,1786,6,2,0.0,Coastal,21937,0910_0830,Wave affected,,4,2,0.4,,,29.67816,-94.98248,8,5766,21378,1.0,2017-09-10T05:00:00,1786,0.06,6,2,Trinity Bay
9310,N/A,36.27,180,[],2017-09-20T05:00:00,1834,1,2,0.0,Riverine,24533,0920_1318_2,"Stake in ground on left bank ~90ft DS of the gage shelter, ~40ft from the parking lot, marked with orange paint.",,4,2,0.3,,,29.7936,-95.26769,7,5579,22782,1.0,2017-10-05T05:00:00,1770,0.04,6,2,Buffalo Bayou
9639,N/A,46.978,180,[],2017-09-08T05:00:00,1762,1,2,1.82,Riverine,22810,0908_1450_2,"Lat 29.699940
Long -95.415609
seed line along garage of residence",,2,5,0.1,,,29.69994,-95.415609,8,6446,21891,1.0,2017-09-08T05:00:00,1762,0.13,6,2,unknown
9693,N/A,122.021,180,[],2017-09-10T05:00:00,1834,1,2,8.62,Riverine,24220,0910_1240_1,seed line along wall of residence,,3,5,0.2,,,30.240695,-95.424883,,6463,22626,1.0,2017-09-10T05:00:00,1834,0.47,6,2,San Jacinto River
9128,N/A,33.2,180,[],2017-09-15T05:00:00,1833,1,2,3.3,Riverine,23181,0915_1735_1,Mud line marked with tape in brush on south road embankment. Approximately 30 ft west of bridge.,,3,1,0.2,,,29.919754,-94.666657,2,5886,22075,1.0,2017-10-06T05:00:00,1760,0.1,6,2,Turtle  Bayou
7593,N/A,9.199,180,[],2017-09-06T05:00:00,1762,6,2,0.0,Riverine,21535,0906_1325_1,MUD LINE UNDER BRIDGE MARKED WITH PAINT. THERE IS TAPE ON BRIDGE TO HELP DETERMINE WHERE TO GO UNDER.,,2,1,,,,28.712647,-96.475797,3,5158,21102,1.0,2017-09-09T05:00:00,1770,0.042651,6,2,unknown
7495,N/A,7.402,180,[],2017-09-04T05:00:00,1762,6,2,0.0,Coastal,21048,0904_0920_2,MARK IS 100 FT TO THE RIGHT OF FLAGGED POST NEAR WHITE TWO STORY HOUSE.,,2,2,,,,28.45731,-96.409668,3,5117,20774,1.0,2017-09-08T05:00:00,1770,0.085302,6,2,unknown
9584,Left,89.174,180,[],2017-09-29T05:00:00,1854,1,2,3.82,Riverine,25304,0929_1403_5,Seed line on storage room door inside barn located on LB about 300 ft US of CR 117 and Peach Crk.,,1,5,0.03,,,29.3415,-96.01173,8,6428,22015,1.0,2017-09-29T05:00:00,1854,,6,2,San Bernard River
9129,N/A,34.74,180,[],2017-09-15T05:00:00,1833,1,2,3.6,Riverine,23182,0915_1740_2,Mud line marked with tape in brush on north road embankment. Approximately 30 ft west of bridge.,,4,1,0.3,,,29.919754,-94.666657,2,5886,22075,1.0,2017-10-06T05:00:00,1760,0.1,6,2,Turtle  Bayou
9695,N/A,122.084,180,[],2017-09-10T05:00:00,1834,1,2,6.92,Riverine,24221,0910_1240_2,Seed line along shed of residence,,3,5,0.2,,,30.24204,-95.425624,,6463,22626,1.0,2017-09-10T05:00:00,1834,0.47,6,2,San Jacinto River
9398,Left,197.1357,180,[],2017-09-18T04:00:00,1780,1,2,2.05,Riverine,23544,0917_1502_2,On tree on upstream side of channel on left bank 50 feet from road with tape and paint,,1,1,0.05,,,30.67146,-94.68958,5,6047,22252,1.0,2017-09-21T04:00:00,1722,1.406,6,2,Unknown
9434,Right,80.4,180,[],2017-09-07T04:00:00,1791,1,2,0.0,Riverine,21376,0907_1030_1,On concrete on SW side of bridge,level 3 survey; +0.03' GNSS adjustment; field reading 80.322,2,1,0.1,,,29.61876,-95.68355,3,6068,20988,1.0,2017-09-20T04:00:00,900,0.1,6,2,Oyster Creek
7631,N/A,45.344,180,[],2017-09-05T05:00:00,1599,1,2,1.28,Riverine,21049,1,telephone pole in prison parking lot,,2,5,0.1,,,29.30927,-95.53909,6,5126,20779,1.0,2017-09-10T05:00:00,1770,0.06,6,2,oyster creek
9266,Left,46.2,180,[],2017-09-15T04:00:00,1780,1,2,1.3,Riverine,23170,0915_1121_1,On abutment on left bank with paint,level 4,2,5,0.1,,,30.0284,-94.47227,4,5964,22080,1.0,2017-09-17T04:00:00,1722,1.4,6,2,Unknown
8917,Right,4.21,180,[],2017-09-10T05:00:00,1786,6,2,0.0,Riverine,21939,0910_0850,Upstream from bridge,,4,2,0.4,,,29.64581,-95.0191,8,5767,21380,1.0,2017-09-10T05:00:00,1786,0.13,6,2,Little Cedar Bayou
9311,N/A,36.58,180,[],2017-09-20T05:00:00,1834,1,2,1.23,Riverine,24535,0920_1405_1,"Nail in only large tree on the east side of Beaver Dr., right bank of Hunting Bayou, marked with orange flagging, paint, and stake.",,1,5,0.03,,,29.79719,-95.27435,5,5987,22783,1.0,2017-10-05T05:00:00,1770,0.04,6,2,Buffalo Bayou
9413,N/A,99.5,180,[],2017-09-20T05:00:00,900,1,2,0.0,Riverine,23916,HWM1,~300 ft north of Bristol Road; on west side of Winner Foster Road near river,level 3 survey; field reading 99.49; +0.03' GNSS adjustment,3,2,0.2,,,29.64962,-95.84928,,6060,20864,1.0,2017-09-20T05:00:00,900,0.1,6,2,Flewellen Creek
9867,N/A,9.5,180,[],2017-09-15T05:00:00,1760,1,2,2.8,Riverine,23474,0915_0900_2,"USGS marker on front of King's Gym building, directly west of HWM 0915_0900_1.",,1,5,0.01,,,30.09269,-93.74452,4,6353,22221,1.0,2017-09-24T05:00:00,1731,0.09,6,2,Sabine River
9372,Right,69.2,180,[],2017-09-15T04:00:00,1780,1,2,2.4,Riverine,23183,0915_1455_1,On vertical wooden guardrail post on right side of channel downstream of road with tape and paint,,1,1,0.05,,,30.33703,-94.4194,5,6030,22087,1.0,2017-09-22T04:00:00,1722,0.3,6,2,Unknown
8918,Right,4.01,180,[],2017-09-10T05:00:00,1786,6,2,0.0,Riverine,21940,0910_0851,Upstream from bridge,,4,2,0.4,,,29.64584,-95.01904,8,5767,21380,1.0,2017-09-10T05:00:00,1786,0.14,6,2,Little Cedar Bayou
9110,N/A,30.83,180,[],2017-09-15T05:00:00,1776,1,2,4.6,Riverine,23184,0915_1920_1,"Debris snag in treeline marked by tape. Located off of eastern road embankment, approximately 20 feet south from the southern edge of water.",,5,2,0.5,,,29.851138,-94.627485,2,5876,22086,1.0,2017-10-06T05:00:00,1760,0.1,6,2,White's Bayou
9312,N/A,36.37,180,[],2017-09-20T05:00:00,1834,1,2,0.66,Riverine,24536,0920_1405_2,"Nail in tree on west side of Beaver Dr. directly across the street from mark 1 and next to fenceline with covered in a green privacy tarp.  Marked with orange paint, flagging, and stake.",,1,5,0.02,,,29.79711,-95.27452,5,5987,22783,1.0,2017-10-05T05:00:00,1770,0.04,6,2,Buffalo Bayou
10209,Left,69.0,180,[],2017-09-15T04:00:00,1780,1,2,2.1,Riverine,23185,0915_1455_2,On vertical wooden guardrail post on left side of channel upstream of road with tape and paint,,2,1,0.1,,,30.33703,-94.4194,5,6030,22087,1.0,2017-09-22T04:00:00,1722,0.3,6,2,Unknown
7632,N/A,45.03,180,[],2017-09-05T05:00:00,1599,1,2,,Riverine,21051,3,stake in ground south of prison parking lot entrance,,2,2,0.1,,,29.30927,-95.53909,7,5126,20779,1.0,2017-09-10T05:00:00,1770,0.06,6,2,oyster creek
9409,N/A,103.2,180,[],2017-09-06T04:00:00,1791,1,2,0.0,Riverine,21145,0906_1300_3,Near walkway near bridge,level 3 survey; field readings 103.205; +0.03' GNSS adjustment,2,5,0.1,,,29.68104,-95.89518,6,6055,20851,1.0,2017-09-20T04:00:00,900,0.1,6,2,Fulshear Creek
10173,N/A,305.083,180,[],2017-09-25T05:00:00,1853,1,2,0.0,Riverine,25421,09-25-1438-1,Wash line on right bank of lake,,4,2,0.4,,,30.00816,-97.09509,7,6610,23249,1.0,2017-09-25T05:00:00,1853,0.236,6,2,Riverrine
7594,N/A,8.855,180,[],2017-09-06T05:00:00,1762,6,2,3.2,Coastal,21538,0906_1025_2,"SEED LINE ON PIER CAUGHT UNDER RAILING, MARKED WITH PAINT AND TAPE.",,2,5,,,,28.680772,-96.563171,3,5159,21103,1.0,2017-09-09T05:00:00,1770,0.042651,6,2,unknown
8953,Left,7.7,180,[],2017-09-10T05:00:00,1786,6,2,0.0,Riverine,21998,0910_1331,Behind Lockheed Martin,,4,2,0.4,,,29.54788,-95.08435,8,5787,21406,1.0,2017-09-10T05:00:00,1786,0.042651,6,2,Clear Lake
9968,N/A,3.902,180,[],2017-09-23T05:00:00,1841,1,2,0.0,Coastal,25422,0915_1420_2,Debris line on oyster shell pile,,3,2,0.2,,,29.54596,-94.78639,8,6545,22127,1.0,2017-09-23T05:00:00,1841,0.046,2,2,TRINITY BAY
7633,N/A,63.596,180,[],2017-09-05T05:00:00,1599,1,2,1.72,Riverine,21052,1,electrical marker on bank across parking lot of lake olympia middle school,,3,4,0.2,,,29.55767,-95.55251,4,5127,20780,1.0,2017-09-10T05:00:00,1770,0.06,6,2,oyster creek
7635,N/A,64.154,180,[],2017-09-05T05:00:00,1599,1,2,0.0,Riverine,21054,2,stake on bank across parking lot of lake olympia middle school,,3,2,0.2,,,29.55767,-95.55251,7,5127,20780,1.0,2017-09-10T05:00:00,1770,0.06,6,2,oyster creek
9406,Left,217.18845,180,[],2017-09-18T04:00:00,1780,1,2,0.0,Riverine,23548,0917_1554_2,On bridge apron upstream of road on left bank with paint,,2,1,0.1,,,30.7198,-94.69997,4,,22254,1.0,2017-09-21T04:00:00,1722,1.406,6,2,Unknown
7595,N/A,8.54,180,[],2017-09-06T05:00:00,1762,6,2,0.0,Coastal,21537,0906_1025_1,"DEBRIS LINE 30 FT FROM FIRST GAZEBO, AT THE FIRST FENCE POLE. MARKED WITH FLAG, PAINT, AND TAPE.",,2,2,,,,28.681562,-96.563866,7,5159,21103,1.0,2017-09-09T05:00:00,1770,0.042651,6,2,unknown
9374,N/A,63.7,180,[],2017-09-15T04:00:00,1780,1,2,2.4,Riverine,23186,0915_1536_1,On backside of electric post 50 feet south of road 200 feet west of channel with tape and paint,,3,5,0.15,,,30.34222,-94.35165,5,6032,22088,1.0,2017-09-22T04:00:00,1722,0.3,6,2,Unknown
7729,N/A,55.686,180,[],2017-09-05T05:00:00,1599,1,2,1.5,Riverine,21055,1,access box for electrical lines on west side of road in sienna point development,,3,5,,,,29.46383,-95.47832,4,5233,20782,1.0,2017-09-10T05:00:00,1770,,6,2,oyster creek
8919,N/A,5.6,180,[],2017-09-10T05:00:00,1786,6,2,0.0,Coastal,21943,0910_0908,,,4,2,0.4,,,29.61877,-95.00211,8,5768,21383,1.0,2017-09-10T05:00:00,1786,0.11,6,2,Trinity Beach
9407,Left,219.9712,180,[],2017-09-18T04:00:00,1780,1,2,0.0,Riverine,23549,0917_1621_1,On bridge apron upstream of road on left bank with paint,,2,1,0.1,,,30.71648,-94.71637,4,,22255,1.0,2017-09-21T04:00:00,1722,1.406,6,2,Unknown
9082,N/A,16.26,180,[],2017-09-18T05:00:00,1762,1,2,1.15,Riverine,23644,0918_1115_2,"ORANGE TAPE ON CHAINLINK FENCE ON SIDE OF APARTMENT BUILDINGS, ALONG DITCH. NEARBY WOODEN BRIDGE",,1,2,0.02,,,29.98343,-93.99942,2,5855,22305,1.0,2017-09-20T05:00:00,1770,0.4,6,2,unknown
7730,N/A,54.678,180,[],2017-09-05T05:00:00,1599,1,2,1.1,Riverine,21056,2,access box for electrical lines on east side of road in sienna point development   also marked with pink flagging tap,,3,5,,,,29.46383,-95.47832,4,5233,20782,1.0,2017-09-10T05:00:00,1770,,6,2,oyster creek
9410,N/A,103.2,180,[],2017-09-06T04:00:00,1791,1,2,0.0,Riverine,21144,0906_1300_2,Near walkway near bridge,level 3 survey; field reading 103.178; +0.03' GNSS adjustment,3,2,0.2,,,29.68081,-95.89516,6,6055,20851,1.0,2017-09-20T04:00:00,900,0.1,6,2,Fulshear Creek
8920,N/A,5.5,180,[],2017-09-10T05:00:00,1786,6,2,0.0,Coastal,21944,0910_0909,,,4,2,0.4,,,29.61874,-95.00207,8,5768,21383,1.0,2017-09-10T05:00:00,1786,0.13,6,2,Trinity Beach
9318,N/A,43.75,180,[],2017-09-20T05:00:00,1834,1,2,2.29,Riverine,24539,0920_1525_2,"Debris line found on the back of 2nd park bench from the pool entrance, next to the parking lot.  Marked on the back wood slats with a sharpie, and tagged with an orange flag and stake as indicators.",,2,2,0.1,,,29.8145,-95.27769,4,5992,22784,1.0,2017-10-05T05:00:00,1770,0.04,2,2,Buffalo Bayou
10086,N/A,48.2,180,[],2017-09-05T05:00:00,1612,1,2,1.97,Riverine,21057,HWM1,T intersection on wooden post with electrical equipment in front of SUNCREEK RANCH II stone sign.,,2,5,0.1,,,29.35253,-95.51714,6,5182,20781,1.0,2017-09-10T05:00:00,1770,0.85,6,2,Oyster Creek
9375,Right,58.2,180,[],2017-09-15T04:00:00,1780,1,2,0.45,Riverine,23189,0915_1619_1,On third wooden guardrail post from end on south side of the road feet from bridge abutment on right bank of channel with tape and paint,,2,5,0.1,,,30.36147,-94.32655,5,6033,22089,1.0,2017-09-22T04:00:00,1722,0.3,6,2,Unknown
9319,N/A,43.28,180,[],2017-09-20T05:00:00,1834,1,2,2.9,Riverine,24540,0920_1525_1,"Nail in tree along side Bacher St. and the side walk, closest to the pool entrance. Marked with orange paint, flagging, and a stake.",,2,5,0.1,,,29.81442,-95.27753,5,5992,22784,1.0,2017-10-05T05:00:00,1770,0.04,2,2,Buffalo Bayou
8448,N/A,84.02,180,[],2017-09-10T05:00:00,1834,1,2,0.0,Riverine,22819,0910_1648_1,Upstream side rock bridge reinforcements on north end of bridge (river left).,,5,2,0.5,,,30.1184,-95.22448,3,5523,21892,1.0,2017-09-18T05:00:00,1847,0.06,6,2,San Jacinto River
9181,N/A,36.13,180,[],2017-09-15T05:00:00,1834,1,2,0.0,Riverine,23905,0915_1040_1,"DSRB from bridge on Selinsky Rd, behind Albert Thomas middle school football field",RTN in this area had a higher variability due to some nodes working intermittently,4,2,0.4,,,29.63846,-95.33062,7,5916,22450,1.0,2017-10-04T05:00:00,1770,0.5,6,2,Buffalo Bayou
7609,N/A,52.954,180,[],2017-09-05T05:00:00,1599,1,2,2.3,Riverine,21058,1,Tree located on south side of county road 42 just east of bridge,,3,1,,,,29.38007,-95.49771,6,5163,20783,1.0,2017-09-10T05:00:00,1770,,6,2,oyster creek
9160,N/A,92.349,180,[],2017-09-13T05:00:00,1762,1,2,1.28,Riverine,23552,0913_1618_1,"ORANGE NAIL ON RIGHT UPSTREAM GUARDRAIL, ON 4TH ROUNDED POST FROM THE CENTER OF BRIDGE.ACROSS FROM LONG KING CREEK SIGN",,1,2,0.04,,,30.60359,-94.95793,5,5902,22256,1.0,2017-09-19T05:00:00,1770,0.022966,6,2,unknown
9411,N/A,103.1,180,[],2017-09-06T04:00:00,1791,1,2,0.0,Riverine,21149,0906_1300_4,Near walkway near bridge,level 3 survey; field readings 103.109; +0.03' GNSS adjustment,2,5,0.1,,,29.681,-95.8951,6,6055,20851,1.0,2017-09-20T04:00:00,900,0.1,6,2,Fulshear Creek
9436,N/A,80.6,180,[],2017-09-07T04:00:00,1791,1,2,0.77,Riverine,21418,0907_1115_2,13050 Forester Lane. Back fence,level 3 survey; +0.03' GNSS adjustment; field readings RTK 79.852+0.75 TU,2,5,0.1,,,29.6264,-95.68095,6,6069,21017,1.0,2017-09-20T04:00:00,900,0.1,6,2,Pumpkin Lake
8449,N/A,83.73,180,[],2017-09-10T05:00:00,1834,1,2,0.0,Riverine,22820,0910_1648_2,Upstream side rock bridge reinforcements on south end of bridge (river right). Boulder sprayed orange with flag next to it.,,5,2,0.5,,,30.11792,-95.22475,3,5523,21892,1.0,2017-09-18T05:00:00,1847,0.06,6,2,San Jacinto River
9269,N/A,42.9,180,[],2017-09-15T04:00:00,1780,1,2,1.3,Riverine,23172,0915_1210_1,On vertical wooden post to the left of gravel driveway in front of 5800 Millholland Road with tape. Fifth post from driveway,level 4,2,5,0.1,,,30.12028,-94.42732,5,5966,22081,1.0,2017-09-17T04:00:00,1722,1.4,6,2,Unknown
9271,N/A,43.1,180,[],2017-09-15T04:00:00,1780,1,2,1.5,Riverine,23173,0915_1210_2,On base of tree directly across road from 0915_1210_1 HWM 8 feet from road with tape and paint,level 4,2,1,0.1,,,30.12028,-94.42732,5,5966,22081,1.0,2017-09-17T04:00:00,1722,1.4,6,2,Unknown
9842,Left,5.039,180,[],2017-09-06T04:00:00,1744,1,2,1.23,Coastal,21169,0906_1530_1,"HWM is located inside Rowling Bait Camp shop. HWM is a seed line on the walk-in cooler door at 1.23 feet above
concrete floor, mark considered good.",Surveyed floor elevation below the mark. 1.23 ft added to surveyed elevation. HWM elevation is final. NO further adjustments necessary.,2,5,0.1,,,28.62783,-95.97057,8,6359,20865,1.0,2017-09-06T04:00:00,1744,0.131234,6,2,Colorado River
8928,Right,15.84,180,[],2017-09-10T05:00:00,1786,6,2,0.0,Riverine,21955,0910_0948,"Between bridge spans, flagged by someone else.",,3,1,0.2,,,29.63387,-95.11449,8,5773,21387,1.0,2017-09-10T05:00:00,1786,0.17,6,2,Armand Bayou
9498,N/A,171.254,180,[],2017-09-09T05:00:00,1762,1,2,0.35,Riverine,22401,0909_1210_1,"Lat 29.54335 Long -96.45074
Southeast side of bridge on downstream side painted on main beam of bridge.",,4,5,0.25,,,29.5432,-96.4509,3,6405,21671,1.0,2017-10-10T05:00:00,1645,0.203,6,2,unknown
9161,N/A,93.983,180,[],2017-09-13T05:00:00,1762,1,2,0.37,Riverine,23553,0913_1618_2,"ORANGE NAIL ON LEFT DOWNSTREAM GUARDRAIL, ON FIRST ROUNDED POST CLOSEST TO END OF RAIL. NAIL BODY MARKS DEBRIS LINE. LINE LEVELED TO POST",,1,2,0.01,,,30.60359,-94.95793,5,5902,22256,1.0,2017-09-19T05:00:00,1770,0.022966,6,2,unknown
7611,Left,52.964,180,[],2017-09-05T05:00:00,1599,1,2,3.67,Riverine,21060,3,nail and tab in tree on north side of county road 42 closest to bridge,,3,1,,,,29.38007,-95.49771,6,5163,20783,1.0,2017-09-10T05:00:00,1770,,6,2,oyster creek
7610,Left,53.054,180,[],2017-09-05T05:00:00,1599,1,2,2.58,Riverine,21059,2,nail and tab in tree on north side of county road 42 furthermost east of bridge,,3,1,,,,29.38007,-95.49771,6,5163,20783,1.0,2017-09-10T05:00:00,1770,,6,2,oyster creek
9133,N/A,28.41,180,[],2017-09-15T05:00:00,1776,1,2,1.1,Riverine,23191,0915_1845_1,Debris line marked with tape. Located on a support pillar below walkway to center pavilion. HWM is on the middle of three walkways that enter from the south.,,1,2,0.05,,,29.836905,-94.608614,2,5889,22090,1.0,2017-10-06T05:00:00,1760,0.1,6,2,Whites Bayou
9412,Right,102.9,180,[],2017-09-06T04:00:00,1791,1,2,0.0,Riverine,21143,0906_1300_1,Near electrical box ~75 feet downstream of bridge,level 3 survey; field readings 102.867; +0.03' GNSS adjustment,4,2,0.3,,,29.68061,-95.89532,6,6055,20851,1.0,2017-09-20T04:00:00,900,0.1,6,2,Fulshear Creek
9757,N/A,21.9,180,[],2017-09-06T04:00:00,1762,1,2,0.0,Riverine,21545,0906_1840_1,A debris line found on the left edge of water. Downstream from bridge. Original field sheet indicated poor quality but specified 0.02 uncertainty. Changed to Excellent by GRH.,level 4 survey; field reading 21.915,1,2,0.02,,,29.1927,-95.4114,4,6489,21114,1.0,2017-09-18T04:00:00,900,0.5,6,2,unknown
9885,Right,107.826,180,[],2017-09-11T05:00:00,330,6,2,0.0,Riverine,22277,0911_1620_1,DEBRIS LINE IN SOUTH DITCH OF COUNTY ROAD 370,,1,4,0.042,,,30.2503,-95.11139,3,6521,21575,1.0,2017-09-19T05:00:00,1842,0.0235,6,2,EAST FORK SAN JACINTO RIVER
9302,N/A,11.33,180,[],2017-09-20T05:00:00,1834,1,2,4.84,Riverine,24520,0920_0918_1,Sharpie line marked with orange paint on telephone pole stay wire at the north east corner of the intersection of Federal and American Petroleum.  An orange stake placed in ground below as an indicator as well.,,3,2,0.12,,,29.74107,-95.21214,4,5980,22777,1.0,2017-10-05T05:00:00,1770,0.04,6,2,Buffalo Bayou
9499,N/A,170.945,180,[],2017-09-09T05:00:00,1762,1,2,0.37,Riverine,22402,0909_1210_2,"Lat 29.54392 Long -96.45112
Northwest side of bridge on downstream side painted on main beam of bridge.",,4,5,0.25,,,29.54392,-96.45112,3,6405,21671,1.0,2017-10-10T05:00:00,1645,0.203,6,2,unknown
9086,N/A,252.411,180,[],2017-09-14T05:00:00,1762,1,2,0.0,Riverine,23449,0914_1230_1,ORANGE PAINT LINE ON RIGHT DOWNSTREAM APRON. BOTTOM OF PAINT LINE MARKS MUD LINE,,1,1,0.02,,,30.69868,-94.79547,3,5858,22209,1.0,2017-09-19T05:00:00,1770,0.022966,6,2,unknown
9162,N/A,115.069,180,[],2017-09-13T05:00:00,1762,1,2,,Riverine,23554,0913_1820_1,NAIL ON BARBED WIRE FENCE POST BY LEFT DOWNSTREAM GUARDRAIL . LINE LEVELED TO POST.,Elevation between points vary quite a bit.  Not sure why or which mark would be more representative.,1,2,0.01,,,30.68371,-94.95556,5,5904,22257,1.0,2017-09-19T05:00:00,1770,0.022966,6,2,unknown
9377,Left,83.9,180,[],2017-09-15T04:00:00,1780,1,2,0.0,Riverine,23192,0915_1758_1,On apron on upstream side of road on left bank with paint,,2,1,0.1,,,30.39226,-94.42268,4,6034,22092,1.0,2017-09-22T04:00:00,1722,0.3,6,2,Unknown
8924,N/A,7.91,180,[],2017-09-10T05:00:00,1786,6,2,0.0,Coastal,21949,0910_0925,,,3,2,0.2,,,29.59133,-95.04104,8,6198,21385,1.0,2017-09-10T05:00:00,1786,0.17,6,2,Armand Bayou
9684,N/A,114.431,180,[],2017-09-10T05:00:00,1834,1,2,2.1,Riverine,24233,0910_1030_1,debris line along chain link fence,,5,2,0.5,,,30.213013,-95.413561,,6460,22635,1.0,2017-09-10T05:00:00,1834,0.47,6,2,San Jacinto River
9172,Left,23.7,180,[],2017-09-14T05:00:00,1846,1,2,5.7,Riverine,23410,0914_1604_2,"Seed line marked with sharpie, flagging, and orange paint on Left Bank US side of bridge structure",,1,5,0.02,,,29.67997,-95.27744,4,5909,22194,1.0,2017-09-25T05:00:00,1645,,6,2,Sims Bayou
9163,N/A,117.175,180,[],2017-09-13T05:00:00,1762,1,2,4.44,Riverine,23555,0913_1820_2,TAPE TIED AROUND TREE ON RIGHT DOWNSTREAM SIDE. LINE LEVELED TO TREE FOR MORE STABLE MARK,,1,2,0.01,,,30.68371,-94.95556,2,5904,22257,1.0,2017-09-19T05:00:00,1770,0.022966,6,2,unknown
7733,N/A,54.846,180,[],2017-09-05T05:00:00,1599,1,2,2.69,Riverine,21062,1,nail in a tree on south side of road 2 miles from intersection of 521,,3,5,,,,29.451847,-95.511167,6,5234,20785,1.0,2017-09-10T05:00:00,1770,,6,2,oyster creek
9179,N/A,37.06,180,[],2017-09-15T05:00:00,1834,1,2,0.0,Riverine,23908,0915_1040_2,"USRB from bridge on Selinsky Rd, behind Albert Thomas middle school approx 100'",RTN in this area had a higher variability due to some nodes working intermittently,4,2,0.4,,,29.63709,-95.33008,7,5916,22450,1.0,2017-10-04T05:00:00,1770,0.5,6,2,Buffalo Bayou
9685,N/A,116.468,180,[],2017-09-10T05:00:00,1834,1,2,4.78,Riverine,24234,0910_1041_2,Seed line along wall of residence,,4,5,0.3,,,30.216743,-95.417623,,6460,22635,1.0,2017-09-10T05:00:00,1834,0.47,6,2,San Jacinto River
9165,N/A,122.149,180,[],2017-09-14T05:00:00,1762,1,2,4.35,Riverine,23556,0914_0935_1,"ORANGE TAPE ON TREE ALONG RIGHT DOWNSTREAM BANK, NEXT TO RUSTY CORNER POST AND INTRASTATE GAS PIPELINE SIGN",,1,2,0.02,,,30.70097,-94.99741,2,5905,22258,1.0,2017-09-19T05:00:00,1770,0.022966,6,2,unknown
8151,Left,170.005,180,[],2017-09-13T05:00:00,1822,6,2,2.7,Riverine,22827,1300,Nail and flagging in cedar fence post 1/10 of a mile past willow springs bridge north side of road,,1,5,,,,29.38567163,-96.76763,6,5387,21894,1.0,2017-09-19T05:00:00,1839,0.0004,6,1,Navidad river
9094,N/A,83.323,180,[],2017-09-15T05:00:00,1762,1,2,1.67,Riverine,23460,0915_1215_2,"ORANGE NAIL+TAPE ON RIGHT DOWNSTREAM GUARDRAIL, 2ND ROUNDED POST FROM CENTER OF BRIDGE",,1,2,0.05,,,30.55911,-94.8819,5,5863,22214,1.0,2017-09-19T05:00:00,1770,0.022966,6,2,unknown
9186,N/A,36.45,180,[],2017-09-15T05:00:00,1834,1,2,0.0,Riverine,23909,0915_1040_3,"DSLB from bridge on Selinsky Rd, behind Albert Thomas middle school football field",RTN in this area had a higher variability due to some nodes working intermittently,4,2,0.4,,,29.63809,-95.33004,7,5916,22450,1.0,2017-10-04T05:00:00,1770,0.5,6,2,Buffalo Bayou
9307,N/A,32.25,180,[],2017-09-20T05:00:00,1834,1,2,1.93,Riverine,24529,0920_1230_1,"Nail in tree in park ~350 south of the north parking lot, east of the playground (the last tree before the open field) Marked with orange paint, flagging and a stake.",,1,5,0.02,,,29.78578,-95.24732,5,5983,22781,1.0,2017-09-26T05:00:00,1645,,6,2,Buffalo Bayou
9096,N/A,32.07,180,[],2017-09-15T05:00:00,1762,1,2,3.87,Riverine,23465,0915_1600_2,"NAIL+ORANGE TAPE ON OUTSIDE RAIL OF SMALL WOODEN BRIDGE, NEXT TO YELLOW BEWARE OF SNAKES SIGN","Points at site are visibly different in elevation.  Not clear mark at either site, so no way of telling which is better.",3,2,0.2,,,30.23055,-94.23141,5,5864,22216,1.0,2017-09-22T05:00:00,1770,0.049213,6,2,unknown
9095,N/A,33.079,180,[],2017-09-15T05:00:00,1762,1,2,4.21,Riverine,23463,0915_1600_1,"ORANGE NAIL+TAPE ON TREE, EAST OF PLAYGROUND AND PAVILLION, DIRECTLY NORTH OF BLUE PICNIC TABLE AREA; WHERE THE BRANCH OF CREEK ENDS","Points at site are visibly different in elevation.  Not clear mark at either site, so no way of telling which is better.",4,1,0.3,,,30.23055,-94.23141,5,5864,22216,1.0,2017-09-22T05:00:00,1770,0.049213,6,2,unknown
8925,N/A,7.98,180,[],2017-09-10T05:00:00,1786,6,2,0.0,Coastal,21950,0910_0926,,,3,2,0.2,,,29.59133,-95.04103,8,6198,21385,1.0,2017-09-10T05:00:00,1786,0.13,6,2,Armand Bayou
10174,Left,316.562,180,[],2017-09-26T05:00:00,1853,1,2,0.0,Riverine,25439,9-26-1424-1,Stain line on bridge apron on left bank,,4,6,0.4,,,30.00774,-97.25126,4,6611,23270,1.0,2015-09-26T05:00:00,1853,0.236,6,2,Riverine
10230,N/A,43.366,180,[],2017-09-15T05:00:00,1834,1,2,0.0,Riverine,23910,0915_1142_1,Holding pond off of Almeda-Genoa Rd. Left pond going into sub-division approx 100' west of road on north side of pond.,RTN in this area had a higher variability due to some nodes working intermittently,5,2,0.5,,,29.6202,-95.33121,7,6698,22451,1.0,2017-10-04T05:00:00,1770,0.5,6,2,Buffalo Bayou
9166,N/A,122.231,180,[],2017-09-14T05:00:00,1762,1,2,5.3,Riverine,23557,0914_0935_2,ORANGE TAPE ON CHAINLINK SECURITY FENCE AROUND NATURAL GAS PIPELINE STATION. IN FRONT OF CONCRETE CULVERT. BRIDGE MAY ICE SIGN DIRECTLY ACROSS STREET,,1,2,0.02,,,30.70097,-94.99741,2,5905,22258,1.0,2017-09-19T05:00:00,1770,0.022966,6,2,unknown
10175,N/A,316.53,180,[],2017-09-26T05:00:00,1853,1,2,0.0,Riverine,25440,9-26-1424-2,Stain line on bridge apron on Right bank,,4,6,0.4,,,30.00773,-97.25155,4,6611,23270,1.0,2017-09-26T05:00:00,1853,0.236,6,2,Riverine
8450,N/A,62.21,180,[],2017-09-10T05:00:00,1834,1,2,2.85,Riverine,22828,0910_1718_1,West end of bridge on side with sidewalk. Located on concrete wall on back of bridge.,,2,5,0.1,,,30.08083,-95.17376,3,5524,21895,1.0,2017-09-18T05:00:00,1847,0.05,6,2,San Jacinto River
7759,Left,108.615,180,[],2017-09-05T05:00:00,1599,1,2,3.37,Riverine,21064,1,canoe launch parking sign,,2,5,,,,29.64249,-95.9767,6,5244,20787,1.0,2017-09-11T05:00:00,1770,,6,2,brazos river
9130,N/A,37.18,180,[],2017-09-15T05:00:00,1833,1,2,0.0,Riverine,23196,0915_1505_1,"Mud line marked with painted stake on south side of road, approximately 75' east of the eastern levee.",,3,1,0.2,,,29.918794,-94.691962,7,5887,22093,1.0,2017-10-06T05:00:00,1760,0.1,6,2,Canal
9097,N/A,24.3,180,[],2017-09-14T05:00:00,1602,1,2,3.75,Riverine,23195,0914_1046_01,"Nail in telephone pole by gaging station, 40 ft downstream, right bank. Located at Deweyville Boat Ramp. Flagging on nail road sign.",,2,5,0.1,,,30.30349,-93.744,5,5866,22091,1.0,2017-09-26T05:00:00,1731,0.008,6,2,Sabine River
9671,N/A,150.13,180,[],2017-09-12T05:00:00,1772,2,2,0.0,Riverine,22422,0912_0847,debris line in grass,,3,2,0.2,,,29.96127,-95.74118,8,6205,21685,1.0,2017-09-12T05:00:00,1772,0.0601,7,2,Bridgeland Lake
10176,Right,291.703,180,[],2017-09-25T05:00:00,1853,1,2,0.0,Riverine,25441,09-25-1321-1,Silt line and wash line on left bank,,3,9,0.2,,,29.9982,-97.09344,7,6612,23271,1.0,2017-09-25T05:00:00,1853,0.236,6,2,Riverine
8821,N/A,6.681,180,[],2017-09-07T05:00:00,1760,1,2,0.0,Coastal,21571,0907_1045_2,"Painted stake near shoreline on right hand side of small, dirt vehicle access path.",,5,2,0.5,,,28.67815,-96.39231,7,5710,21134,1.0,2017-09-09T05:00:00,1787,0.013205,6,2,Gulf of America
7760,Left,108.563,180,[],2017-09-05T05:00:00,1599,1,2,3.85,Riverine,21065,2,public information sign at public canoe launch,,2,5,,,,29.64249,-95.9767,6,5244,20787,1.0,2017-09-11T05:00:00,1770,,6,2,brazos river
10033,Right,25.78,180,[],2017-09-14T05:00:00,1846,1,2,,Riverine,23407,0914_1455_1,Debris line marked with stake and orange paint on DS right bank of bridge. Looks to have stayed within its banks.,RTN in this area had a higher variability due to some nodes working intermittently,5,2,0.5,,,29.66991,-95.23337,7,6659,22193,1.0,2017-10-04T05:00:00,1770,0.5,6,2,Berry Bayou
9308,N/A,32.18,180,[],2017-09-20T05:00:00,1834,1,2,1.72,Riverine,24530,0920_1230_2,"Nail in tree in park, ~30ft to the west of the first mark.  Marked with orange flagging, paint, and a stake.",,1,5,0.02,,,29.78577,-95.24744,5,5983,22781,1.0,2017-09-26T05:00:00,1645,,6,2,Buffalo Bayou
9167,N/A,105.797,180,[],2017-09-14T05:00:00,1762,1,2,2.2,Riverine,23558,0914_1100_1,"ORANGE NAIL+TAPE ON RIGHT DOWNSTREAM GUARDRAIL POST, 9TH FROM CENTER OF BRIDGE, WITH WHITE REFLECTOR",,3,2,0.2,,,30.65944,-94.97763,5,5906,22259,1.0,2017-09-19T05:00:00,1770,0.022966,6,2,unknown
9098,N/A,24.5,180,[],2017-09-14T05:00:00,1602,1,2,3.42,Riverine,23197,0914_1046_02,"Nail in tree, downstream, right bank, south side of boat ramp parking lot. Marked with orange flagging.",,2,5,0.1,,,30.30295,-93.74425,5,5866,22091,1.0,2017-09-26T05:00:00,1731,0.008,6,2,Sabine River
10178,N/A,299.76,180,[],2017-09-25T05:00:00,1853,1,2,0.55,Riverine,25444,09-25-1539-1,Wash line on south end of lake,,4,2,0.4,,,29.98737,-97.12135,7,6613,23274,1.0,2017-09-25T05:00:00,1853,0.236,6,2,Riverine
10204,N/A,376.71,180,[],2017-09-07T05:00:00,1834,1,2,1.15,Riverine,25443,0907_1050_2,Tree located 250 feet west of bridge on downstream side.,,3,5,0.2,,,29.81618,-97.20365,3,5400,23272,1.0,2017-09-21T05:00:00,1834,0.14,6,2,Colorado River
9688,N/A,116.472,180,[],2017-09-10T05:00:00,1834,1,2,4.9,Riverine,24237,0910_1100_2,seed line along garage of residence,,4,5,0.3,,,30.217115,-95.416457,,6461,22637,1.0,2017-09-10T05:00:00,1834,0.47,6,2,San Jacinto River
9787,N/A,13.5,180,[],2017-09-08T04:00:00,1760,1,2,5.0,Riverine,21954,0908_1740_1,Debris near the boat in a tree,level 4 survey; field readings 8.125+5.35 ft,1,2,0.04,,,29.2816,-95.2551,4,6501,21388,1.0,2017-09-16T04:00:00,900,0.6,6,2,Unknown
9168,N/A,105.545,180,[],2017-09-14T05:00:00,1762,1,2,2.13,Riverine,23559,0914_1100_2,"ORANGE NAIL+TAPE ON LEFT UPSTREAM GUARDRAIL POST, 11TH FROM CENTER OF BRIDGE",,4,2,0.3,,,30.65944,-94.97763,5,5906,22259,1.0,2017-09-19T05:00:00,1770,0.022966,6,2,unknown
9320,N/A,44.45,180,[],2017-09-20T05:00:00,1834,1,2,2.08,Riverine,24541,0920_1624_1,"Nail in tree on left bank ~100ft from the channel in b/w Leftingwell St and Hirsch Rd. on the west side of an opening that run perpendicular to the channel. Marked with orange flagging, paint and  a stake.",,1,5,0.01,,,29.80706,-95.32912,5,5994,22785,1.0,2017-10-05T05:00:00,1770,0.04,2,2,Buffalo Bayou
10177,Right,291.634,180,[],2017-09-25T05:00:00,1853,1,2,0.0,Riverine,25442,09-25-1321-2,Silt line and wash line on right bank,,3,9,0.2,,,29.99831,-97.09348,7,6612,23271,1.0,2017-09-25T05:00:00,1853,0.236,6,2,Riverine
8451,N/A,62.63,180,[],2017-09-10T05:00:00,1834,1,2,1.65,Riverine,22830,0910_1718_2,nail in disk set in power pole 20 ft from east end of bridge,"Confirming fine debris line remains on fence, 2 ft from nail/disk on PP",2,5,0.1,,,30.08064,-95.17338,3,5524,21895,1.0,2017-09-18T05:00:00,1847,0.05,6,2,San Jacinto River
9131,N/A,38.61,180,[],2017-09-15T05:00:00,1833,1,2,0.0,Riverine,23198,0915_1510_2,"Debris line marked with painted stake on south side of road, approximately 10' west of the western levee.",,4,2,0.3,,,29.918794,-94.691962,7,5887,22093,1.0,2017-10-06T05:00:00,1760,0.1,6,2,Canal
9103,Left,94.7,180,[],2017-09-15T05:00:00,1602,1,2,0.0,Riverine,23370,0915_1800_02,"Stake in ground on left bank, downstream edge of culvert grate. Marked with paint and flagging.",,4,2,0.4,,,30.60945,-93.88522,7,5869,22178,1.0,2017-09-28T05:00:00,1645,0.183,6,2,Slaydons  Creek
9321,N/A,44.44,180,[],2017-09-20T05:00:00,1834,1,2,2.01,Riverine,24542,0920_1624_2,"Nail in large tree with vines on left bank ~110ft from the channel b/w Leftingwell and Hirsch on east side of opening running perpendicular to the channel.  ~100ft DS of mark 1. Marked with orange flagging, paint and a stake.",,1,5,0.01,,,29.80705,-95.32895,5,5994,22785,1.0,2017-10-05T05:00:00,1770,0.04,2,2,Buffalo Bayou
9680,N/A,103.087,180,[],2017-09-10T05:00:00,1834,1,2,8.11,Riverine,24238,0909_1530_1,wash line along wall of building,,5,5,0.5,,,30.178452,-95.366393,,6457,22640,1.0,2017-09-10T05:00:00,1834,0.1,6,2,San Jacinto River
9106,N/A,7.72,180,[],2017-09-14T05:00:00,1760,1,2,6.2,Riverine,23098,0914_0745_1,"Cow Bayou & Hwy 87, NE end of Bridge, under bridge deck",level III,1,5,0.0,,,30.04586,-93.82016,4,5871,22036,1.0,2017-09-26T05:00:00,13,0.13,6,2,Lower Sabine
9326,N/A,27.85,180,[],2017-09-12T05:00:00,1776,1,2,6.7,Riverine,22463,0912_1637_1,Distinct mudline marked with tape on south embankment of road. Located in treeline approximately 200 feet to the east of Texaco road.,,4,1,0.4,,,30.057068,-94.82917,2,,21713,1.0,2017-10-06T05:00:00,1770,0.04,6,2,Drainage ditch
9173,N/A,244.816,180,[],2017-09-14T05:00:00,1762,1,2,0.0,Riverine,23560,0914_1155_1,ORANGE PAINT LINE ON LEFT UPSTREAM APRON. BOTTOM OF PAINT LINE MARKS MUD LINE,,1,1,0.03,,,30.70272,-94.84041,3,5910,22260,1.0,2017-09-19T05:00:00,1770,0.022966,6,2,unknown
8162,Left,162.43,180,[],2017-09-13T05:00:00,1822,1,2,0.0,Riverine,22831,1400,Cut in sand on left bank about 40 feet down stream about eye level from roadway,,3,1,,,,29.32699,-96.76865,6,5393,21896,1.0,2017-09-18T05:00:00,1839,0.0004,6,1,Sandies creek
9728,N/A,27.7,180,[],2017-09-14T05:00:00,1760,1,2,4.05,Riverine,23447,0914_1545_1,"USGS plastic marker on business chain-link fence N side of Texla Rd, right of entrance gate to Platinum Construction and Fabrication.",level III,4,2,0.4,,,30.21893,-93.91183,4,6252,22208,1.0,2017-09-27T05:00:00,13,0.24,6,2,Gum Slough to Cow Bayou and Sabine River
10696,N/A,9.33,180,[],2017-09-07T05:00:00,1521,1,4,0.76,Riverine,21553,LC-JKN2-004,"2705 E General Wainwright,Good Seed line on concrete block in Back yard w/ sharpie",,2,5,,,,30.20481,-93.17183,4,6946,21121,1.0,2017-09-10T05:00:00,1521,,6,2,Calcasieu River
9174,N/A,244.446,180,[],2017-09-14T05:00:00,1762,1,2,0.0,Riverine,23561,0914_1155_2,ORANGE PAINT LINE ON RIGHT DOWNSTREAM APRON. BOTTOM OF PAINT LINE MARKS MUD LINE.,,1,1,0.03,,,30.70272,-94.84041,3,5910,22260,1.0,2017-09-19T05:00:00,1770,0.022966,6,2,unknown
8926,Right,15.75,180,[],2017-09-10T05:00:00,1786,6,2,0.0,Riverine,21957,0910_0949,Between bridge spans,,3,1,0.2,,,29.63386,-95.11448,8,5773,21387,1.0,2017-09-10T05:00:00,1786,0.17,6,2,Armand Bayou
9107,N/A,82.31,180,[],2017-10-05T05:00:00,1760,6,2,5.02,Riverine,25683,1005_1200_01,mud line on bush/tree on East side of Sabine River,,3,1,0.2,,,30.844218,-93.567081,8,5873,23436,1.0,2017-10-05T05:00:00,1760,0.344,6,2,Sabine River
9108,N/A,117.474,180,[],2017-10-05T05:00:00,1760,6,2,0.0,Riverine,25684,1005_0930_01,"debris snag on fence, north side of FM 2626",,3,2,0.2,,,30.826125,-93.651005,8,5874,23437,1.0,2017-10-05T05:00:00,1760,0.344,6,2,Sabine River
9414,N/A,100.8,180,[],2017-09-20T05:00:00,900,1,2,0.0,Riverine,23914,HWM2,~300 ft north of Bristol Road; on west side of Winner Foster Road near river,level 3 survey; field readings 100.803; +0.03' GNSS adjustment,3,2,0.2,,,29.64962,-95.84928,8,6060,20864,1.0,2017-09-20T05:00:00,900,0.1,6,2,Flewellen Creek
9501,N/A,155.022,180,[],2017-09-09T05:00:00,1762,1,2,5.33,Riverine,22414,0909_1302_1,"Lat 29.51400 -96.38697
Mark on telephone pole on north side of road.",,5,2,0.5,,,29.514,-96.38697,5,6406,21681,1.0,2017-10-09T05:00:00,1645,0.052,6,2,unknown
9826,N/A,41.5,180,[],2017-09-09T04:00:00,1760,1,2,7.3,Riverine,22023,0909_1240_2,Seed line on the downstream end of the bridge,level 4 survey; field readings RTK 42.618-1.12 TD,1,5,0.02,,,29.42831,-95.25569,2,6515,21418,1.0,2017-09-18T04:00:00,900,0.5,6,2,Unknown
9415,N/A,99.1,180,[],2017-09-20T05:00:00,900,1,2,,Riverine,23915,HWM3,~300 ft north of Bristol Road; on west side of Winner Foster Road near river,level 3 survey; field readings RTK 96.192+2.89 TU; +0.03' GNSS adjustment,4,1,0.4,,,29.64962,-95.84928,,6060,20864,1.0,2017-09-20T05:00:00,900,0.1,6,2,Flewellen Creek
10697,N/A,9.29,180,[],2017-09-07T05:00:00,1521,1,4,0.77,Riverine,21554,LC-JKN2-005,"Kayouchee Coulee Creek, 2710 E General Wainwright",,1,5,,,,30.20494,-93.1719,6,6947,21122,1.0,2017-09-10T05:00:00,1521,,6,2,Calcasieu River
8536,Left,9.36,180,[],2017-09-05T05:00:00,1786,6,2,0.0,Riverine,21070,0905_1313,Behind post office,,3,2,0.2,,,28.83548,-95.66519,8,5559,20790,1.0,2017-09-05T05:00:00,1786,0.19,6,2,Caney Creek
9504,N/A,154.4,180,[],2017-09-09T05:00:00,1762,1,2,4.0,Riverine,22415,0909_1302_2,"Lat 29.51465 Long -96.38403
Mark on telephone pole on north side of road.",,5,2,0.5,,,29.514,-96.38697,5,6406,21681,1.0,2017-10-09T05:00:00,1645,0.052,6,2,unknown
8537,Left,9.32,180,[],2017-09-05T05:00:00,1786,6,2,0.0,Riverine,21071,0905_1314,Behind post office,,3,2,0.2,,,28.83557,-95.6652,8,5559,20790,1.0,2017-09-05T05:00:00,1786,0.18,6,2,Caney Creek
9019,N/A,186.24,180,[],2017-09-17T05:00:00,1760,1,2,1.2,Riverine,23562,0917_0830_1,"USGS metal survey marker on small tree along private fence, right bank, downstream (South) side of road.",,4,2,0.4,,,30.9175,-94.04308,4,5820,22261,1.0,2017-09-19T05:00:00,1722,0.1523,6,2,Sandy Creek
9506,N/A,142.504,180,[],2017-09-09T05:00:00,1762,1,2,6.0,Riverine,22416,0909_1330_1,"Lat 29.45055 Long -96.35009
Marker located on tree at corner of Foote Lane and FM 2614 behind",,5,2,0.5,,,29.45055,-96.35009,5,6113,21682,1.0,2017-10-09T05:00:00,1645,0.052,6,2,unknown
8538,Left,9.29,180,[],2017-09-05T05:00:00,1786,6,2,0.0,Riverine,21072,0905_1315,Behind post office,,3,2,0.2,,,28.83573,-95.66519,8,5559,20790,1.0,2017-09-05T05:00:00,1786,0.2,6,2,Caney Creek
8833,N/A,39.154,180,[],2017-09-07T05:00:00,1760,1,2,0.0,Coastal,21615,0907_1430_1,"Paint mark, downstream side of bridge, left bank.",,3,1,0.2,,,28.91874,-96.45702,3,5717,21160,1.0,2017-09-09T05:00:00,1787,0.013205,6,2,Gulf of America
8482,Right,14.86,180,[],2017-09-10T07:00:00,1786,6,2,0.0,Riverine,21960,0910_1013,Downstream from bridge,,4,2,,,,29.59146,-95.12842,8,5539,4341,1.0,2017-09-10T07:00:00,1786,0.15,6,2,Horsepen Bayou
10699,N/A,9.36,180,[],2017-09-07T05:00:00,1521,1,4,0.55,Riverine,21556,LC-JKN2-006A,Seed line under carport,,1,5,,,,30.206445,-93.17519,4,6948,21124,1.0,2017-09-10T05:00:00,1521,9.36,5,2,Calcasieu River
7557,N/A,6.98,180,[],2017-09-04T05:00:00,1762,1,2,0.0,Coastal,21245,0904_1445_1,"150 FT TO THE LEFT OF CAMEL SIGN, 100 FT TO RIGHT OF BLUE GAZEBOS, NEAR SPEED LIMIT SIGN. MARKED WITH FLAG, PAINT, AND TAPE.",Avg of 2 HWM,2,2,,,,28.534832,-96.514361,7,5133,20846,1.0,2017-09-08T05:00:00,1770,0.085302,6,2,unknown
9041,N/A,37.42,180,[],2017-09-15T05:00:00,1602,1,2,3.22,Riverine,23205,0915_0951_01,"Nail in tree on Upstream, left bank, 25 ft. from center of road. Marked with orange flagging.",,2,5,0.1,,,30.42312,-93.78407,5,5841,22097,1.0,2017-10-04T05:00:00,1760,0.256,6,2,Nichols Creek
8835,N/A,14.986,180,[],2017-09-07T05:00:00,1760,1,2,3.4,Riverine,21621,0907_1515_2,"Paint mark, left bank end of bridge, downstream side of bridge, under bridge deck on I-beam.",,1,5,0.0,,,28.8458,-96.41148,3,5718,21162,1.0,2017-09-09T05:00:00,1787,0.013205,6,2,West Carancahua Creek
8544,Right,15.71,180,[],2017-09-05T05:00:00,1786,6,2,0.0,Riverine,21078,0905_1357,Downstream from bridge,,2,8,0.1,,,28.91831,-95.69294,8,5561,20792,1.0,2017-09-05T05:00:00,1786,0.31,6,2,Caney Creek
8483,Right,14.55,180,[],2017-09-10T07:00:00,1786,6,2,0.0,Riverine,21961,0910_1014,Downstream from bridge,,4,2,,,,29.59148,-95.12845,8,5539,4341,1.0,2017-09-10T07:00:00,1786,0.09,6,2,Horsepen Bayou
8545,Left,25.21,180,[],2017-09-05T05:00:00,1786,6,2,0.0,Riverine,21079,0905_1416,Upstream from bridge,,3,5,0.2,,,28.93841,-95.73642,8,5562,20793,1.0,2017-09-05T05:00:00,1786,0.13,6,2,Caney Creek
8547,Left,24.96,180,[],2017-09-05T05:00:00,1786,6,2,0.0,Riverine,21081,0905_1419,Upstream from bridge,,3,2,0.2,,,28.93844,-95.73654,8,5562,20793,1.0,2017-09-05T05:00:00,1786,0.15,6,2,Caney Creek
9510,N/A,131.514,180,[],2017-09-09T05:00:00,1762,1,2,5.13,Riverine,22418,0909_1606_1,"Lat 29.38680 Long -96.29864
Located on telephone pole on east side of road.",,5,1,0.5,,,29.3868,-96.29864,5,6407,21683,1.0,2017-10-08T05:00:00,1645,0.302,6,2,unknown
8549,Right,33.67,180,[],2017-09-05T05:00:00,1786,6,2,3.35,Riverine,21083,0905_1444,Downstream side of bridge,,3,5,0.2,,,28.96052,-95.8243,8,5563,20794,1.0,2017-09-05T05:00:00,1786,0.34,6,2,Caney Creek
8930,Right,16.51,180,[],2017-09-10T05:00:00,1786,6,2,0.0,Riverine,21963,0910_1042,,,3,2,0.2,,,29.58322,-95.1037,8,5775,21392,1.0,2017-09-10T05:00:00,1786,0.18,6,2,Horsepen Bayou
9643,N/A,51.413,180,[],2017-09-08T05:00:00,1762,1,2,2.03,Riverine,22842,0908_1645_2,"Lat 29.688885
Long -95.436128
seed line along garage of residence",Survey uncertainty input by GRH while inputting data into STN.,2,5,0.1,,,29.688885,-95.436128,8,6447,21898,1.0,2017-09-08T05:00:00,1762,0.13,6,2,unknown
9511,N/A,132.846,180,[],2017-09-09T05:00:00,1762,1,2,5.12,Riverine,22419,0909_1606_2,"Lat 29.38901 Long -96.29745
Located on large oak tree on east side of road.",,5,1,0.5,,,29.38901,-96.29745,5,6407,21683,1.0,2017-10-08T05:00:00,1645,0.302,6,2,unknown
8550,N/A,45.52,180,[],2017-09-05T05:00:00,1786,6,2,0.0,Riverine,21084,0905_1543,"On road, could be affected by traffic",,4,2,0.4,,,29.02643,-95.89453,8,5564,20795,1.0,2017-09-05T05:00:00,1786,0.16,6,2,Caney Creek
9052,Right,36.29,180,[],2017-09-15T05:00:00,1602,1,2,4.58,Riverine,23207,0915_0951_02,"Nail in tree, downstream, right bank. 50 ft downstream of beginning of guardrail. Marked with orange flagging.",,2,5,0.1,,,30.4223,-93.78573,5,5841,22097,1.0,2017-10-04T05:00:00,1760,0.256,6,2,Nichols Creek
8551,N/A,45.6,180,[],2017-09-05T05:00:00,1786,6,2,0.0,Riverine,21085,0905_1544,"On road, could be affected by traffic.",,4,2,0.4,,,29.02633,-95.8944,8,5564,20795,1.0,2017-09-05T05:00:00,1786,0.11,6,2,Caney Creek
9668,Left,169.5,180,[],2017-09-12T05:00:00,1772,2,2,3.46,Riverine,22420,0912_0758,Debris line on fence,,4,2,0.4,,,30.02246,-95.72477,8,6204,21684,1.0,2017-09-12T05:00:00,1772,0.0468,7,2,Little Cypress Cr
8552,Left,44.59,180,[],2017-09-05T05:00:00,1786,6,2,0.0,Riverine,21086,0905_1601,Downstream side bridge,,2,5,0.1,,,29.04193,-95.86344,8,5565,20796,1.0,2017-09-05T05:00:00,1786,0.13,6,2,Caney Creek
8553,Left,44.57,180,[],2017-09-05T05:00:00,1786,6,2,0.0,Riverine,21087,0905_1602,Downstream side bridge,,2,5,0.1,,,29.04196,-95.86339,8,5565,20796,1.0,2017-09-05T05:00:00,1786,0.12,6,2,Caney Creek
8419,Right,56.49,180,[],2017-09-08T05:00:00,1791,1,2,0.0,Riverine,21564,21131 RBHWM,200 ft N of road,river right,3,2,0.2,,,30.00055,-95.15881,6,5503,21131,1.0,2017-09-21T05:00:00,1840,0.07,6,2,Tributary to Lake Houston
8555,Left,63.7,180,[],2017-09-05T05:00:00,1786,6,2,0.0,Riverine,21089,0905_1630,Behind post office,,3,2,0.2,,,29.18222,-95.90906,8,5566,20797,1.0,2017-09-05T05:00:00,1786,0.09,6,2,Caney Creek
8556,Left,63.66,180,[],2017-09-05T05:00:00,1786,6,2,0.0,Riverine,21090,0905_1631,Behind post office,,3,2,0.2,,,29.18221,-95.90909,8,5566,20797,1.0,2017-09-05T05:00:00,1786,0.11,6,2,Caney Creek
8557,Left,69.24,180,[],2017-09-05T05:00:00,1786,6,2,0.0,Riverine,21091,0905_1645,,,4,2,0.4,,,29.2241,-95.91698,8,5567,20798,1.0,2017-09-05T05:00:00,1786,0.12,6,2,Caney Creek
8558,Left,68.61,180,[],2017-09-05T05:00:00,1786,6,2,0.0,Riverine,21092,0905_1646,,,4,2,0.4,,,29.22408,-95.91699,8,5567,20798,1.0,2017-09-05T05:00:00,1786,0.1,6,2,Caney Creek
8933,Left,10.34,180,[],2017-09-10T05:00:00,1786,6,2,5.8,Riverine,21966,0910_1111,On picnic shelter,,2,5,0.1,,,29.59536,-95.08927,8,5777,21393,1.0,2017-09-10T05:00:00,1786,0.11,6,2,Armand Bayou
9669,Right,169.53,180,[],2017-09-12T05:00:00,1772,2,2,0.0,Riverine,22421,0912_0811,Mud lline on bridge wing wall,,4,6,0.4,,,30.02148,-95.72518,8,6204,21684,1.0,2017-09-12T05:00:00,1772,0.0398,7,2,Little Cypress Cr
8561,N/A,79.07,180,[],2017-09-05T05:00:00,1786,6,2,0.0,Riverine,21093,0905_1700,,,4,2,0.4,,,29.26449,-95.93885,8,5569,20799,1.0,2017-09-05T05:00:00,1786,0.11,6,2,Caney Creek
9673,Right,137.05,180,[],2017-09-12T05:00:00,1772,2,2,2.75,Riverine,22423,0912_0938,Debris line in chain link fence,,4,2,0.4,,,29.94522,-95.65133,8,6207,21686,1.0,2017-09-12T05:00:00,1772,0.0388,7,2,Cypress cr
8935,Left,4.81,180,[],2017-09-10T05:00:00,1786,6,2,0.0,Riverine,21971,0910_1137,On sidewalk,,4,1,0.4,,,29.56634,-95.06994,8,5779,21395,1.0,2017-09-10T05:00:00,1786,0.09,6,2,Armand Bayou
8936,Left,4.69,180,[],2017-09-10T05:00:00,1786,6,2,0.0,Riverine,21972,0910_1138,On sidewalk,,4,1,0.4,,,29.56596,-95.06979,8,5779,21395,1.0,2017-09-10T05:00:00,1786,0.08,6,2,Armand Bayou
9676,Right,136.29,180,[],2017-09-12T05:00:00,1772,2,2,5.55,Riverine,22424,0912_1009,Seed line on park gate,,4,5,0.4,,,29.9522,-95.64955,8,6209,21687,1.0,2017-09-12T05:00:00,1772,0.075,7,2,Cypress Cr
9677,N/A,136.8,180,[],2017-09-12T05:00:00,1772,2,2,0.0,Riverine,22425,0912_1014,"Debris line on bank, HWM stick with flagging",,2,2,0.1,,,29.95327,-95.64882,7,6209,21687,1.0,2017-09-12T05:00:00,1772,0.0451,7,2,Cypress Cr
8423,N/A,52.51,180,[],2017-09-08T05:00:00,1791,1,2,0.5,Riverine,21577,0908_1520_1,Tree near end of yellow fence,,3,1,0.2,,,29.9456,-95.139,6,5506,21137,1.0,2017-09-21T05:00:00,1840,0.1,6,2,Lake Houston
9682,N/A,141.81,180,[],2017-09-12T05:00:00,1772,2,2,0.0,Riverine,22426,0912_1044,cut line in tree mulch,,4,9,0.4,,,29.9725,-95.66294,8,6213,21688,1.0,2017-09-12T05:00:00,1772,0.0422,7,2,Cypress Creek
9474,N/A,76.483,180,[],2017-09-06T05:00:00,1762,1,2,1.62,Riverine,21977,0906_1015_2,"Seedline on both the trash bin, and telephone poll",,1,5,0.01,,,29.58611,-95.68077,2,6401,21396,1.0,2017-10-11T05:00:00,1645,0.023,6,2,unknown
9686,Left,145.06,180,[],2017-09-12T05:00:00,1772,2,2,5.3,Riverine,22427,0912_1107,debris on chain link fence,,4,2,0.4,,,29.99092,-95.65353,8,6217,21691,1.0,2017-09-12T05:00:00,1772,0.0469,7,2,Little Cypress Cr
9691,Left,145.56,180,[],2017-09-12T05:00:00,1772,2,2,0.0,Riverine,22428,0912_1122,debris on bridge,,4,2,0.4,,,29.98862,-95.6538,8,,21691,0.0,2017-09-12T05:00:00,1772,0.0422,7,2,Little Cypress Cr
8941,N/A,6.57,180,[],2017-09-10T05:00:00,1786,6,2,0.0,Coastal,21979,0910_1205,,,4,2,0.4,,,29.54595,-95.01679,8,5781,21397,1.0,2017-09-10T05:00:00,1786,0.11,6,2,Trinity Bay
8479,N/A,86.893,180,[],2017-09-05T05:00:00,1762,1,2,0.0,Riverine,21584,0905_1430_1,South of the front door of the vacant house (1202),,1,1,0.04,,,29.6113,-95.7819,4,5538,21141,1.0,2017-10-07T05:00:00,1770,0.19,6,2,unknown
8942,N/A,7.33,180,[],2017-09-10T05:00:00,1786,6,2,0.0,Coastal,21980,0910_1207,,,4,2,0.4,,,29.54595,-95.01671,8,5781,21397,1.0,2017-09-10T05:00:00,1786,0.09,6,2,Trinity Bay
9694,Right,142.94,180,[],2017-09-12T05:00:00,1772,2,2,0.0,Riverine,22429,0912_1151,debris line on bank,,4,2,0.4,,,30.00911,-95.62327,8,6220,21692,1.0,2017-09-12T05:00:00,1772,0.046,7,2,Faulkey Gully
8627,Left,15.85,180,[],2017-09-08T05:00:00,1786,6,2,0.0,Riverine,21586,0908_0829,Downstream side of road,,3,2,0.2,,,29.01177,-95.58309,8,5600,21142,1.0,2017-09-08T05:00:00,1786,0.15,6,2,San Bernard River
9697,N/A,133.93,180,[],2017-09-12T05:00:00,1772,2,2,0.0,Riverine,22430,0912_1318,"top of debris pile, cut line",,4,9,0.4,,,30.01453,-95.57813,8,6223,21693,1.0,2017-09-12T05:00:00,1772,0.0571,7,2,Cypress Creek
8945,N/A,7.76,180,[],2017-09-10T05:00:00,1786,6,2,0.0,Coastal,21985,0910_1233,Cut line in gravel pile,,3,9,0.2,,,29.54125,-95.03142,8,5783,21398,1.0,2017-09-10T05:00:00,1786,0.09,6,2,Clear Lake
8630,Right,24.69,180,[],2017-09-08T05:00:00,1786,6,2,1.8,Riverine,21591,0908_0905,Downstream side of bridge,,2,5,0.1,,,29.0785,-95.68328,8,5601,21145,1.0,2017-09-08T05:00:00,1786,0.1,6,2,San Bernard River
9700,N/A,123.29,180,[],2017-09-12T05:00:00,1772,2,2,0.0,Riverine,22431,0912_1339,cut line,,3,2,0.2,,,29.98767,-95.56861,8,6225,21694,1.0,2017-09-12T05:00:00,1772,0.0471,7,2,Marshall Lake
8632,Right,19.37,180,[],2017-09-08T05:00:00,1786,6,2,0.0,Riverine,21593,0908_0929,,,4,1,0.4,,,29.05259,-95.68072,8,5602,21147,1.0,2017-09-08T05:00:00,1786,0.12,6,2,San Bernard River
8633,Right,18.93,180,[],2017-09-08T05:00:00,1786,6,2,0.0,Riverine,21595,0908_0945,,,4,2,0.4,,,29.04165,-95.64926,8,5603,21148,1.0,2017-09-08T05:00:00,1786,0.13,6,2,San Bernard River
8636,N/A,30.92,180,[],2017-09-08T05:00:00,1786,6,2,0.0,Riverine,21599,0908_1018,,,3,2,0.2,,,29.11243,-95.70771,8,5604,21149,1.0,2017-09-08T05:00:00,1786,0.19,6,2,San Bernard
8638,Left,40.75,180,[],2017-09-08T05:00:00,1786,6,2,0.0,Riverine,21602,0908_1037,Downstream from bridge.,,4,2,0.4,,,29.1606,-95.76479,8,5605,21152,1.0,2017-09-08T05:00:00,1786,0.07,6,2,San Bernard River
8639,Right,32.53,180,[],2017-09-08T05:00:00,1786,6,2,0.0,Riverine,21603,0908_1048,Upstream from bridge,,4,2,0.4,,,29.15128,-95.71626,8,5606,21153,1.0,2017-09-08T05:00:00,1786,0.09,6,2,Mound Creek
8640,Right,32.47,180,[],2017-09-08T05:00:00,1786,6,2,0.0,Riverine,21604,0908_1049,Upstream from bridge,,4,2,0.4,,,29.15128,-95.71629,8,5606,21153,1.0,2017-09-08T05:00:00,1786,0.07,6,2,Mound Creek
8947,Right,5.74,180,[],2017-09-10T05:00:00,1786,6,2,0.0,Riverine,21993,0910_1319,Two shots on same mark on bridge abutment. Had to extend out to get GPS signal,,4,1,0.4,,,29.53358,-95.09493,8,5784,21405,1.0,2017-09-10T05:00:00,1786,0.14,6,2,Clear Creek
8641,Right,40.43,180,[],2017-09-08T05:00:00,1786,6,2,3.55,Riverine,21606,0908_1104,"Upstream side of road, on telephone pole",,2,5,0.1,,,29.18741,-95.72592,8,5607,21155,1.0,2017-09-08T05:00:00,1786,0.05,6,2,San Bernard River
8948,Right,5.82,180,[],2017-09-10T05:00:00,1786,6,2,0.0,Riverine,21995,0910_1320,Two shots on same mark on bridge abutment. Had to extend out to get GPS signal,,4,1,0.4,,,29.53358,-95.09492,8,5784,21405,1.0,2017-09-10T05:00:00,1786,0.15,6,2,Clear Creek
9457,N/A,55.374,180,[],2017-09-06T05:00:00,1762,1,2,7.2,Riverine,21994,0906_1340_2,A seed line can be found on the concrete bottom of the bridge near the end of the structure.,,1,5,0.02,,,29.4865,-95.6095,2,6080,21404,1.0,2017-10-11T05:00:00,1645,0.023,2,2,unknown
9950,N/A,9.8,180,[],2017-09-21T05:00:00,1833,1,2,3.05,Riverine,22839,0914_1005_1,Seed line on post,flagged line from second peak,2,5,0.1,,,29.835111,-94.194289,8,6370,21897,1.0,2017-09-21T05:00:00,1837,0.16,6,2,Unknown
8642,Right,40.5,180,[],2017-09-08T05:00:00,1786,6,2,3.15,Riverine,21608,0908_1103,Upstream side of road on fence post,,2,5,0.1,,,29.18738,-95.72597,8,5607,21155,1.0,2017-09-08T05:00:00,1786,0.07,6,2,San Bernard
10131,Left,92.235,180,[],2017-09-23T05:00:00,1853,1,2,4.95,Riverine,24834,09-23-1817-1,Debris on Left bank fence,,4,2,0.4,,,28.93428,-96.9234,7,6594,22880,1.0,2017-09-23T05:00:00,1853,0.036,6,2,Riverine
10144,Right,20.284,180,[],2017-09-23T05:00:00,1853,1,2,3.84,Riverine,25162,09-23-1044-3,Seed line on large hackberry tree at fenceline 350' from channel. on right bank upstream of bridge.,,4,5,0.4,,,28.82848,-96.74197,3,6598,23170,1.0,2017-09-23T05:00:00,1853,0.036,6,2,Riverine
8954,Left,7.8,180,[],2017-09-10T05:00:00,1786,6,2,0.0,Riverine,22000,0910_1332,Behind Lockheed Martin,,4,2,0.4,,,29.5479,-95.08436,8,5787,21406,1.0,2017-09-10T05:00:00,1786,0.042651,6,2,Clear Lake
10166,N/A,298.102,180,[],2017-09-25T05:00:00,1853,1,2,3.8,Riverine,25343,09-25-1750-1,Debris line on large in park.,,4,2,0.4,,,30.02136,-97.14353,7,6607,23228,1.0,2017-09-25T05:00:00,1853,0.236,6,2,Riverine
10168,N/A,298.998,180,[],2017-09-25T05:00:00,1853,1,2,4.02,Riverine,25345,09-25-1750-3,seed line on bathroom door in park,The tree debris came up as we were measuring,3,5,0.2,,,30.02195,-97.14287,3,6607,23228,1.0,2017-09-25T05:00:00,1853,0.236,6,2,Riverine
10170,Right,301.656,180,[],2017-09-26T05:00:00,1853,1,2,0.0,Riverine,25354,09-26-0743-1,Debris line on right bank at about 100' from Right edge of water. Most downstream site of both marks,,4,2,0.4,,,30.01272,-97.15749,3,6608,23237,1.0,2017-09-26T05:00:00,1853,0.236,6,2,Riverine
9586,Right,88.45,180,[],2017-09-11T05:00:00,1834,1,2,2.85,Riverine,23041,0911_1621_2,Located on north side of road on telephone pole in across road from  4606 Baldwin Dr.-visible from road,,5,5,0.5,,,29.40837,-95.97934,5,6429,22006,1.0,2017-09-29T05:00:00,1854,0.115,6,2,San Bernard River
10213,Right,19.462,180,[],2017-09-24T05:00:00,1854,1,2,0.0,Riverine,25259,09-24-1243-2,Debris line in the grass on the right bank about 80 down stream of the CSG.,,2,2,0.1,,,28.7878,-95.99624,3,6622,23201,1.0,2017-10-03T05:00:00,1854,1.8,6,4,Colorado River
9481,Right,283.89,180,[],2017-09-10T05:00:00,1791,1,2,4.0,Riverine,21892,0910_0830_1,"USGS disk marker placed on fence post on right bank of Ponds Crk, upstream side of FM 1488, 100 ft east of ranch entrance",,2,5,0.1,,,30.13311,-95.96921,6,6098,21357,1.0,2017-09-30T05:00:00,1854,0.141,6,2,Ponds Creek
10094,Left,8.5,180,[],2017-09-04T05:00:00,1762,1,2,0.0,Riverine,21155,0904_1800_1,"Downsteam side of bridge, left bank.",,2,2,0.1,,,28.59208,-96.64452,7,5141,20857,1.0,2017-09-08T05:00:00,1770,0.095144,6,2,unknown
8425,Left,62.53,180,[],2017-09-08T05:00:00,1791,1,2,0.0,Riverine,21617,0908_1715_2,WASH LINE - On concrete about 10 ft US of bridge on left.,,3,2,0.2,,,30.05693,-95.20065,3,5507,21158,1.0,2017-09-21T05:00:00,1840,0.06,6,2,Unnamed Tributary to San Jacinto River
8646,N/A,72.58,180,[],2017-09-08T05:00:00,1786,6,2,2.2,Riverine,21618,0908_1239,,,2,5,0.1,,,29.28894,-95.91756,8,5610,21161,1.0,2017-09-08T05:00:00,1786,0.18,6,2,Caney Creek
9815,N/A,67.8,180,[],2017-09-09T04:00:00,1760,1,2,2.85,Riverine,22015,0909_1120_2,Seed line near the bank on the bridge. Also facing upstream,"level 4 survey; field readings RTK 68.903-1.10 TD (tape missing, meas approx location)",1,5,0.02,,,29.54663,-95.46292,2,6512,21414,1.0,2017-09-18T04:00:00,900,0.5,6,2,Unknown
8647,N/A,72.79,180,[],2017-09-08T05:00:00,1786,6,2,3.75,Riverine,21619,0908_1240,,Many homes flooded in this area.,2,5,0.1,,,29.28895,-95.91754,8,5610,21161,1.0,2017-09-08T05:00:00,1786,0.12,6,2,Caney Creek
9539,N/A,135.177,180,[],2017-09-11T05:00:00,1834,1,2,3.75,Riverine,22848,0911_0831_1,"Wash line, East side (LB) of bridge on downstream side.",,5,9,0.5,,,29.55063,-96.19876,3,6414,21902,1.0,2017-09-28T05:00:00,1854,0.115,6,2,San Bernard River
8648,Left,49.15,180,[],2017-09-08T05:00:00,1786,6,2,0.0,Riverine,21623,0908_1350,,,4,2,0.4,,,29.29371,-95.65367,8,5611,21165,1.0,2017-09-08T05:00:00,1786,0.05,6,2,Cow Creek
8838,Right,22.484,180,[],2017-09-07T05:00:00,1760,1,2,0.0,Riverine,21626,0907_1630_2,"Paint mark on concrete apron on right bank, immediately upstream of bridge.",,2,1,0.1,,,28.86353,-96.28458,3,5719,21166,1.0,2017-09-09T05:00:00,1787,0.013205,6,2,East Carancahua Creek
10181,Right,288.895,180,[],2017-09-25T05:00:00,1853,1,2,0.0,Riverine,25449,09-25-1153-3,Debris on ground,,4,2,0.4,,,29.96951,-97.0754,3,6614,23276,1.0,2015-09-25T05:00:00,1853,0.236,6,2,Riverrine
10179,N/A,301.692,180,[],2017-09-25T05:00:00,1853,1,2,0.0,Riverine,25445,09-25-1539-2,Light debris at railroad grade or south side of lake,,4,2,0.4,,,29.98776,-97.11993,4,6613,23274,1.0,2017-09-25T05:00:00,1853,0.236,6,2,Riverine
8839,N/A,9.641,180,[],2017-09-07T05:00:00,1760,1,2,0.0,Riverine,21627,0907_1715_1,Orange painted stake on right bank upstream side of bridge near wire fence.,,2,2,0.1,,,28.82146,-96.34699,7,5720,21167,1.0,2017-09-09T05:00:00,1787,0.013205,6,2,East Carancahua Creek
7566,N/A,8.586,180,[],2017-09-04T05:00:00,1762,1,2,0.0,Coastal,21159,0904_1740_1,"75 FT FROM BOAT RAMP, MARKED WITH FLAG, PAINT, AND TAPE",,2,2,,,,28.578457,-96.650356,7,5140,20856,1.0,2017-09-08T05:00:00,1770,0.085302,6,2,unknown
9893,Right,78.749,180,[],2017-09-12T05:00:00,330,1,2,0.9,Riverine,22447,0912_0850_1,"SEED LINE ON TELEPHONE POLE, 30FT NORTH OF 2100 MCGAGER DRIVE MAILBOX",GNSS survey to TBM and ran levels to HWM,4,5,,,,30.13919,-95.13744,,6524,21704,1.0,2017-09-19T05:00:00,1841,0.0235,2,2,East Fork San Jacinto river
9542,N/A,135.155,180,[],2017-09-11T05:00:00,1834,1,2,4.7,Riverine,22850,0911_0831_2,"Wash line, West side (RB) of bridge on downstream side.",,5,9,0.5,,,29.55063,-96.19876,3,6414,21902,1.0,2017-09-28T05:00:00,1854,0.115,6,2,San Bernard River
8650,Right,49.47,180,[],2017-09-08T05:00:00,1786,6,2,3.65,Riverine,21628,0908_1405,Upstream from bridge on mailbox,,2,5,0.1,,,29.32049,-95.61387,8,5612,21168,1.0,2017-09-08T05:00:00,1786,0.13,6,2,Cow Creek
8651,Right,49.65,180,[],2017-09-08T05:00:00,1786,6,2,5.05,Riverine,21629,0908_1407,Upstream from bridge on sign post,,2,5,0.1,,,29.32087,-95.61377,8,5612,21168,1.0,2017-09-08T05:00:00,1786,0.18,6,2,Cow Creek
9550,N/A,116.313,180,[],2017-09-29T05:00:00,1834,1,2,0.0,Riverine,22851,0911_1015_1,"Park manager present at peak, on sidewalk on western side of baseball field. Wooden stake is present.",,5,8,0.5,,,29.53578,-96.05763,7,6417,21903,1.0,2017-09-29T05:00:00,1854,0.115,6,2,San Bernard River
7565,N/A,15.207,180,[],2017-09-04T05:00:00,1762,1,2,0.0,Coastal,21161,0904_1710_1,About 25 feet from road in front of water treatment plant.,,2,2,,,,28.557954,-96.62019,7,5138,20854,1.0,2017-09-08T05:00:00,1770,0.085302,6,2,unknown
9758,N/A,12.7,180,[],2017-09-06T04:00:00,1762,1,2,7.15,Riverine,22045,0906_1920_1,Western end of the bridge. A seed line can be found taped on the concrete.,level 3 survey; field readings RTK 13.594-1.0 TD; +0.10' GNSS adjustment,1,5,0.01,,,29.1935,-95.3431,2,6490,21430,1.0,2017-09-19T04:00:00,900,0.2,6,2,unknown
9822,N/A,49.4,180,[],2017-09-09T04:00:00,1760,1,2,4.14,Riverine,22018,0909_1150_2,Seed line on the upstream end of the river on the wooden bridge,level 4 survey; field readings RTK 49.974-0.53 TD,1,5,0.02,,,29.455,-95.3149,2,6513,21416,1.0,2017-09-17T04:00:00,900,0.6,6,2,Unknown
9896,Left,95.382,180,[],2017-09-12T05:00:00,330,1,2,2.23,Riverine,22450,0912_0950_2,SEED LINE IN STORAGE UNIT 2 DOOR FRAME,GNSS survey to TBM and ran levels to HWM,2,5,,,,30.19505,-95.09574,3,6525,21705,1.0,2017-09-19T05:00:00,1841,0.0235,2,2,EAST FORK SAN JACINTO RIVER
10182,Right,288.985,180,[],2016-09-25T05:00:00,1853,1,2,4.84,Riverine,25447,09-25-1153-1,Debris on tree branch about 120' from right bank,,4,2,0.4,,,29.96955,-97.07497,7,6614,23276,1.0,2017-09-25T05:00:00,1853,0.236,6,2,Riverrine
10183,Right,287.398,180,[],2017-09-25T05:00:00,1853,1,2,1.89,Riverine,25448,09-25-1153-2,Debris on fence,,4,2,0.4,,,29.96951,-97.07524,7,6614,23276,1.0,2017-09-25T05:00:00,1853,0.236,6,2,Riverrine
8427,Left,78.69,180,[],2017-09-08T05:00:00,1791,1,2,0.0,Riverine,21630,HWM_DS_Left,"On left bridge abutment, at DS face of bridge",Matches very well with the disk found in the ground - this mark was only 5 ft away and a bit more precise.,2,5,0.1,,,30.07389,-95.23954,3,5508,21170,1.0,2017-09-21T05:00:00,1840,0.04,6,2,Ben's Branch
7561,N/A,6.285,180,[],2017-09-04T05:00:00,1762,1,2,0.15,Coastal,21192,0904_1550_2,"MUDLINE RELOCATED TO OUTSIDE ROOM 4, MARKED WITH PAINT. LOCATED ON DOOR SURROUNDING, 0.15 INCHES OFF THE GROUND.",,2,2,,,,28.553108,-96.522815,3,5135,20849,1.0,2017-09-08T05:00:00,1770,0.085302,6,2,unknown
8164,N/A,74.38,180,[],2017-09-13T05:00:00,1822,1,2,5.7,Riverine,22852,1600,Nail and mud in tree 105 yards south of gage 08164390,vertical datum to k1196 benchmark,1,1,,,,29.06509,-96.67679,6,5395,21904,1.0,2017-09-18T05:00:00,1839,0.0004,6,1,Navidad river
8836,N/A,15.023,180,[],2017-09-07T05:00:00,1760,1,2,7.7,Coastal,21622,0907_1515_3,"Paint mark, right bank end of bridge, upstream side of bridge, under bridge",,1,5,0.0,,,28.8458,-96.41148,3,5718,21162,1.0,2017-09-09T05:00:00,1787,0.013205,6,2,West Carancahua Creek
9554,N/A,115.345,180,[],2017-09-11T05:00:00,1834,1,2,1.02,Riverine,22854,0911_1048_1,"314 College St., East Bernard, TX. 
Located on telephone pole.",,5,5,0.5,,,29.52713,-96.06015,5,6418,21906,1.0,2017-09-29T05:00:00,1854,0.115,6,2,San Bernard River
9592,Left,126.23,180,[],2017-09-10T05:00:00,1772,2,2,1.95,Riverine,22019,0910_0756,debris line in chain link fence,,4,2,0.4,,,29.82303,-95.74633,8,6158,21415,1.0,2017-09-10T05:00:00,1772,0.0449,7,2,South Mayde Cr
9004,N/A,9.74,180,[],2017-09-12T05:00:00,1763,1,2,4.0,Riverine,22451,0912_1330_1,"USGS plastic marker on wire fence at driveway near tin shed, N side of Hwy 105.",level III,4,2,0.4,,,30.06987,-93.96935,4,5813,21706,1.0,2017-09-25T05:00:00,13,0.16,6,2,Lower Neches
9897,Left,98.921,180,[],2017-09-12T05:00:00,330,1,2,0.3,Riverine,22452,0912_1050_1,DEBRIS LINE IN SOUTH DITCH OF COUNTY ROAD,,4,4,,,,30.20976,-95.08741,5,6526,21707,1.0,2017-09-19T05:00:00,1841,0.0235,2,2,ORANGE BRANCH
8297,N/A,162.1,180,[],2017-09-08T05:00:00,1599,1,2,1.92,Riverine,21632,0908_1711_1,Nail and Tab in fence post on W side of CR 12 just N of intersection of CR 12B,,2,5,0.1,,,29.30619,-96.88416,6,5439,21169,1.0,2017-10-21T05:00:00,1760,0.052,6,2,Lavaca River
9422,Right,95.6,180,[],2017-09-06T04:00:00,1791,1,2,0.0,Riverine,21164,0906_1515_2,"15 ft east of bridge, North of road",level 3 survey; field readings 95.584; +0.03' GNSS adjustment,2,5,0.1,,,29.63548,-95.82276,6,6062,20866,1.0,2017-09-20T04:00:00,900,0.1,6,2,Jones Creek
9018,N/A,15.8,180,[],2017-09-12T05:00:00,1763,1,2,7.4,Riverine,22454,0912_1630_1,"Paint/sharpie mark, SE corner of tan tin building, to the left as you come through the entrance gate at Marina Rd.",Level III,1,1,0.0,,,30.09868,-94.09467,3,5819,21708,1.0,2017-09-24T05:00:00,13,0.09,6,2,Lower Neches
9646,N/A,50.44,180,[],2017-09-08T05:00:00,1762,1,2,3.68,Riverine,22856,0908_1545_1,"Lat 29.689105
Long -95.437127
seed line along wall of residence",,2,5,0.1,,,29.689105,-95.437127,8,6448,21905,1.0,2017-09-08T05:00:00,1762,0.13,6,2,unknown
8837,Left,20.972,180,[],2017-09-07T05:00:00,1760,1,2,0.0,Riverine,21624,0907_1630_1,"Paint mark on concrete apron on left bank, immediately downstream of bridge.",,2,1,0.1,,,28.86353,-96.28458,3,5719,21166,1.0,2017-09-09T05:00:00,1787,0.013205,6,2,East Carancahua Creek
9022,N/A,170.96,180,[],2017-09-17T05:00:00,1760,1,2,1.3,Riverine,23566,0917_1030_2,"Survey tape/paint on tree trunk E side of CR 3550, approx 175 ft N of HWM 0917_1030_1.",,3,2,0.2,,,30.83423,-94.33462,3,5822,22264,1.0,2017-10-04T05:00:00,1760,0.488,6,2,Little Wolf Creek
9017,N/A,15.9,180,[],2017-09-12T05:00:00,1763,1,2,7.6,Riverine,22455,0912_1630_2,"Paint/sharpie mark, SE corner of tan adobe building, to the right of the 0912_1630_1 mark, as you are looking from the entrance gate.",Level III,2,1,0.1,,,30.09824,-94.09416,3,5819,21708,1.0,2017-09-24T05:00:00,13,0.09,6,2,Lower Neches
8299,N/A,180.8,180,[],2017-09-14T05:00:00,1599,1,2,6.8,Riverine,21634,0908_1645_1,Nail and tab flagged with orange on the NE side of CR 1S in a tree just N of the bridge,High water mark was already made at this location on 09/08/2017 and found by crew visiting on 09/14/2017. Left picture taken by crew on 09/08/2017.,3,5,0.2,,,29.35063,-96.9166,6,5440,21172,1.0,2017-09-21T05:00:00,1760,0.052,6,2,Lavaca River
9109,N/A,82.33,180,[],2017-10-05T05:00:00,1760,6,2,3.28,Riverine,25688,1005_1015_01,"Debri snag on lattice work of carport, west side of residence, south of HW190",,3,2,0.2,,,30.741645,-93.655255,8,5875,23438,1.0,2017-10-05T05:00:00,1760,0.344,6,2,Caney Creek
9760,N/A,12.7,180,[],2017-09-06T04:00:00,1762,1,2,6.45,Riverine,22046,0906_1920_2,Western end of the bridge. A seed line can be found on the opposite bank. Taped on the concrete.,level 3 survey; field readings RTK 13.600-1.05 TD; +0.10' GNSS adjustment,1,2,0.01,,,29.1935,-95.3431,2,6490,21430,1.0,2017-09-19T04:00:00,900,0.2,6,2,unknown
9593,Right,125.63,180,[],2017-09-10T05:00:00,1772,2,2,0.0,Riverine,22024,0910_0803,debris line right bank grass,,4,2,0.4,,,29.82232,-95.74676,8,6158,21415,1.0,2017-09-10T05:00:00,1772,0.0509,7,2,South Mayde Cr
9766,N/A,51.95,180,[],2017-09-14T05:00:00,1772,2,2,0.92,Riverine,22954,0914_1540,debris line in chain link fence,,4,2,0.4,,,29.86889,-95.26641,8,6280,21960,1.0,2017-09-14T05:00:00,1772,0.0475,7,2,Halls Bayou
10051,N/A,12.53,180,[],2017-09-03T05:00:00,1760,1,2,0.0,Coastal,20836,0903_1330_8,CUT LINE ALONG EDGE ABOVE SHORELINE,Marked at top of cliff.  Not sure how this was a high water mark to begin with.,4,2,0.4,,,28.28769,-96.80939,7,6666,20619,1.0,2017-09-06T05:00:00,1770,0.098425,6,2,NA
9777,Left,75.97,180,[],2017-09-15T05:00:00,1772,2,2,0.0,Riverine,23132,0915_0735,debris pile,,4,2,0.4,,,29.96651,-95.3078,8,6288,22050,1.0,2017-09-15T05:00:00,1772,0.0512,7,2,Reinhardt Bayou
17880,N/A,109.012,180,[],2017-08-30T05:00:00,1767,1,2,1.8,Riverine,29143,590,"on white post at entrance of addition 
29.846791
-95.605332",,1,1,0.03,2018-08-06T16:22:38.359207,1767,29.846791,-95.605332,3,,25061,0.0,2018-05-15T05:00:00,1844,0.5,6,2,Lakes on Eldridge
17881,N/A,108.953,180,[],2017-08-30T05:00:00,1767,1,2,3.5,Riverine,29144,586,"Dirt line on light pole at 5508 Evening Shore Dr.
29.847128, -95.59905",,3,1,0.2,2018-08-06T16:40:05.938802,1767,29.847128,-95.59905,3,,25062,0.0,2018-05-15T05:00:00,1844,0.5,6,2,Lakes on Eldridge
17882,N/A,109.229,180,[],2017-08-30T05:00:00,1767,1,2,1.5,Riverine,29156,588,"5506 Evening Shore Drive. blue line on wooden fence next to Garage. 
29.847128, -95.599050",,2,5,0.1,2018-08-06T16:41:00.201046,1767,29.847128,-95.59905,3,,25062,0.0,2018-05-15T05:00:00,1844,0.5,6,2,Lakes on Eldridge
17885,N/A,42.752,180,[],2017-08-30T05:00:00,1767,1,2,3.0,Riverine,29154,578 (3),"Gray marked line on right handrail going up stairs at 578 (2)
29.762384, -95.401454",,3,5,0.2,2018-08-06T17:00:17.307084,1767,29.762384,-95.401454,3,,25070,0.0,2018-05-15T05:00:00,1844,0.5,6,2,Buffalo Bayou
17886,N/A,41.717,180,[],2017-08-30T05:00:00,1767,1,2,2.5,Riverine,29153,578 (2),"Blue marked line on left handrail going up stairs at 578 (2)
29.762384, -95.401454",,3,5,0.2,2018-08-06T17:00:48.674092,1767,29.762384,-95.401454,3,,25070,0.0,2018-05-15T05:00:00,1844,0.5,6,2,Buffalo Bayou
17883,N/A,108.883,180,[],2017-08-30T05:00:00,1767,1,2,1.8,Riverine,29146,592,"seed line of light pole
29.863403, -95.621546",,3,5,0.2,2018-08-06T16:49:55.601953,1767,29.863403,-95.621546,3,,25064,0.0,2018-05-15T05:00:00,1844,0.5,6,2,Horsepen Creek
17887,N/A,78.34,180,[],2018-06-18T05:00:00,1844,1,4,,Riverine,32527,9/9/2017,"Measured (tape down) water surface on Buffalo Bayou by USACE on Sept 9, 2018.
Measure point is chalk/paint on bridge wall near center of channel.","HWM value is elevation of water surface determined by measuring from top of bridge wall on downstream side of bridge to water surface on September 9, 2018 (Time not recorded).
Elevation of Measure Point was surveyed from USGS RM2 at station 08072600.",3,9,,2018-08-06T17:24:18.392047,1767,29.7703,-95.6433,3,,25909,0.0,2018-06-19T05:00:00,1844,0.2,2,2,Buffalo Bayou
17889,N/A,70.69,180,[],2018-06-18T05:00:00,,1,4,,Riverine,32560,9/13/2018,"Measured (tape down) water surface on Buffalo Bayou by USACE on Sept 9, 2018. Measure point is chalk/paint on bridge wall near center of channel.","HWM value is elevation of water surface determined by measuring from top of bridge wall on downstream side of bridge to water surface on September 13, 2018 (Time not recorded). Elevation of Measure Point was surveyed from USGS RM2 at station 08072600.",3,9,,2018-08-06T17:25:15.421224,1767,29.7703,-95.6433,3,,25909,0.0,2018-06-19T05:00:00,,0.2,2,2,Buffalo Bayou
17888,N/A,76.02,180,[],2018-06-26T05:00:00,,1,4,,Riverine,32549,9/10/2017,"Measured (tape down) water surface on Buffalo Bayou by USACE on Sept 10, 2018. Measure point is chalk/paint on bridge wall near center of channel.","HWM value is elevation of water surface determined by measuring from top of bridge wall on downstream side of bridge to water surface on September 10, 2018 (Time not recorded). Elevation of Measure Point was surveyed from USGS RM2 at station 08072600.",3,9,,2018-08-06T17:24:44.236248,1767,29.7703,-95.6433,3,,25909,0.0,2018-06-19T05:00:00,,0.2,2,2,Buffalo Bayou
17890,N/A,69.77,180,[],2018-06-18T05:00:00,,1,4,,Riverine,32563,9/14/2018,"Measured (tape down) water surface on Buffalo Bayou by USACE on Sept 14, 2018. Measure point is chalk/paint on bridge wall near center of channel.","HWM value is elevation of water surface determined by measuring from top of bridge wall on downstream side of bridge to water surface on September 14, 2018 (Time not recorded). Elevation of Measure Point was surveyed from USGS RM2 at station 08072600.",3,9,,2018-08-06T17:25:27.018873,1767,29.7703,-95.6433,3,,25909,0.0,2018-06-19T05:00:00,,0.2,2,2,Buffalo Bayou
17891,N/A,68.19,180,[],2018-06-18T05:00:00,,1,4,,Riverine,32565,9/15/2018,"Measured (tape down) water surface on Buffalo Bayou by USACE on Sept 15, 2018. Measure point is chalk/paint on bridge wall near center of channel.","HWM value is elevation of water surface determined by measuring from top of bridge wall on downstream side of bridge to water surface on September 15, 2018 (Time not recorded). Elevation of Measure Point was surveyed from USGS RM2 at station 08072600.",3,9,,2018-08-06T17:25:43.552332,1767,29.7703,-95.6433,3,,25909,0.0,2018-06-19T05:00:00,,0.2,2,2,Buffalo Bayou
17892,N/A,66.85,180,[],2018-06-18T05:00:00,1844,1,4,,Riverine,32566,9/16/2018,"Measured (tape down) water surface on Buffalo Bayou by USACE on Sept 16, 2018. Measure point is chalk/paint on bridge wall near center of channel.","HWM value is elevation of water surface determined by measuring from top of bridge wall on downstream side of bridge to water surface on September 19, 2018 (Time not recorded). Elevation of Measure Point was surveyed from USGS RM2 at station 08072600.",3,9,,2018-08-06T17:25:58.942853,1767,29.7703,-95.6433,3,,25909,0.0,2018-06-19T05:00:00,1844,0.2,2,2,Buffalo Bayou
17893,N/A,71.36,180,[],2018-06-27T05:00:00,,2,2,,Riverine,32665,9/9/2017,"Measured (tape down) water surface on Buffalo Bayou by USACE on Sept 9, 2018. Measure point is top of concrete roughly level with HCFCD RM 210180, near center of channel.",,3,9,,2018-08-06T17:38:18.69321,1767,29.761892,-95.606101,3,,26035,0.0,2018-06-19T05:00:00,,,2,2,Buffalo Bayou
17894,N/A,69.18,180,[],2018-06-27T05:00:00,,2,2,,Riverine,32667,9/10/2017,,,3,9,,2018-08-06T17:39:36.229752,1767,29.761892,-95.606101,3,,26035,0.0,2018-06-19T05:00:00,1767,,2,2,Buffalo Bayou
17895,N/A,61.59,180,[],2018-06-19T05:00:00,1844,2,2,,Riverine,32708,9/15/2017,"Measured (tape down) water surface on Buffalo Bayou by USACE on Sept 15, 2018. Measure point is top of concrete roughly level with HCFCD RM 210180, near center of channel.",,3,9,,2018-08-06T17:39:58.954017,1767,29.761892,-95.606101,3,,26035,0.0,2018-06-19T05:00:00,1844,,2,2,Buffalo Bayou
17896,N/A,60.26,180,[],2018-06-19T05:00:00,1844,2,2,,Riverine,32715,9/16/2017,"Measured (tape down) water surface on Buffalo Bayou by USACE on Sept 16, 2018. Measure point is top of concrete roughly level with HCFCD RM 210180, near center of channel.",,3,9,,2018-08-06T17:40:17.52241,1767,29.761892,-95.606101,3,,26035,0.0,2018-06-19T05:00:00,1844,,2,2,Buffalo Bayou
17932,N/A,63.76,180,[],2018-06-18T05:00:00,1844,6,2,,Riverine,32787,9/10/2017,"Measured (tape down) water surface on Buffalo Bayou by USACE on Sept 10, 2017. Measure point is on downstream side of bridge, near center of channel on top of concrete wall.",Surveyed elevation is surveyed measure point (72.674') minus tape down to water surface on 9/10/2017.,3,9,,2018-08-06T18:13:28.722768,1767,29.765767,-95.575888,3,,26157,0.0,2018-06-18T05:00:00,1844,0.2,2,2,Buffalo Bayou
17937,N/A,63.3,180,[],2018-06-18T05:00:00,,6,2,,Riverine,32805,9/9/2017,USACE Water-Surface measure point at Sam Houston Tollway bridge at Buffalo Bayou. Measure point is top of steel plate that is on the downstream concrete bridge wall near the center of the channel.,Surveyed elevation is surveyed measure point (71.90') minus tape down to water surface on 9/9/2017.,3,9,,2018-08-06T18:15:18.62729,1767,29.762404,-95.557612,3,,26175,0.0,2018-06-18T05:00:00,,0.2,2,2,Buffalo Bayou
17929,N/A,66.32,180,[],2018-06-19T05:00:00,,6,2,,Riverine,32754,9/10/2017,"Measured (tape down) water surface on Buffalo Bayou by USACE on Sept 10, 2018. Measure point is chalk/paint on downstream bridge wall near center of channel.",Survey elevation is surveyed measure point (81.404') minus tape down to water surface on 9/10/2017.,3,9,,2018-08-06T18:05:48.306529,1767,29.760799,-95.589361,,,26113,0.0,2018-06-19T05:00:00,,0.2,2,2,Buffalo Bayou
17930,N/A,58.07,180,[],2018-06-19T05:00:00,1844,6,2,,Riverine,32765,9/15/2017,"Measured (tape down) water surface on Buffalo Bayou by USACE on Sept 15, 2018. Measure point is chalk/paint on downstream side of bridge wall near center of channel.",Survey elevation is surveyed measure point (81.404') minus tape down to water surface on 9/15/2017.,3,9,,2018-08-06T18:06:07.962892,1767,29.760799,-95.589361,3,,26113,0.0,2018-06-19T05:00:00,1844,0.2,2,2,Buffalo Bayou
17931,N/A,65.87,180,[],2018-06-18T05:00:00,1844,6,2,,Riverine,32786,9/9/2017,"Measured (tape down) water surface on Buffalo Bayou by USACE on Sept 9, 2017. Measure point is on downstream side of bridge, near center of channel on top of concrete wall.",Surveyed elevation is surveyed measure point (72.674') minus tape down to water surface on 9/9/2017.,3,9,,2018-08-06T18:13:19.420123,1767,29.765767,-95.575888,3,,26157,0.0,2018-06-18T05:00:00,1844,0.2,2,2,Buffalo Bayou
17934,N/A,56.67,180,[],2018-06-18T05:00:00,1844,6,2,,Riverine,32799,9/14/2017,"Measured (tape down) water surface on Buffalo Bayou by USACE on Sept 14, 2017. Measure point is on downstream side of bridge on top of concrete wall near center of channel.",Survey elevation is surveyed measure point (72.674') minus tape down to water surface on 9/14/2017.,3,9,,2018-08-06T18:13:55.271971,1767,29.765767,-95.575888,3,,26157,0.0,2018-06-18T05:00:00,1844,0.2,2,2,Buffalo Bayou
17933,N/A,58.17,180,[],2018-06-18T05:00:00,1844,6,2,,Riverine,32797,9/13/2017,"Measured (tape down) water surface on Buffalo Bayou by USACE on Sept 13, 2017. Measure point is chalk/paint on downstream side of bridge, on top of concrete wall near center of channel.",Surveyed elevation is surveyed measure point (72.674') minus tape down to water surface on 9/13/2017.,3,9,,2018-08-06T18:13:44.235324,1767,29.765767,-95.575888,3,,26157,0.0,2018-06-18T05:00:00,1844,0.2,2,2,Buffalo Bayou
17939,N/A,52.32,180,[],2018-06-18T05:00:00,,6,2,,Riverine,32810,9/15/2017,USACE Water-Surface measure point at Sam Houston Tollway bridge at Buffalo Bayou. Measure point is top of steel plate that is on the downstream concrete bridge wall near the center of the channel.,Surveyed elevation is surveyed measure point (71.90') minus tape down to water surface on 9/15/2017.,3,9,,2018-08-06T18:15:50.122299,1767,29.762404,-95.557612,,,26175,0.0,2018-06-18T05:00:00,,0.2,2,2,Buffalo Bayou
17936,N/A,53.42,180,[],2018-06-18T05:00:00,,6,2,,Riverine,32803,9/16/2017,,Surveyed elevation is surveyed measure point (72.674') minus tape down to water surface on 9/16/2017.,3,9,,2018-08-06T18:14:19.841172,1767,29.765767,-95.575888,3,,26157,0.0,2018-06-18T05:00:00,1844,0.2,2,2,Buffalo Bayou
17938,N/A,61.23,180,[],2018-06-18T05:00:00,,6,2,,Riverine,32808,9/10/2017,USACE Water-Surface measure point at Sam Houston Tollway bridge at Buffalo Bayou. Measure point is top of steel plate that is on the downstream concrete bridge wall near the center of the channel.,Surveyed elevation is surveyed measure point (71.90') minus tape down to water surface on 9/10/2017.,3,9,,2018-08-06T18:15:28.352975,1767,29.762404,-95.557612,,,26175,0.0,2018-06-18T05:00:00,,,2,2,Buffalo Bayou
,N/A,76.25,180,[],2018-06-21T05:00:00,,6,2,,Riverine,33224,RiverForest,Crayon and flagging on Lightpole,,3,9,,2018-06-29T16:24:25.578106,1844,29.7647061,-95.6028078,,,26214,0.0,2018-06-21T05:00:00,,,6,2,Buffalo Bayou
17940,N/A,58.78,180,[],2018-06-19T05:00:00,,6,2,,Riverine,32820,9/9/2017,"Measured (tape down) water surface on Buffalo Bayou by USACE on Sept 9, 2017. Measure point is on downstream side of bridge, near center of channel on top of concrete wall.",Surveyed elevation is surveyed measure point (68.278') minus tape down to water surface on 9/9/2017.,3,9,,2018-08-06T18:24:20.404004,1767,29.751924,-95.539622,,,26184,0.0,2018-06-19T05:00:00,,0.2,2,2,Buffalo Bayou
17935,N/A,55.01,180,[],2018-06-18T05:00:00,,6,2,,Riverine,32802,9/15/2017,"Measured (tape down) water surface on Buffalo Bayou by USACE on Sept 15, 2017. Measure point is on downstream side of bridge, near center of channel on top of concrete wall.",Surveyed elevation is surveyed measure point (72.674') minus tape down to water surface on 9/15/2017.,3,9,,2018-08-06T18:14:05.433652,1767,29.765767,-95.575888,3,,26157,0.0,2018-06-18T05:00:00,1844,0.2,2,2,Buffalo Bayou
17941,N/A,56.86,180,[],2018-06-19T05:00:00,1844,6,2,,Riverine,32821,9/10/2017,"Measured (tape down) water surface on Buffalo Bayou by USACE on Sept 9, 2017. Measure point is on downstream side of bridge, near center of channel on top of concrete wall.",Surveyed elevation is surveyed measure point (68.278') minus tape down to water surface on 9/10/2017.,3,9,,2018-08-06T18:24:35.559493,1767,29.751924,-95.539622,,,26184,0.0,2018-06-19T05:00:00,1844,0.2,2,2,Buffalo Bayou
,N/A,75.41,180,[],2018-06-21T05:00:00,,6,2,0.0,Riverine,33226,Cindywood,,,3,9,,2018-06-29T16:29:51.420691,1844,29.7672301,-95.6003356,,,26215,0.0,2018-06-21T05:00:00,,0.2,6,2,Buffalo Bayou
,N/A,76.25,180,[],2018-06-21T05:00:00,,6,2,,Riverine,33223,RiverForest,Crayon and flagging on Lightpole,,3,9,,2018-06-29T16:24:24.424135,1844,29.7647061,-95.6028078,,,26214,0.0,2018-06-21T05:00:00,,,6,2,Buffalo Bayou
,N/A,69.92,180,[],2018-06-21T05:00:00,,6,2,0.0,Riverine,33238,Heatherfield,,,3,9,,2018-06-29T16:34:43.36336,1844,29.7617013,-95.589747,,,26216,0.0,2018-06-21T05:00:00,,0.2,6,2,Buffalo Bayou
17942,N/A,51.36,180,[],2018-06-19T05:00:00,,6,2,,Riverine,32824,9/13/2017,"Measured (tape down) water surface on Buffalo Bayou by USACE on Sept 13, 2017. Measure point is on downstream side of bridge, near center of channel on top of concrete wall.",Surveyed elevation is surveyed measure point (68.278') minus tape down to water surface on 9/13/2017.,3,9,,2018-08-06T18:24:55.518886,1767,29.751924,-95.539622,,,26184,0.0,2018-06-19T05:00:00,,0.2,2,2,Buffalo Bayou
17943,N/A,49.78,180,[],2018-06-19T05:00:00,1844,6,2,,Riverine,32825,9/14/2017,"Measured (tape down) water surface on Buffalo Bayou by USACE on Sept 14, 2017. Measure point is on downstream side of bridge, near center of channel on top of concrete wall.",Surveyed elevation is surveyed measure point (68.278') minus tape down to water surface on 9/14/2017.,3,9,,2018-08-06T18:25:16.141216,1767,29.751924,-95.539622,,,26184,0.0,2018-06-19T05:00:00,1844,0.2,2,2,Buffalo Bayou
17944,N/A,47.94,180,[],2018-06-19T05:00:00,,6,2,,Riverine,32827,9/15/2017,"Measured (tape down) water surface on Buffalo Bayou by USACE on Sept 15, 2017. Measure point is on downstream side of bridge, near center of channel on top of concrete wall.",Surveyed elevation is surveyed measure point (68.278') minus tape down to water surface on 9/15/2017.,3,9,,2018-08-06T18:25:30.760736,1767,29.751924,-95.539622,,,26184,0.0,2018-06-19T05:00:00,,0.2,2,2,Buffalo Bayou
17945,N/A,46.28,180,[],2018-06-19T05:00:00,,6,2,,Riverine,32830,9/16/2017,"Measured (tape down) water surface on Buffalo Bayou by USACE on Sept 16, 2017. Measure point is on downstream side of bridge, near center of channel on top of concrete wall.",Surveyed elevation is surveyed measure point (68.278') minus tape down to water surface on 9/16/2017.,3,9,,2018-08-06T18:25:47.158226,1767,29.751924,-95.539622,,,26184,0.0,2018-06-19T05:00:00,,0.2,2,2,Buffalo Bayou
17946,N/A,56.26,180,[],2018-06-19T05:00:00,,1,2,,Riverine,32842,9/9/2017,"Measured (tape down) water surface on Buffalo Bayou by USACE on Sept 9, 2017. Measure point is on downstream side of bridge, near center of channel on top of concrete wall.",Surveyed elevation is surveyed measure point (69.664') minus tape down to water surface on 9/9/2017.,3,9,,2018-08-06T18:26:48.076276,1767,29.7472,-95.5312,,,26185,0.0,2018-06-19T05:00:00,,0.2,2,2,Buffalo Bayou
17948,N/A,45.75,180,[],2018-06-19T05:00:00,,1,2,,Riverine,32846,9/15/2017,"Measured (tape down) water surface on Buffalo Bayou by USACE on Sept 15, 2017. Measure point is on downstream side of bridge, near center of channel on top of concrete wall.",Surveyed elevation is surveyed measure point (69.664') minus tape down to water surface on 9/15/2017.,3,9,,2018-08-06T18:27:30.087938,1767,29.7472,-95.5312,,,26185,0.0,2018-06-19T05:00:00,,0.2,2,2,Buffalo Bayou
17949,N/A,54.11,180,[],2018-06-27T05:00:00,1844,1,2,,Riverine,32848,9/9/2017,"Measured (tape down) water surface on Buffalo Bayou by USACE on Sept 9, 2017. Measure point is on downstream side of bridge, near center of channel on top of concrete wall.",Surveyed elevation is surveyed measure point (66.408') minus tape down to water surface on 9/9/2017.,3,9,,2018-08-06T18:30:49.605547,1767,29.7468,-95.5234,,,26186,0.0,2018-06-19T05:00:00,1844,0.2,2,2,Buffalo Bayou
17950,N/A,52.24,180,[],2018-06-19T05:00:00,,1,2,,Riverine,32849,9/10/2017,"Measured (tape down) water surface on Buffalo Bayou by USACE on Sept 10, 2017. Measure point is on downstream side of bridge, near center of channel on top of concrete wall.",Surveyed elevation is surveyed measure point (66.408') minus tape down to water surface on 9/10/2017.,3,9,,2018-08-06T18:31:02.690129,1767,29.7468,-95.5234,,,26186,0.0,2018-06-19T05:00:00,,0.2,2,2,Buffalo Bayou
17951,N/A,43.74,180,[],2018-06-19T05:00:00,,1,2,,Riverine,32851,9/15/2017,"Measured (tape down) water surface on Buffalo Bayou by USACE on Sept 15, 2017. Measure point is on downstream side of bridge, near center of channel on top of concrete wall.",Surveyed elevation is surveyed measure point (66.408') minus tape down to water surface on 9/15/2017.,3,9,,2018-08-06T18:31:13.318811,1767,29.7468,-95.5234,,,26186,0.0,2018-06-19T05:00:00,,0.2,2,2,Buffalo Bayou
17952,N/A,48.58,180,[],2018-06-19T05:00:00,,6,2,,Riverine,32853,9/9/2017,"Measured (tape down) water surface on Buffalo Bayou by USACE on Sept 9, 2017. Measure point is on downstream side of bridge, near center of channel on top of concrete wall.",Surveyed elevation is surveyed measure point (57.381') minus tape down to water surface on 9/9/2017.,3,9,,2018-08-06T18:32:19.697669,1767,29.751099,-95.505216,,,26187,0.0,2018-06-19T05:00:00,,0.2,2,2,Buffalo Bayou
17953,N/A,46.71,180,[],2018-06-19T05:00:00,1844,6,2,,Riverine,32856,9/10/2018,"Measured (tape down) water surface on Buffalo Bayou by USACE on Sept 10, 2017. Measure point is on downstream side of bridge, near center of channel on top of concrete wall.",Surveyed elevation is surveyed measure point (57.381') minus tape down to water surface on 9/10/2017.,3,9,,2018-08-06T18:32:28.900382,1767,29.751099,-95.505216,,,26187,0.0,2018-06-19T05:00:00,1844,0.2,2,2,Buffalo Bayou
17954,N/A,44.4,180,[],2018-06-19T05:00:00,,6,2,,Riverine,32857,9/11/2017,"Measured (tape down) water surface on Buffalo Bayou by USACE on Sept 9, 2017. Measure point is on downstream side of bridge, near center of channel on top of concrete wall.",Surveyed elevation is surveyed measure point (57.381') minus tape down to water surface on 9/11/2017.,3,9,,2018-08-06T18:32:41.942966,1767,29.751099,-95.505216,,,26187,0.0,2018-06-19T05:00:00,,0.2,2,2,Buffalo Bayou
17955,N/A,41.71,180,[],2018-06-19T05:00:00,1844,6,2,,Riverine,32859,9/13/2017,"Measured (tape down) water surface on Buffalo Bayou by USACE on Sept 12, 2017. Measure point is on downstream side of bridge, near center of channel on top of concrete wall.",Surveyed elevation is surveyed measure point (57.381') minus tape down to water surface on 9/13/2017.,3,9,,2018-08-06T18:33:02.866264,1767,29.751099,-95.505216,,,26187,0.0,2018-06-19T05:00:00,1844,0.2,2,2,Buffalo Bayou
17956,N/A,40.21,180,[],2018-06-19T05:00:00,,6,2,,Riverine,32861,9/14/2017,"Measured (tape down) water surface on Buffalo Bayou by USACE on Sept 14, 2017. Measure point is on downstream side of bridge, near center of channel on top of concrete wall.",Surveyed elevation is surveyed measure point (57.381') minus tape down to water surface on 9/14/2017.,3,9,,2018-08-06T18:33:17.464848,1767,29.751099,-95.505216,,,26187,0.0,2018-06-19T05:00:00,,,2,2,Buffalo Bayou
17958,N/A,36.88,180,[],2018-06-19T05:00:00,,6,2,,Riverine,32865,9/16/2017,"Measured (tape down) water surface on Buffalo Bayou by USACE on Sept 16, 2017. Measure point is on downstream side of bridge, near center of channel on top of concrete wall.",Surveyed elevation is surveyed measure point (57.381') minus tape down to water surface on 9/16/2017.,3,9,,2018-08-06T18:33:42.47205,1767,29.751099,-95.505216,,,26187,0.0,2018-06-19T05:00:00,,0.2,2,2,Buffalo Bayou
17959,N/A,45.72,180,[],2018-06-19T05:00:00,,6,2,,Riverine,32867,9/9/2017,"Measured (tape down) water surface on Buffalo Bayou by USACE on Sept 9, 2017. Measure point is on downstream side of bridge, near center of channel on top of concrete wall.",Surveyed elevation is surveyed measure point (61.02') minus tape down to water surface on 9/9/2017.,3,9,,2018-08-06T18:39:43.32349,1767,29.760343,-95.500718,,,26188,0.0,2018-06-19T05:00:00,,0.2,2,2,Buffalo Bayou
17960,N/A,43.85,180,[],2018-06-19T05:00:00,,6,2,,Riverine,32869,9/10/2018,"Measured (tape down) water surface on Buffalo Bayou by USACE on Sept 10, 2017. Measure point is on downstream side of bridge, near center of channel on top of concrete wall.",Surveyed elevation is surveyed measure point (61.02') minus tape down to water surface on 9/10/2017.,3,9,,2018-08-06T18:39:54.148167,1767,29.760343,-95.500718,,,26188,0.0,2018-06-19T05:00:00,,0.2,2,2,Buffalo Bayou
17957,N/A,38.38,180,[],2018-06-19T05:00:00,,6,2,,Riverine,32863,9/15/2017,"Measured (tape down) water surface on Buffalo Bayou by USACE on Sept 15, 2017. Measure point is on downstream side of bridge, near center of channel on top of concrete wall.",Surveyed elevation is surveyed measure point (57.381') minus tape down to water surface on 9/15/2017.,3,9,,2018-08-06T18:33:26.44956,1767,29.751099,-95.505216,,,26187,0.0,2018-06-19T05:00:00,,0.2,2,2,Buffalo Bayou
17961,N/A,41.5,180,[],2018-06-19T05:00:00,,6,2,,Riverine,32872,9/11/2017,"Measured (tape down) water surface on Buffalo Bayou by USACE on Sept 11, 2017. Measure point is on downstream side of bridge, near center of channel on top of concrete wall.",Surveyed elevation is surveyed measure point (61.02') minus tape down to water surface on 9/11/2017.,3,9,,2018-08-06T18:40:04.042846,1767,29.760343,-95.500718,,,26188,0.0,2018-06-19T05:00:00,,0.2,2,2,Buffalo Bayou
17962,N/A,38.6,180,[],2018-06-19T05:00:00,,6,2,,Riverine,32873,9/13/2017,"Measured (tape down) water surface on Buffalo Bayou by USACE on Sept 13, 2017. Measure point is on downstream side of bridge, near center of channel on top of concrete wall.",Surveyed elevation is surveyed measure point (61.02') minus tape down to water surface on 9/13/2017.,3,9,,2018-08-06T18:40:24.950175,1767,29.760343,-95.500718,,,26188,0.0,2018-06-19T05:00:00,,0.2,2,2,Buffalo Bayou
17963,N/A,37.1,180,[],2018-06-19T05:00:00,,6,2,,Riverine,32875,9/14/2017,"Measured (tape down) water surface on Buffalo Bayou by USACE on Sept 14, 2017. Measure point is on downstream side of bridge, near center of channel on top of concrete wall.",Surveyed elevation is surveyed measure point (61.02') minus tape down to water surface on 9/14/2017.,3,9,,2018-08-06T18:40:33.614889,1767,29.760343,-95.500718,,,26188,0.0,2018-06-19T05:00:00,,0.2,2,2,Buffalo Bayou
17969,N/A,38.52,180,[],2018-06-19T05:00:00,,6,2,,Riverine,32887,9/9/2017,USACE Water-Surface measure point at Chimney Rock Rd. bridge at Buffalo Bayou. Water-surface elevations were measured on selected days by the USACE during 9/9/17 through 9/16/2017,Surveyed elevation is surveyed measure point (56.123') minus tape down to water surface on 9/9/2017.,3,9,,2018-08-06T18:56:12.331925,1767,29.773412,-95.479657,,,26190,0.0,2018-06-19T05:00:00,,0.2,2,2,Buffalo Bayou
17965,N/A,34.02,180,[],2018-06-19T05:00:00,,6,2,,Riverine,32879,9/16/2017,"Measured (tape down) water surface on Buffalo Bayou by USACE on Sept 16, 2017. Measure point is on downstream side of bridge, near center of channel on top of concrete wall.",Surveyed elevation is surveyed measure point (61.02') minus tape down to water surface on 9/16/2017.,3,9,,2018-08-06T18:40:53.29628,1767,29.760343,-95.500718,,,26188,0.0,2018-06-19T05:00:00,,0.2,2,2,Buffalo Bayou
17967,N/A,37.33,180,[],2018-06-19T05:00:00,,1,2,,Riverine,32883,9/10/2018,"Measured (tape down) water surface on Buffalo Bayou by USACE on Sept 10, 2017. Measure point is on downstream side of bridge, near center of channel on top of concrete wall.",Surveyed elevation is surveyed measure point (55.418') minus tape down to water surface on 9/10/2017.,3,9,,2018-08-06T18:54:57.459321,1767,29.77185,-95.48245,,,26189,0.0,2018-06-19T05:00:00,,0.2,2,2,Buffalo Bayou
17968,N/A,35.0,180,[],2018-06-19T05:00:00,,1,2,,Riverine,32885,9/11/2017,"Measured (tape down) water surface on Buffalo Bayou by USACE on Sept 11, 2017. Measure point is on downstream side of bridge, near center of channel on top of concrete wall.",Surveyed elevation is surveyed measure point (55.418') minus tape down to water surface on 9/11/2017.,3,9,,2018-08-06T18:55:07.174001,1767,29.77185,-95.48245,,,26189,0.0,2018-06-19T05:00:00,,0.2,2,2,Buffalo Bayou
17966,N/A,39.12,180,[],2018-06-19T05:00:00,,1,2,,Riverine,32881,9/9/2017,"Measured (tape down) water surface on Buffalo Bayou by USACE on Sept 9, 2017. Measure point is on downstream side of bridge, near center of channel on top of concrete wall.",Surveyed elevation is surveyed measure point (55.418') minus tape down to water surface on 9/9/2017.,3,9,,2018-08-06T18:54:47.606639,1767,29.77185,-95.48245,,,26189,0.0,2018-06-19T05:00:00,,0.2,2,2,Buffalo Bayou
17964,N/A,35.35,180,[],2018-06-19T05:00:00,,6,2,,Riverine,32878,9/15/2018,"Measured (tape down) water surface on Buffalo Bayou by USACE on Sept 15, 2017. Measure point is on downstream side of bridge, near center of channel on top of concrete wall.",Surveyed elevation is surveyed measure point (61.02') minus tape down to water surface on 9/15/2017.,3,9,,2018-08-06T18:40:42.054634,1767,29.760343,-95.500718,,,26188,0.0,2018-06-19T05:00:00,,0.2,2,2,Buffalo Bayou
17970,N/A,36.79,180,[],2018-06-19T05:00:00,,6,2,,Riverine,32890,9/10/2017,"Measured (tape down) water surface on Buffalo Bayou by USACE on Sept 10, 2017. Measure point is on downstream side of bridge, near center of channel on top of concrete wall.",Surveyed elevation is surveyed measure point (56.123') minus tape down to water surface on 9/10/2017.,3,9,,2018-08-06T18:56:21.614615,1767,29.773412,-95.479657,,,26190,0.0,2018-06-19T05:00:00,,0.2,2,2,Buffalo Bayou
17975,N/A,35.58,180,[],2018-06-20T05:00:00,,6,2,,Riverine,32899,9/9/2017,"Measured (tape down) water surface on Buffalo Bayou by USACE on Sept 9, 2017. Measure point is on downstream side of bridge, near center of channel on top of concrete wall.",Surveyed elevation is surveyed measure point (47.784') minus tape down to water surface on 9/9/2017.,3,9,,2018-08-06T18:58:11.639119,1767,29.7645168,-95.4581494,,,26191,0.0,2018-06-20T05:00:00,,0.2,2,2,Buffalo Bayou
17976,N/A,31.87,180,[],2018-06-20T05:00:00,,6,2,,Riverine,32901,9/10/2017,"Measured (tape down) water surface on Buffalo Bayou by USACE on Sept 10, 2017. Measure point is on downstream side of bridge, near center of channel on top of concrete wall.",Surveyed elevation is surveyed measure point (47.784') minus tape down to water surface on 9/10/2017.,3,9,,2018-08-06T18:58:22.182768,1767,29.7645168,-95.4581494,,,26191,0.0,2018-06-20T05:00:00,,,2,2,Buffalo Bayou
17971,N/A,34.5,180,[],2018-06-19T05:00:00,,6,2,,Riverine,32891,9/11/2017,"Measured (tape down) water surface on Buffalo Bayou by USACE on Sept 11, 2017. Measure point is on downstream side of bridge, near center of channel on top of concrete wall.",Surveyed elevation is surveyed measure point (56.123') minus tape down to water surface on 9/11/2017.,3,9,,2018-08-06T18:56:29.967346,1767,29.773412,-95.479657,,,26190,0.0,2018-06-19T05:00:00,1844,0.2,2,2,Buffalo Bayou
17972,N/A,29.79,180,[],2018-06-19T05:00:00,,6,2,,Riverine,32893,9/14/2017,"Measured (tape down) water surface on Buffalo Bayou by USACE on Sept 14, 2017. Measure point is on downstream side of bridge, near center of channel on top of concrete wall.",Surveyed elevation is surveyed measure point (56.123') minus tape down to water surface on 9/14/2017.,3,9,,2018-08-06T18:56:47.396803,1767,29.773412,-95.479657,,,26190,0.0,2018-06-19T05:00:00,,0.2,2,2,Buffalo Bayou
17977,N/A,29.6,180,[],2018-06-20T05:00:00,,6,2,,Riverine,32903,9/11/2017,"Measured (tape down) water surface on Buffalo Bayou by USACE on Sept 11, 2017. Measure point is on downstream side of bridge, near center of channel on top of concrete wall.",Surveyed elevation is surveyed measure point (47.784') minus tape down to water surface on 9/11/2017.,3,9,,2018-08-06T18:58:30.74248,1767,29.7645168,-95.4581494,,,26191,0.0,2018-06-20T05:00:00,,0.2,2,2,Buffalo Bayou
17973,N/A,27.96,180,[],2018-06-19T05:00:00,,6,2,,Riverine,32895,9/15/2017,"Measured (tape down) water surface on Buffalo Bayou by USACE on Sept 15, 2017. Measure point is on downstream side of bridge, near center of channel on top of concrete wall.",Surveyed elevation is surveyed measure point (56.123') minus tape down to water surface on 9/15/2017.,3,9,,2018-08-06T18:56:56.717483,1767,29.773412,-95.479657,,,26190,0.0,2018-06-19T05:00:00,,0.2,2,2,Buffalo Bayou
17974,N/A,26.62,180,[],2018-06-19T05:00:00,,6,2,,Riverine,32898,9/16/2017,"Measured (tape down) water surface on Buffalo Bayou by USACE on Sept 16, 2017. Measure point is on downstream side of bridge, near center of channel on top of concrete wall.",Surveyed elevation is surveyed measure point (56.123') minus tape down to water surface on 9/16/2017.,3,9,,2018-08-06T18:57:06.496197,1767,29.773412,-95.479657,,,26190,0.0,2018-06-19T05:00:00,,0.2,2,2,Buffalo Bayou
17980,N/A,30.27,180,[],2018-06-19T05:00:00,,6,2,,Riverine,32909,9/10/2017,"Measured (tape down) water surface on Buffalo Bayou by USACE on Sept 10, 2017. Measure point is on downstream side of access road bridge, near center of channel on top of concrete wall.",Surveyed elevation is surveyed measure point (51.852') minus tape down to water surface on 9/10/2017.,3,9,,2018-08-06T19:00:36.616489,1767,29.7598974,-95.4551512,,,26192,0.0,2018-06-20T05:00:00,,0.2,6,2,Buffalo Bayou
17983,N/A,23.35,180,[],2018-06-19T05:00:00,,6,2,,Riverine,32915,9/14/2018,"Measured (tape down) water surface on Buffalo Bayou by USACE on Sept 14, 2017. Measure point is on downstream side of access road bridge, near center of channel on top of concrete wall.",Surveyed elevation is surveyed measure point (51.852') minus tape down to water surface on 9/14/2017.,3,9,,2018-08-06T19:01:12.123336,1767,29.7598974,-95.4551512,,,26192,0.0,2018-06-20T05:00:00,,0.2,6,4,Buffalo Bayou
17984,N/A,21.77,180,[],2018-06-19T05:00:00,,6,2,,Riverine,32918,9/15/2017,"Measured (tape down) water surface on Buffalo Bayou by USACE on Sept 15, 2017. Measure point is on downstream side of access road bridge, near center of channel on top of concrete wall.",Surveyed elevation is surveyed measure point (51.852') minus tape down to water surface on 9/15/2017.,3,9,,2018-08-06T19:01:22.696017,1767,29.7598974,-95.4551512,,,26192,0.0,2018-06-20T05:00:00,,0.2,6,2,Buffalo Bayou
17985,N/A,20.35,180,[],2018-06-19T05:00:00,,6,2,,Riverine,32919,9/16/2018,"Measured (tape down) water surface on Buffalo Bayou by USACE on Sept 16, 2017. Measure point is on downstream side of access road bridge, near center of channel on top of concrete wall.",Surveyed elevation is surveyed measure point (51.852') minus tape down to water surface on 9/16/2017.,3,9,,2018-08-06T19:01:31.373733,1767,29.7598974,-95.4551512,,,26192,0.0,2018-06-20T05:00:00,,0.2,6,2,Buffalo Bayou
17978,N/A,23.12,180,[],2018-06-20T05:00:00,,6,2,,Riverine,32905,9/15/2017,"Measured (tape down) water surface on Buffalo Bayou by USACE on Sept 15, 2017. Measure point is on downstream side of bridge, near center of channel on top of concrete wall.",Surveyed elevation is surveyed measure point (47.784') minus tape down to water surface on 9/15/2017.,3,9,,2019-04-08T17:40:10.37761,1767,29.7645168,-95.4581494,,,26191,0.0,2018-06-20T05:00:00,1767,0.2,2,2,Buffalo Bayou
17979,N/A,31.95,180,[],2018-06-19T05:00:00,,6,2,,Riverine,32908,9/9/2018,"Measured (tape down) water surface on Buffalo Bayou by USACE on Sept 9, 2017. Measure point is on downstream side of access road bridge, near center of channel on top of concrete wall.",Surveyed elevation is surveyed measure point (51.852') minus tape down to water surface on 9/9/2017.,3,9,,2018-08-06T19:00:27.29878,1767,29.7598974,-95.4551512,,,26192,0.0,2018-06-20T05:00:00,1844,0.2,6,2,Buffalo Bayou
17982,N/A,24.85,180,[],2018-06-19T05:00:00,,6,2,,Riverine,32913,9/13/2017,"Measured (tape down) water surface on Buffalo Bayou by USACE on Sept 13, 2017. Measure point is on downstream side of access road bridge, near center of channel on top of concrete wall.",Surveyed elevation is surveyed measure point (51.852') minus tape down to water surface on 9/13/2017.,3,9,,2018-08-06T19:01:04.44961,1767,29.7598974,-95.4551512,,,26192,0.0,2018-06-20T05:00:00,,0.2,6,2,Buffalo Bayou
17986,N/A,20.44,180,[],2018-06-20T05:00:00,1844,6,2,,Riverine,32921,9/9/2017,"Measured (tape down) water surface on Buffalo Bayou by USACE on Sept 9, 2017. Measure point is on downstream side of bridge, near center of channel on top of sidewalk.",Surveyed elevation is surveyed measure point (40.84') minus tape down to water surface on 9/9/2017.,3,9,,2018-08-06T19:03:02.033823,1767,29.7606165,-95.4087563,,,26193,0.0,2018-06-20T05:00:00,1844,0.2,2,2,Buffalo Bayou
17987,N/A,19.17,180,[],2018-06-20T05:00:00,,6,2,,Riverine,32922,9/10/2017,"Measured (tape down) water surface on Buffalo Bayou by USACE on Sept 10, 2017. Measure point is on downstream side of bridge, near center of channel on top of sidewalk.",Surveyed elevation is surveyed measure point (40.84') minus tape down to water surface on 9/10/2017.,3,9,,2018-08-06T19:03:12.770472,1767,29.7606165,-95.4087563,,,26193,0.0,2018-06-20T05:00:00,,0.2,2,2,Buffalo Bayou
17988,N/A,17.5,180,[],2018-06-20T05:00:00,,6,2,,Riverine,32926,9/11/2017,"Measured (tape down) water surface on Buffalo Bayou by USACE on Sept 11, 2017. Measure point is on downstream side of bridge, near center of channel on top of sidewalk.",Surveyed elevation is surveyed measure point (40.84') minus tape down to water surface on 9/11/2017.,3,9,,2018-08-06T19:03:24.20707,1767,29.7606165,-95.4087563,,,26193,0.0,2018-06-20T05:00:00,,0.2,2,2,Buffalo Bayou
17989,N/A,14.67,180,[],2018-06-20T05:00:00,,6,2,,Riverine,32928,9/13/2017,"Measured (tape down) water surface on Buffalo Bayou by USACE on Sept 13, 2017. Measure point is on downstream side of bridge, near center of channel on top of sidewalk.",Surveyed elevation is surveyed measure point (40.84') minus tape down to water surface on 9/13/2017.,3,9,,2018-08-06T19:03:38.933643,1767,29.7606165,-95.4087563,,,26193,0.0,2018-06-20T05:00:00,,0.2,2,2,Buffalo Bayou
17990,N/A,12.34,180,[],2018-06-20T05:00:00,,6,2,,Riverine,32930,9/15/2017,"Measured (tape down) water surface on Buffalo Bayou by USACE on Sept 14, 2017. Measure point is on downstream side of bridge, near center of channel on top of sidewalk.",Surveyed elevation is surveyed measure point (40.84') minus tape down to water surface on 9/15/2017.,4,9,,2018-08-06T19:03:47.594386,1767,29.7606165,-95.4087563,,,26193,0.0,2018-06-20T05:00:00,,0.2,2,2,Buffalo Bayou
17981,N/A,28.1,180,[],2018-06-19T05:00:00,,6,2,,Riverine,32911,9/11/2017,"Measured (tape down) water surface on Buffalo Bayou by USACE on Sept 11, 2017. Measure point is on downstream side of access road bridge, near center of channel on top of concrete wall.",Surveyed elevation is surveyed measure point (51.852') minus tape down to water surface on 9/11/2017.,3,9,,2018-08-06T19:00:45.880167,1767,29.7598974,-95.4551512,,,26192,0.0,2018-06-20T05:00:00,,0.2,6,2,Buffalo Bayou
17991,N/A,11.17,180,[],2018-06-20T05:00:00,,6,2,,Riverine,32933,9/16/2017,"Measured (tape down) water surface on Buffalo Bayou by USACE on Sept 9, 2017. Measure point is on downstream side of bridge, near center of channel on top of sidewalk.",Surveyed elevation is surveyed measure point (40.84') minus tape down to water surface on 9/16/2017.,3,9,,2018-08-06T19:03:59.939969,1767,29.7606165,-95.4087563,,,26193,0.0,2018-06-20T05:00:00,,0.2,2,2,Buffalo Bayou
17998,N/A,9.85,180,[],2018-06-20T05:00:00,,6,2,,Riverine,32944,9/16/2017,"Measured (tape down) water surface on Buffalo Bayou by USACE on Sept 16, 2017. Measure point is on downstream side of bridge, near center of channel on top of concrete wall.",Surveyed elevation is surveyed measure point (44.353') minus tape down to water surface on 9/16/2017.,3,9,,2018-08-06T19:06:54.704363,1767,29.76196,-95.39836,,,26194,0.0,2018-06-20T05:00:00,,0.2,2,2,Buffalo Bayou
17992,N/A,19.05,180,[],2018-06-20T05:00:00,,6,2,,Riverine,32934,9/9/2017,"Measured (tape down) water surface on Buffalo Bayou by USACE on Sept 9, 2017. Measure point is on downstream side of bridge, near center of channel on top of concrete wall.",Surveyed elevation is surveyed measure point (44.353') minus tape down to water surface on 9/9/2017.,3,9,,2018-08-06T19:05:54.160328,1767,29.76196,-95.39836,,,26194,0.0,2018-06-20T05:00:00,,0.2,2,2,Buffalo Bayou
17993,N/A,17.6,180,[],2018-06-20T05:00:00,1844,6,2,,Riverine,32935,9/10/2017,"Measured (tape down) water surface on Buffalo Bayou by USACE on Sept 10, 2017. Measure point is on downstream side of bridge, near center of channel on top of concrete wall.",Surveyed elevation is surveyed measure point (44.353') minus tape down to water surface on 9/10/2017.,3,9,,2018-08-06T19:06:02.071074,1767,29.76196,-95.39836,,,26194,0.0,2018-06-20T05:00:00,1844,0.2,2,2,Buffalo Bayou
17994,N/A,15.9,180,[],2018-06-20T05:00:00,,6,2,,Riverine,32936,9/11/2017,"Measured (tape down) water surface on Buffalo Bayou by USACE on Sept 11, 2017. Measure point is on downstream side of bridge, near center of channel on top of concrete wall.",Surveyed elevation is surveyed measure point (44.353') minus tape down to water surface on 9/11/2017.,3,9,,2018-08-06T19:06:09.575849,1767,29.76196,-95.39836,,,26194,0.0,2018-06-20T05:00:00,,0.2,2,2,Buffalo Bayou
17995,N/A,13.19,180,[],2018-06-20T05:00:00,,6,2,,Riverine,32938,9/13/2017,"Measured (tape down) water surface on Buffalo Bayou by USACE on Sept 13, 2017. Measure point is on downstream side of bridge, near center of channel on top of concrete wall.",Surveyed elevation is surveyed measure point (44.353') minus tape down to water surface on 9/13/2017.,3,9,,2018-08-06T19:06:26.718305,1767,29.76196,-95.39836,,,26194,0.0,2018-06-20T05:00:00,,0.2,2,2,Buffalo Bayou
17996,N/A,10.94,180,[],2018-06-20T05:00:00,,6,2,,Riverine,32942,9/15/2017,"Measured (tape down) water surface on Buffalo Bayou by USACE on Sept 15, 2017. Measure point is on downstream side of bridge, near center of channel on top of concrete wall.",Surveyed elevation is surveyed measure point (44.353') minus tape down to water surface on 9/15/2017.,3,9,,2018-08-06T19:06:37.178958,1767,29.76196,-95.39836,,,26194,0.0,2017-06-20T05:00:00,,,2,2,Buffalo Bayou
17920,N/A,15.9,180,[],2018-06-20T05:00:00,1844,6,2,,Riverine,32946,9/9/2017,"Measured (tape down) water surface on Buffalo Bayou by USACE on Sept 9, 2017. Measure point is on downstream side of bridge, near center of channel on top of concrete wall.",Surveyed elevation is surveyed measure point (43.70') minus tape down to water surface on 9/9/2017.,3,9,,2018-08-06T18:03:06.275705,1767,29.7614102,-95.3752858,,,26195,0.0,2018-06-20T05:00:00,1844,0.2,2,2,Buffalo Bayou
17997,N/A,12.1,180,[],2018-06-20T05:00:00,,6,2,,Riverine,32940,9/14/2017,"Measured (tape down) water surface on Buffalo Bayou by USACE on Sept 14, 2017. Measure point is on downstream side of bridge, near center of channel on top of concrete wall.",Surveyed elevation is surveyed measure point (44.353') minus tape down to water surface on 9/9/2017.,3,9,,2018-08-06T19:06:46.666666,1767,29.76196,-95.39836,,,26194,0.0,2018-06-20T05:00:00,,,2,2,Buffalo Bayou
17926,N/A,8.7,180,[],2018-06-20T05:00:00,,6,2,,Riverine,32958,9/15/2017,"Measured (tape down) water surface on Buffalo Bayou by USACE on Sept 15, 2017. Measure point is on downstream side of bridge, near center of channel on top of concrete wall.",Surveyed elevation is surveyed measure point (43.70') minus tape down to water surface on 9/15/2017.,3,9,,2018-08-06T18:04:16.915437,1767,29.7614102,-95.3752858,,,26195,0.0,2018-06-20T05:00:00,,0.2,2,2,Buffalo Bayou
17927,N/A,7.78,180,[],2018-06-20T05:00:00,,6,2,,Riverine,32960,9/16/2017,"Measured (tape down) water surface on Buffalo Bayou by USACE on Sept 16, 2017. Measure point is on downstream side of bridge, near center of channel on top of concrete wall.",Surveyed elevation is surveyed measure point (43.70') minus tape down to water surface on 9/16/2017.,3,9,,2018-08-06T18:04:26.902117,1767,29.7614102,-95.3752858,,,26195,0.0,2018-06-20T05:00:00,,0.2,2,2,Buffalo Bayou
17913,N/A,5.6,180,[],2018-06-20T05:00:00,1844,6,2,,Riverine,32967,9/12/2017,"Measured (tape down) water surface on Buffalo Bayou by USACE on Sept 11, 2017. Measure point is on downstream side of bridge, near center of channel on top of sidewalk.",Surveyed elevation is surveyed measure point (26.372') minus tape down to water surface on 9/12/2017.,3,9,,2018-08-06T17:57:16.866854,1767,29.7650368,-95.3610547,,,26196,0.0,2018-06-20T05:00:00,1844,0.2,2,2,Buffalo Bayou
17921,N/A,14.62,180,[],2018-06-20T05:00:00,,6,2,,Riverine,32948,9/10/2017,"Measured (tape down) water surface on Buffalo Bayou by USACE on Sept 10, 2017. Measure point is on downstream side of bridge, near center of channel on top of concrete wall.",Surveyed elevation is surveyed measure point (43.70') minus tape down to water surface on 9/10/2017.,3,9,,2018-08-06T18:03:20.020259,1767,29.7614102,-95.3752858,,,26195,0.0,2018-06-20T05:00:00,,0.2,2,2,Buffalo Bayou
17922,N/A,13.2,180,[],2018-06-20T05:00:00,1844,6,2,,Riverine,32950,9/11/2017,"Measured (tape down) water surface on Buffalo Bayou by USACE on Sept 11, 2017. Measure point is on downstream side of bridge, near center of channel on top of concrete wall.",Surveyed elevation is surveyed measure point (43.70') minus tape down to water surface on 9/11/2017.,3,9,,2018-08-06T18:03:33.282805,1767,29.7614102,-95.3752858,,,26195,0.0,2018-06-20T05:00:00,1844,0.2,2,2,Buffalo Bayou
17923,N/A,11.7,180,[],2018-06-20T05:00:00,,6,2,,Riverine,32952,9/12/2017,"Measured (tape down) water surface on Buffalo Bayou by USACE on Sept 12, 2017. Measure point is on downstream side of bridge, near center of channel on top of concrete wall.",Surveyed elevation is surveyed measure point (43.70') minus tape down to water surface on 9/12/2017.,3,9,,2018-08-06T18:03:44.97746,1767,29.7614102,-95.3752858,,,26195,0.0,2018-06-20T05:00:00,,0.2,2,2,Buffalo Bayou
17924,N/A,9.7,180,[],2018-06-20T05:00:00,,6,2,,Riverine,32957,9/14/2017,"Measured (tape down) water surface on Buffalo Bayou by USACE on Sept 14, 2017. Measure point is on downstream side of bridge, near center of channel on top of concrete wall.",Surveyed elevation is surveyed measure point (43.70') minus tape down to water surface on 9/14/2017.,3,9,,2018-08-06T18:03:56.049083,1767,29.7614102,-95.3752858,,,26195,0.0,2018-06-20T05:00:00,,0.2,2,2,Buffalo Bayou
17925,N/A,10.62,180,[],2018-06-20T05:00:00,,6,2,,Riverine,32954,9/13/2017,"Measured (tape down) water surface on Buffalo Bayou by USACE on Sept 13, 2017. Measure point is on downstream side of bridge, near center of channel on top of concrete wall.",Surveyed elevation is surveyed measure point (43.70') minus tape down to water surface on 9/13/2017.,3,9,,2019-04-08T17:38:06.896892,1767,29.7614102,-95.3752858,,,26195,0.0,2018-06-20T05:00:00,1767,0.2,2,2,Buffalo Bayou
17912,N/A,8.57,180,[],2018-06-20T05:00:00,1844,6,2,,Riverine,32962,9/9/2017,"Measured (tape down) water surface on Buffalo Bayou by USACE on Sept 9, 2017. Measure point is on downstream side of bridge, near center of channel on top of sidewalk.",Surveyed elevation is surveyed measure point (26.372') minus tape down to water surface on 9/9/2017.,3,9,,2018-08-06T17:57:03.256302,1767,29.7650368,-95.3610547,,,26196,0.0,2018-06-20T05:00:00,1844,0.2,2,2,Buffalo Bayou
17914,N/A,7.54,180,[],2018-06-20T05:00:00,,6,2,,Riverine,32963,9/10/2017,"Measured (tape down) water surface on Buffalo Bayou by USACE on Sept 9, 2017. Measure point is on downstream side of bridge, near center of channel on top of sidewalk.",Surveyed elevation is surveyed measure point (26.372') minus tape down to water surface on 9/10/2017.,3,9,,2018-08-06T17:57:29.773405,1767,29.7650368,-95.3610547,,,26196,0.0,2018-06-20T05:00:00,,0.2,2,2,Buffalo Bayou
17915,N/A,6.7,180,[],2018-06-20T05:00:00,1844,6,2,,Riverine,32965,9/11/2017,"Measured (tape down) water surface on Buffalo Bayou by USACE on Sept 9, 2017. Measure point is on downstream side of bridge, near center of channel on top of sidewalk.",Surveyed elevation is surveyed measure point (26.372') minus tape down to water surface on 9/11/2017.,3,9,,2018-08-06T17:57:41.013087,1767,29.7650368,-95.3610547,,,26196,0.0,2018-06-20T05:00:00,1844,0.2,2,2,Buffalo Bayou
17919,N/A,3.54,180,[],2018-06-20T05:00:00,,6,2,,Riverine,32975,9/16/2017,"Measured (tape down) water surface on Buffalo Bayou by USACE on Sept 16, 2017. Measure point is on downstream side of bridge, near center of channel on top of sidewalk.",Surveyed elevation is surveyed measure point (26.372') minus tape down to water surface on 9/16/2017.,3,9,,2018-08-06T17:58:30.42849,1767,29.7650368,-95.3610547,,,26196,0.0,2018-06-20T05:00:00,,0.2,2,2,Buffalo Bayou
17904,N/A,3.8,180,[],2018-06-20T05:00:00,1844,1,2,,Riverine,32985,9/14/2017,"Measured (tape down) water surface on Buffalo Bayou by USACE on Sept 14, 2017. Measure point is on downstream side of bridge, near center of channel on top of concrete wall.",Surveyed elevation is surveyed measure point (40.63') minus tape down to water surface on 9/14/2017.,3,9,,2018-08-06T17:54:07.824892,1767,29.76357,-95.35788,,,26197,0.0,2018-06-20T05:00:00,1844,0.2,2,2,Buffalo Bayou
17905,N/A,7.83,180,[],2018-06-20T05:00:00,1844,1,2,,Riverine,32976,9/9/2017,"Measured (tape down) water surface on Buffalo Bayou by USACE on Sept 9, 2017. Measure point is on downstream side of bridge, near center of channel on top of concrete wall.",Surveyed elevation is surveyed measure point (40.63') minus tape down to water surface on 9/9/2017.,3,9,,2018-08-06T17:54:21.362477,1767,29.76357,-95.35788,,,26197,0.0,2018-06-20T05:00:00,1844,0.2,2,2,Buffalo Bayou
17906,N/A,6.88,180,[],2018-06-20T05:00:00,,1,2,,Riverine,32977,9/10/2018,"Measured (tape down) water surface on Buffalo Bayou by USACE on Sept 10, 2017. Measure point is on downstream side of bridge, near center of channel on top of concrete wall.",Surveyed elevation is surveyed measure point (40.63') minus tape down to water surface on 9/10/2017.,3,9,,2018-08-06T17:54:30.854165,1767,29.76357,-95.35788,,,26197,0.0,2018-06-20T05:00:00,,0.2,2,2,Buffalo Bayou
17907,N/A,5.9,180,[],2018-06-20T05:00:00,,1,2,,Riverine,32979,9/11/2017,"Measured (tape down) water surface on Buffalo Bayou by USACE on Sept 11, 2017. Measure point is on downstream side of bridge, near center of channel on top of concrete wall.",Surveyed elevation is surveyed measure point (40.63') minus tape down to water surface on 9/11/2017.,3,9,,2018-08-06T17:54:43.466743,1767,29.76357,-95.35788,,,26197,0.0,2018-06-20T05:00:00,,0.2,2,2,Buffalo Bayou
17908,N/A,4.9,180,[],2018-06-20T05:00:00,,1,2,,Riverine,32981,9/12/2017,"Measured (tape down) water surface on Buffalo Bayou by USACE on Sept 12, 2017. Measure point is on downstream side of bridge, near center of channel on top of concrete wall.",Surveyed elevation is surveyed measure point (40.63') minus tape down to water surface on 9/12/2017.,3,9,,2019-04-08T17:51:16.264066,1767,29.76357,-95.35788,,,26197,0.0,2018-06-20T05:00:00,1767,0.2,2,2,Buffalo Bayou
17916,N/A,4.46,180,[],2018-06-20T05:00:00,,6,2,,Riverine,32972,9/15/2017,"Measured (tape down) water surface on Buffalo Bayou by USACE on Sept 15, 2017. Measure point is on downstream side of bridge, near center of channel on top of sidewalk.",Surveyed elevation is surveyed measure point (26.372') minus tape down to water surface on 9/15/2017.,3,9,,2018-08-06T17:57:52.367736,1767,29.7650368,-95.3610547,,,26196,0.0,2018-06-20T05:00:00,,0.2,2,2,Buffalo Bayou
17917,N/A,4.71,180,[],2018-06-20T05:00:00,,6,2,,Riverine,32968,9/13/2017,"Measured (tape down) water surface on Buffalo Bayou by USACE on Sept 13, 2017. Measure point is on downstream side of bridge, near center of channel on top of sidewalk.",Surveyed elevation is surveyed measure point (26.372') minus tape down to water surface on 9/13/2017.,3,9,,2018-08-06T17:58:06.191292,1767,29.7650368,-95.3610547,,,26196,0.0,2018-06-20T05:00:00,,0.2,2,2,Buffalo Bayou
17918,N/A,4.29,180,[],2018-06-20T05:00:00,,6,2,,Riverine,32970,9/14/2017,"Measured (tape down) water surface on Buffalo Bayou by USACE on Sept 14, 2017. Measure point is on downstream side of bridge, near center of channel on top of sidewalk.",Surveyed elevation is surveyed measure point (26.372') minus tape down to water surface on 9/14/2017.,3,9,,2018-08-06T17:58:19.563842,1767,29.7650368,-95.3610547,,,26196,0.0,2018-06-20T05:00:00,,0.2,2,2,Buffalo Bayou
17909,N/A,4.21,180,[],2018-06-20T05:00:00,,1,2,,Riverine,32983,9/13/2017,"Measured (tape down) water surface on Buffalo Bayou by USACE on Sept 13, 2017. Measure point is on downstream side of bridge, near center of channel on top of concrete wall.",Surveyed elevation is surveyed measure point (40.63') minus tape down to water surface on 9/13/2017.,3,9,,2018-08-06T17:55:15.42972,1767,29.76357,-95.35788,,,26197,0.0,2018-06-20T05:00:00,,0.2,2,2,Buffalo Bayou
17910,N/A,4.05,180,[],2018-06-20T05:00:00,,1,2,,Riverine,32986,9/15/2017,"Measured (tape down) water surface on Buffalo Bayou by USACE on Sept 15, 2017. Measure point is on downstream side of bridge, near center of channel on top of concrete wall.",Surveyed elevation is surveyed measure point (40.63') minus tape down to water surface on 9/15/2017.,3,9,,2018-08-06T17:55:24.807434,1767,29.76357,-95.35788,,,26197,0.0,2018-06-20T05:00:00,,0.2,2,2,Buffalo Bayou
17911,N/A,3.21,180,[],2018-06-20T05:00:00,,1,2,,Riverine,32988,9/16/2018,"Measured (tape down) water surface on Buffalo Bayou by USACE on Sept 16, 2017. Measure point is on downstream side of bridge, near center of channel on top of concrete wall.",Surveyed elevation is surveyed measure point (40.63') minus tape down to water surface on 9/16/2017.,3,9,,2018-08-06T17:55:35.200114,1767,29.76357,-95.35788,,,26197,0.0,2018-06-20T05:00:00,,0.2,2,2,Buffalo Bayou
17899,N/A,1.0,180,[],2018-06-20T05:00:00,,1,2,,Riverine,32996,9/12/2017,"Measured (tape down) water surface on Buffalo Bayou by USACE on Sept 12, 2017. Measure point is on downstream side of bridge, near center of channel on top of sidewalk.",Surveyed elevation is surveyed measure point (42.501') minus tape down to water surface on 9/12/2017.,3,9,,2018-08-06T17:51:42.881525,1767,29.761926,-95.343325,,,26201,0.0,2018-06-20T05:00:00,,0.2,2,2,Buffalo Bayou
17900,N/A,0.67,180,[],2018-06-20T05:00:00,,1,2,,Riverine,32998,9/13/2017,"Measured (tape down) water surface on Buffalo Bayou by USACE on Sept 13, 2017. Measure point is on downstream side of bridge, near center of channel on top of sidewalk.",Surveyed elevation is surveyed measure point (42.501') minus tape down to water surface on 9/13/2017.,3,9,,2018-08-06T17:51:58.628017,1767,29.761926,-95.343325,,,26201,0.0,2018-06-20T05:00:00,,0.2,2,2,Buffalo Bayou
17897,N/A,2.0,180,[],2018-06-20T05:00:00,,1,2,,Riverine,32990,9/9/2017,"Measured (tape down) water surface on Buffalo Bayou by USACE on Sept 9, 2017. Measure point is on downstream side of bridge, near center of channel on top of sidewalk.",Surveyed elevation is surveyed measure point (42.501') minus tape down to water surface on 9/9/2017.,3,9,,2018-08-06T17:51:08.254644,1767,29.761926,-95.343325,,,26201,0.0,2018-06-20T05:00:00,,0.2,2,2,Buffalo Bayou
17901,N/A,1.42,180,[],2018-06-20T05:00:00,,1,2,,Riverine,33000,9/15/2017,"Measured (tape down) water surface on Buffalo Bayou by USACE on Sept 15, 2017. Measure point is on downstream side of bridge, near center of channel on top of sidewalk.",Surveyed elevation is surveyed measure point (42.501') minus tape down to water surface on 9/13/2017.,3,9,,2018-08-06T17:52:08.840694,1767,29.761926,-95.343325,,,26201,0.0,2018-06-20T05:00:00,,0.2,2,2,Buffalo Bayou
17902,N/A,0.92,180,[],2018-06-20T05:00:00,1844,1,2,,Riverine,33003,9/16/2017,"Measured (tape down) water surface on Buffalo Bayou by USACE on Sept 16, 2017. Measure point is on downstream side of bridge, near center of channel on top of sidewalk.",Surveyed elevation is surveyed measure point (42.501') minus tape down to water surface on 9/16/2017.,3,9,,2018-08-06T17:52:26.339151,1767,29.761926,-95.343325,,,26201,0.0,2018-06-20T05:00:00,1844,0.2,2,2,Buffalo Bayou
17898,N/A,1.75,180,[],2018-06-20T05:00:00,,1,2,,Riverine,32992,9/10/2017,"Measured (tape down) water surface on Buffalo Bayou by USACE on Sept 10, 2017. Measure point is on downstream side of bridge, near center of channel on top of sidewalk.",Surveyed elevation is surveyed measure point (42.501') minus tape down to water surface on 9/10/2017.,3,9,,2018-08-06T17:51:26.957002,1767,29.761926,-95.343325,,,26201,0.0,2018-06-20T05:00:00,,0.2,2,2,Buffalo Bayou
17903,N/A,1.5,180,[],2018-06-20T05:00:00,,1,2,,Riverine,32995,9/11/2017,"Measured (tape down) water surface on Buffalo Bayou by USACE on Sept 11, 2017. Measure point is on downstream side of bridge, near center of channel on top of sidewalk.",Surveyed elevation is surveyed measure point (42.501') minus tape down to water surface on 9/11/2017.,3,9,,2018-08-06T17:53:01.108035,1767,29.761926,-95.343325,,,26201,0.0,2018-06-20T05:00:00,,0.2,2,2,Buffalo Bayou
,N/A,80.94,180,[],2018-06-21T05:00:00,1844,6,2,,Riverine,33202,Soboda,,,6,9,,2018-06-29T15:53:29.567397,1844,29.7775365,-95.6152326,,,26213,0.0,2018-06-21T05:00:00,1844,0.2,6,2,Buffalo Bayou
,N/A,81.52,180,[],2018-06-20T05:00:00,1844,6,2,2.5,Riverine,33196,Fleetwood,HWM flagged by USACE. Blue chalk and flagging on lampost.,,6,9,,2018-06-29T15:44:23.477841,1844,29.77339,-95.640122,,,26212,0.0,2018-06-20T05:00:00,1844,0.2,6,2,Buffalo Bayou
,N/A,75.41,180,[],2018-06-21T05:00:00,,6,2,0.0,Riverine,33225,Cindywood,,,3,9,,2018-06-29T16:29:50.36272,1844,29.7672301,-95.6003356,,,26215,0.0,2018-06-21T05:00:00,,0.2,6,2,Buffalo Bayou
,N/A,69.92,180,[],2018-06-21T05:00:00,,6,2,0.0,Riverine,33237,Heatherfield,,,3,9,,2018-06-29T16:34:41.119423,1844,29.7617013,-95.589747,,,26216,0.0,2018-06-21T05:00:00,,0.2,6,2,Buffalo Bayou
,N/A,74.11,180,[],2018-06-21T05:00:00,,6,2,1.0,Riverine,33271,Yorkchester,HWM flagged on sign at end of street,,3,9,,2018-06-29T18:16:10.900896,1844,29.7680811,-95.5829731,,,26220,0.0,2018-06-21T05:00:00,,0.2,6,2,Buffalo Bayou
,N/A,74.11,180,[],2018-06-21T05:00:00,,6,2,1.0,Riverine,33272,Yorkchester,HWM flagged on sign at end of street,,3,9,,2018-06-29T18:16:12.460866,1844,29.7680811,-95.5829731,,,26220,0.0,2018-06-21T05:00:00,,0.2,6,2,Buffalo Bayou
,N/A,73.44,180,[],2018-06-21T05:00:00,1844,6,2,2.4,Riverine,33273,Wycliffe,flagging on light pole,,3,9,,2018-06-29T18:41:10.322011,1844,29.7663126,-95.5741365,,,26221,0.0,2018-06-21T05:00:00,1844,0.2,6,2,Buffalo Bayou
,N/A,72.36,180,[],2018-06-29T05:00:00,,6,2,4.0,Riverine,33278,Gershwin,Mark and flagging on light pole next to basketball goal,,3,9,,2018-06-29T19:32:42.071227,1844,29.76415,-95.56605,,,26224,0.0,2018-06-29T05:00:00,,0.2,6,2,Buffalo Bayou
,N/A,72.36,180,[],2018-06-29T05:00:00,,6,2,4.0,Riverine,33279,Gershwin,Mark and flagging on light pole next to basketball goal,,3,9,,2018-06-29T19:32:43.470183,1844,29.76415,-95.56605,,,26224,0.0,2018-06-29T05:00:00,,0.2,6,2,Buffalo Bayou
,N/A,71.6,180,[],2018-06-21T05:00:00,,1,2,0.0,Riverine,33280,Hansel,Flag on grass near sidewalk,,3,9,,2018-06-29T19:39:24.475388,1844,29.77015,-95.56317,,,26225,0.0,2018-06-21T05:00:00,,0.2,6,2,Buffalo Bayou
,N/A,73.13,180,[],2018-06-21T05:00:00,,6,2,2.5,Riverine,33274,Boheme,Flagging on light pole next to driveway,,3,9,,2018-06-29T19:10:30.118781,1844,29.76553113,-95.57129525,,,26222,0.0,2018-06-21T05:00:00,,0.2,6,2,Buffalo Bayou
,N/A,73.13,180,[],2018-06-21T05:00:00,,6,2,2.5,Riverine,33275,Boheme,Flagging on light pole next to driveway,,3,9,,2018-06-29T19:10:31.158751,1844,29.76553113,-95.57129525,,,26222,0.0,2018-06-21T05:00:00,,0.2,6,2,Buffalo Bayou
,N/A,71.6,180,[],2018-06-21T05:00:00,,1,2,0.0,Riverine,33281,Hansel,Flag on grass near sidewalk,,3,9,,2018-06-29T19:39:26.023322,1844,29.77015,-95.56317,,,26225,0.0,2018-06-21T05:00:00,,0.2,6,2,Buffalo Bayou
,N/A,82.99,180,[],2018-06-22T05:00:00,1844,1,2,4.0,Riverine,33282,Hwy 6 Office,Mark on East side of building next to stairs,,3,9,,2018-06-29T20:04:43.342856,1844,29.76845,-95.6418,,,26226,0.0,2108-06-22T05:00:00,1844,0.2,6,2,Buffalo Bayou
,N/A,72.27,180,[],2018-06-21T05:00:00,1844,6,2,2.0,Riverine,33277,no_label,Crayon mark and flagging on light pole,,3,9,,2019-04-08T17:54:18.274282,1767,29.7642223,-95.5687656,,,26223,0.0,2018-06-21T05:00:00,1844,0.2,6,2,Buffalo Bayou
,N/A,72.27,180,[],2018-06-21T05:00:00,1844,6,2,2.0,Riverine,33276,Wilchester,Crayon mark and flagging on light pole,,3,9,,2019-04-08T17:54:48.820235,1767,29.7642223,-95.5687656,,,26223,0.0,2018-06-21T05:00:00,1844,0.2,6,2,Buffalo Bayou
,N/A,81.95,180,[],2018-06-22T05:00:00,1844,6,2,,Riverine,33298,Forest Home,,,3,9,,2018-07-02T14:46:50.520683,1844,29.76763283,-95.63736456,,,26228,0.0,2018-06-22T05:00:00,1844,0.2,6,2,Buffalo Bayou
,N/A,81.91,180,[],2018-06-22T05:00:00,1844,6,2,1.5,Riverine,33299,Oak Parkway,Mark on street light pole,,3,9,,2018-07-02T14:57:24.105458,1844,29.77133324,-95.62964572,,,26229,0.0,2018-06-22T05:00:00,1844,0.2,6,2,Buffalo Bayou
,N/A,71.77,180,[],2018-06-22T05:00:00,1844,6,2,0.0,Riverine,33306,Blue Willow,HWM in middle of intersection,,3,9,,2018-07-02T15:17:35.175767,1844,29.75111287,-95.56325089,,,26232,0.0,2018-06-22T05:00:00,1844,0.2,6,2,Buffalo Bayou
,N/A,73.92,180,[],2018-06-22T05:00:00,,6,2,0.0,Riverine,33304,Prairie Mark,On ground near light pole,,3,9,,2018-07-02T15:14:10.902284,1844,29.75220365,-95.58309638,,,26231,0.0,2018-06-22T05:00:00,,0.2,6,2,Buffalo Bayou
,N/A,78.27,180,[],2018-06-22T05:00:00,,6,2,,Riverine,33302,Wellington,HWM on Mailbox located near the road.,,3,9,,2018-07-02T15:04:37.496591,1844,29.75787,-95.61343,,,26230,0.0,2018-06-22T05:00:00,,0.2,6,2,Buffalo Bayou
,N/A,78.27,180,[],2018-06-22T05:00:00,,6,2,,Riverine,33303,Wellington,HWM on Mailbox located near the road.,,3,9,,2018-07-02T15:04:38.464522,1844,29.75787,-95.61343,,,26230,0.0,2018-06-22T05:00:00,,0.2,6,2,Buffalo Bayou
,N/A,73.92,180,[],2018-06-22T05:00:00,,6,2,0.0,Riverine,33305,Prairie Mark,On ground near light pole,,3,9,,2018-07-02T15:14:11.697257,1844,29.75220365,-95.58309638,,,26231,0.0,2018-06-22T05:00:00,,0.2,6,2,Buffalo Bayou
,N/A,71.77,180,[],2018-06-22T05:00:00,1844,6,2,0.0,Riverine,33307,Blue Willow,HWM in middle of intersection,,3,9,,2018-07-02T15:17:36.759705,1844,29.75111287,-95.56325089,,,26232,0.0,2018-06-22T05:00:00,1844,0.2,6,2,Buffalo Bayou
17816,,100.629,180,[],2018-07-14T05:00:00,1767,6,2,0.0,Coastal,33423,lamp post,21211 Calico Crossing Ln,HWM surveyed by Corp. of Engineers- Houston,3,2,0.2,2018-08-03T13:26:05.41389,1767,29.7110803,-95.7521853,,,26427,,2018-07-14T05:00:00,1767,0.051,6,2,Gulf of America
17818,,101.423,180,[],2018-07-14T05:00:00,1767,6,2,0.0,Coastal,33424,lamp post,4527 Broadmeade Ct,HWM surveyed by Corp. of Engineers- Houston,3,2,0.2,2018-08-03T13:26:07.719826,1767,29.7237439,-95.755842,,,26426,,2018-07-14T05:00:00,1767,0.054,6,2,Gulf of America
17840,,56.355,180,[],2018-07-14T05:00:00,1767,6,2,0.0,Coastal,33446,HWM,Indian circle,HWM surveyed by Corp. of Engineers- Houston,3,2,0.2,2018-08-03T16:28:28.294324,1767,29.7714056,-95.4775577,,,26446,,2018-07-14T05:00:00,1767,0.097,6,2,Gulf of America
17842,,100.673,180,[],2018-07-14T05:00:00,1767,6,2,0.0,Coastal,33448,lamp post,Knights Ridge,HWM surveyed by Corp. of Engineers- Houston,3,2,0.2,2018-08-03T16:28:30.745228,1767,29.7619026,-95.7084338,,,26450,,2018-07-14T05:00:00,1767,0.064,6,2,Gulf of America
17843,,108.401,180,[],2018-07-14T05:00:00,1767,6,2,0.0,Coastal,33449,lamp post,5303 Indian Shores,HWM surveyed by Corp. of Engineers- Houston,3,2,0.2,2018-08-03T16:28:32.781164,1767,29.8444673,-95.5940274,,,26447,,2018-07-14T05:00:00,1767,0.076,6,2,Gulf of America
18016,,4.742,180,[],2018-09-09T05:00:00,1767,6,2,,Coastal,33489,Peak,Hirsch Bridge,HWM surveyed by Corp. of Engineers- Houston,3,8,0.2,2018-08-20T17:19:25.017704,1767,29.7597673,-95.3288035,,,26813,,2018-07-14T05:00:00,1767,0.052,1,2,gulf of Mexico
17884,N/A,101.23,180,[],2017-08-30T05:00:00,1767,1,2,3.5,Riverine,29194,0384,"seed line on gate post
29.710604, -95.729922",,3,5,0.2,2018-08-06T16:58:18.461839,1767,29.710604,-95.729922,3,,25083,0.0,2018-05-15T05:00:00,1844,,6,2,Buffalo Bayou
17928,N/A,68.6,180,[],2018-06-19T05:00:00,,6,2,,Riverine,32751,9/9/2017,"Measured (tape down) water surface on Buffalo Bayou bridge by USACE on Sept 9, 2018. Measure point is chalk/paint on bridge wall near center of channel.",Survey elevation is surveyed measure point (81.404') minus tape down to water surface on 9/9/2017.,3,9,,2018-08-06T18:05:34.072976,1767,29.760799,-95.589361,,,26113,0.0,2018-06-19T05:00:00,,0.2,2,2,Buffalo Bayou
18011,,9.365,180,[],2018-06-20T05:00:00,1767,6,2,,Coastal,33487,Peak,Fannin Bridge,HWM surveyed by Corp. of Engineers- Houston,3,8,0.2,2019-04-08T17:34:59.308728,1767,29.7636001,-95.3577872,,,26197,,2018-06-20T05:00:00,1767,0.048,1,2,gulf of Mexico
17860,,40.862,180,[],2018-07-14T05:00:00,1767,6,2,0.0,Coastal,33469,HWM,Sawyer Street Bridge,HWM surveyed by Corp. of Engineers- Houston,2,2,0.1,2018-08-06T15:05:36.85488,1767,29.7634909,-95.3806367,,,26469,,2018-07-14T05:00:00,1767,0.025,6,2,Gulf of America
18014,,3.854,180,[],2018-09-09T05:00:00,1767,6,2,,Coastal,33490,Peak,Lockwood Bride,HWM surveyed by Corp. of Engineers- Houston,3,8,0.2,2018-08-20T17:21:08.043403,1767,29.7561089,-95.3200331,,,26814,,2018-07-14T05:00:00,1767,0.055,1,2,gulf of Mexico
18012,,16.374,180,[],2018-09-09T05:00:00,1767,6,2,,Coastal,33488,Peak, Bagby Bridge,HWM surveyed by Corp. of Engineers- Houston,3,8,0.2,2018-08-20T17:16:31.696231,1767,29.7631891,-95.3673687,,,26812,,2018-07-14T05:00:00,1767,0.059,1,2,gulf of Mexico
17947,N/A,54.41,180,[],2018-06-19T05:00:00,,1,2,,Riverine,32844,9/10/2017,"Measured (tape down) water surface on Buffalo Bayou by USACE on Sept 10, 2017. Measure point is on downstream side of bridge, near center of channel on top of concrete wall.",Surveyed elevation is surveyed measure point (69.664') minus tape down to water surface on 9/10/2017.,3,9,,2019-04-08T17:45:36.727274,1767,29.7472,-95.5312,,,26185,0.0,2018-06-19T05:00:00,1767,0.2,2,2,Buffalo Bayou
18013,,5.484,180,[],2018-09-09T05:00:00,1767,6,2,,Coastal,33491,Peak,Jensen Bridge,HWM surveyed by Corp. of Engineers- Houston,3,8,0.2,2018-08-20T17:20:19.642946,1767,29.761923,-95.3433177,,,26201,,2018-07-14T05:00:00,1767,0.055,1,2,gulf of Mexico
18015,,9.482,180,[],2018-09-09T05:00:00,1767,6,2,,Coastal,33492,Peak,McKee Bridge,HWM surveyed by Corp. of Engineers- Houston,3,8,0.2,2018-08-20T17:21:47.256136,1767,29.7654572,-95.3519555,,,26815,,2018-07-14T05:00:00,1767,0.042,1,2,gulf of Mexico
18017,,7.781,180,[],2018-09-09T05:00:00,1767,6,2,,Coastal,33493,Peak,San Jacinto Bridge,HWM surveyed by Corp. of Engineers- Houston,3,8,0.2,2018-08-20T17:22:32.553697,1767,29.7630497,-95.3574424,,,26816,,2018-07-14T05:00:00,1767,0.055,1,2,gulf of Mexico
18018,,100.579,180,[],2018-07-14T05:00:00,1767,6,2,,Coastal,33494,Peak,21414 Kelliwood green,HWM surveyed by Corp. of Engineers- Houston,3,2,0.2,2018-08-20T17:23:19.227196,1767,29.7261214,-95.7432969,,,26476,,2018-07-14T05:00:00,1767,0.037,6,2,gulf of Mexico
9834,Left,2.959,180,[],2017-09-06T05:00:00,1744,1,2,0.0,Coastal,21153,0906_1400_1,Debris line along LEW of Colorado River near Gulf of America. In Matagorda Beach public area.,,3,2,0.2,,,28.59753,-95.97961,,6396,20861,1.0,2017-09-06T05:00:00,1744,0.131234,6,2,Gulf of America
10102,N/A,5.5,180,[],2017-09-05T04:00:00,1760,1,2,0.0,Coastal,21196,0905_1000_2,,level 4 survey; field reading 5.472 ft; east2 - nearer to teal house than STN - check lat/long,1,2,0.02,,,29.0454,-95.1609,4,6687,20878,1.0,2017-09-15T04:00:00,900,0.2,6,2,Gulf of America
8402,N/A,3.36,180,[],2017-09-08T05:00:00,1612,1,2,0.5,Coastal,21654,0907_1506_1,100 meters west of FM3005,RTK GPS.,5,2,0.5,,,29.0937,-95.11251,7,5492,21087,1.0,2017-09-16T05:00:00,1847,0.04,6,2,Gulf of America
7647,N/A,10.0,180,[],2017-09-06T05:00:00,1760,1,2,0.0,Coastal,21725,0906_1610_1,"DEBRIS LINE MARKED WITH PAINT, TAPE, ,AND FLAG NEAR GUARDRAIL",,2,2,,,,28.72934,-96.20544,7,5170,21252,1.0,2017-09-09T05:00:00,1770,0.042651,7,2,Gulf of America
8027,N/A,8.999,180,[],2017-09-05T05:00:00,1760,1,2,0.0,Coastal,21279,0905_0900_1,Orange painted stake near Martin Luther King Drive road sign,,4,2,,,,28.61249,-96.6205,7,5346,20913,1.0,2017-09-07T05:00:00,1787,0.16,6,2,Gulf of America
7641,N/A,4.236,180,[],2017-09-07T05:00:00,1760,1,2,0.0,Riverine,21731,0907_1045_1,MARKED ACROSS ROAD FROM TEXAS FLAG.,,2,2,,,,28.7612,-96.14678,3,5174,21256,1.0,2017-09-09T05:00:00,1770,0.042651,6,2,Gulf of America
7607,N/A,9.727,180,[],2017-09-02T05:00:00,1763,1,2,3.85,Coastal,20748,0902_1130_1,Debris line on chain link fence near front parking lot of high school building. lat 27.83302 long -97.06128,HWM shot directly. Elevation is final,2,2,0.1,,,27.83302,-97.06128,4,5162,20577,1.0,2017-09-03T05:00:00,871,0.190289,6,2,Gulf of America
7642,N/A,5.486,180,[],2017-09-07T05:00:00,1760,1,2,0.0,Coastal,21732,0907_1045_2,"MARKED 100FT TO THE RIGHT, ACROSS STREET FROM CACTUS MAILBOX.",,2,2,,,,28.7612,-96.14678,3,5174,21256,1.0,2017-09-09T05:00:00,1770,0.042651,6,2,Gulf of America
10039,N/A,10.285,180,[],2017-09-02T05:00:00,1760,1,2,4.5,Coastal,20749,0902_1130_2,"Debris line on chain link fence near front parking lot of high school building, South West of first point. lat 27.83246 long -97.06190",HWM shot directly. No adjustments needed to elevation,2,2,0.1,,,27.83246,-97.0619,4,5162,20577,1.0,2017-09-03T05:00:00,871,0.190289,6,2,Gulf of America
8314,N/A,23.629,180,[],2017-09-04T05:00:00,1760,1,2,2.35,Coastal,21422,0904_1310_2,"Wood Post near the yield sign. Measurements difficult do to relatively debris free water, and minimal receding.",,1,1,0.02,,,29.1256,-95.45393,2,5448,21019,1.0,2017-09-12T05:00:00,1787,0.00392,6,2,Gulf of America
7608,N/A,9.667,180,[],2017-09-02T05:00:00,1760,1,2,3.75,Coastal,20750,0902_1130_3,"Behind school on chain link fence near playground
lat 27.83179 long -97.06160","HWM shot directly, no further adjustments",2,2,0.1,,,27.83179,-97.0616,4,5162,20577,1.0,2017-09-03T05:00:00,871,0.190289,6,2,Gulf of America
7624,N/A,11.366,180,[],2017-09-02T05:00:00,1760,1,2,6.0,Coastal,20751,0902_1300_1,South west corner of electric sub station by gate entrance,"HWM shot directly, elevation is final",2,2,0.1,,,27.82047,-97.0723,4,5164,20578,1.0,2017-09-03T05:00:00,871,0.190289,6,2,Gulf of America
7626,N/A,12.022,180,[],2017-09-02T05:00:00,1760,1,2,6.42,Coastal,20753,0902_1300_3,"lat 27.82041 long -97.07223, southeast corner of electric 
substation","HWM shot directly, elevation final",2,2,0.1,,,27.82041,-97.07223,4,5164,20578,1.0,2017-09-03T05:00:00,871,0.190289,6,2,Gulf of America
7663,N/A,9.805,180,[],2017-09-02T05:00:00,1760,1,2,4.25,Coastal,20757,0902_1445_1,lat 27.78449 long -97.10062 on northwest corner of chain link fence near generator,Elevation is final. No further adjustments necessary.,2,2,0.1,,,27.78449,-97.10062,4,5181,20580,1.0,2017-09-03T05:00:00,1744,0.24,6,2,Gulf of America
7794,N/A,9.931,180,[],2017-09-02T05:00:00,1760,1,2,4.75,Coastal,20755,0902_1345_2,Southeast corner of communication tower near airport,"Elevation is final, no future correction is required.",2,2,,,,27.80832,-97.08526,4,5254,20579,1.0,2017-09-03T05:00:00,1744,0.24,2,2,Gulf of America
7664,N/A,9.754,180,[],2017-09-02T05:00:00,1760,1,2,4.33,Coastal,20758,0902_1445_2,lat 27.78440 long -97.10065 on southwest corner of chain link fence near generator,Elevation is final. No further adjustments necessary.,2,2,0.1,,,27.7844,-97.10065,4,5181,20580,1.0,2017-09-03T05:00:00,1744,0.24,6,2,Gulf of America
7809,N/A,9.298,180,[],2017-09-02T05:00:00,1763,1,2,3.29,Coastal,20760,0902_1600_2,"Water storage facility, chain-link fence, SW corner.","Elevation is final, no future adjustments necessary. Used AH1675 as base.",2,2,,,,27.70037,-97.15777,4,5255,20581,1.0,2017-09-03T05:00:00,1744,0.24,6,2,Gulf of America
7808,N/A,9.27,180,[],2017-09-02T05:00:00,1763,1,2,2.92,Coastal,20759,0902_1600_1,"Water storage facility, chain-link fence, near main gate and driveway on south side of Hwy361.","Elevation is final, no future adjustments necessary. Used AH1675 as base.",2,2,,,,27.70062,-97.15755,4,5255,20581,1.0,2017-09-03T05:00:00,1744,0.24,6,2,Gulf of America
7781,N/A,5.933,180,[],2017-08-02T05:00:00,1763,1,2,0.0,Coastal,20762,0902_1700_1,Orange-painted wooden stake driven into ground along shoreline of bay waterline at Mary Anne's Way Memorial Park.,Elevation is final. No further adjustments necessary.,2,2,,,,27.60275,-97.24781,7,5248,20582,1.0,2017-09-03T05:00:00,1744,0.24,6,2,Gulf of America
7783,N/A,5.435,180,[],2017-09-02T05:00:00,1763,1,2,0.0,Coastal,20763,0902_1700_2,Orange-painted wooden stake driven into ground along shoreline of bay waterline at Mary Anne's Way Memorial Park.,Elevation is final. No further adjustments necessary.,2,2,,,,27.60283,-97.24815,7,5248,20582,1.0,2017-09-03T05:00:00,1744,0.24,6,2,Gulf of America
7780,N/A,5.355,180,[],2017-09-02T05:00:00,1763,1,2,0.0,Coastal,20764,0902_1700_3,Orange-painted wooden stake driven into ground along shoreline of bay waterline at Mary Anne's Way Memorial Park.,Elevation is final. No further adjustments necessary.,2,2,,,,27.60297,-97.24846,7,5248,20582,1.0,2017-09-03T05:00:00,1744,0.24,6,2,Gulf of America
8048,N/A,8.491,180,[],2017-09-05T05:00:00,1760,1,2,0.0,Coastal,21293,0905_0945_1,Orange painted stake near blue shack guard house,,4,2,,,,28.63628,-96.61617,7,5353,20915,1.0,2017-09-07T05:00:00,1787,0.16,6,2,Gulf of America
7944,N/A,10.47,180,[],2017-09-03T05:00:00,1763,1,2,0.0,Coastal,20769,0903_1000_2,Back yard,Elevation is final. No further adjustments necessary.,2,2,,,,28.13801,-97.00076,7,5316,20584,1.0,2017-09-05T05:00:00,1744,0.07,6,2,Gulf of America
7953,N/A,7.775,180,[],2017-09-03T05:00:00,1763,1,2,0.0,Coastal,20772,0903_1100_2,"Along west side of bay bridge (Hwy 35, Lamar, TX).",Elevation is final. No further adjustments necessary.,2,2,,,,28.13599,-97.00932,7,5317,20585,1.0,2017-09-05T05:00:00,1744,0.07,6,2,Gulf of America
7950,N/A,7.466,180,[],2017-09-03T05:00:00,1763,1,2,0.0,Coastal,20771,0903_1100_1,"Along west side of bay bridge (Hwy 35, Lamar, TX).",Elevation is final. No further adjustments necessary.,2,2,,,,28.13641,-97.00903,7,5317,20585,1.0,2017-09-05T05:00:00,1744,0.07,6,2,Gulf of America
8092,N/A,14.44,180,[],2017-09-05T05:00:00,1760,1,2,0.0,Coastal,21317,0905_1015_1,"at 28.67545 long -96.64130
Orange painted stake in the backyard of house",,4,2,,,,28.67545,-96.6413,7,5362,20942,1.0,2017-09-07T05:00:00,1787,0.16,6,2,Gulf of America
8137,N/A,9.487,180,[],2017-09-05T05:00:00,1760,1,2,0.0,Coastal,21330,0905_1045_1,Orange painted stake near Park Road - south edge of pavement.,,4,2,,,,28.6937,-96.66576,7,5381,20953,1.0,2017-09-07T05:00:00,1787,0.16,6,2,Gulf of America
10690,N/A,18.24,180,[],2017-09-07T05:00:00,1521,1,4,0.0,Riverine,22613,LC-JKN2-001,"good seed line in 8"" pine, us rt bank, 50ft us from centerline of rd directly across from entrance gate to dirt pit at Perkins Ferry Rd North",,2,5,0.1,,,30.3534,-93.23275,6,6942,21113,1.0,2017-09-08T05:00:00,1521,0.1,6,2,Gulf of America
7805,N/A,9.254,180,[],2017-09-03T05:00:00,1744,1,2,0.0,Coastal,20807,0903_1320_4,Debris Line near BM AH1674,Additional HWM by survey crew.,5,2,,,,27.80834,-97.08537,7,5254,20579,1.0,2017-09-03T05:00:00,1744,0.24,2,2,Gulf of America
7806,N/A,9.155,180,[],2017-09-03T05:00:00,1744,1,2,,Coastal,20808,0903_1420_5,"Seed line in hangar building F1, east wall","Elevation is final, no future adjustments necessary.",3,5,,,,27.80834,-97.08537,4,5254,20579,1.0,2017-09-03T05:00:00,1744,0.24,6,2,Gulf of America
7807,N/A,9.255,180,[],2017-09-03T05:00:00,1744,1,2,,Coastal,20809,0903_1420_6,"Seed line in hangar building F1, west wall.","Elevation is final, no future adjustments necessary.",3,5,,,,27.80834,-97.08537,4,5254,20579,1.0,2017-09-03T05:00:00,1744,0.24,6,2,Gulf of America
7811,N/A,8.454,180,[],2017-09-03T05:00:00,1744,1,2,,Coastal,20810,0903_1620_4,Seed line on picket fence surrounding AC unit at blue building next to water plant.,Elevation is final. No further adjustments needed. Used AH1675 as base.,3,5,,,,27.70062,-97.15755,5,5255,20581,1.0,2017-09-03T05:00:00,1744,0.24,6,2,Gulf of America
7812,N/A,8.473,180,[],2017-09-03T05:00:00,1744,1,2,,Coastal,20811,0903_1620_5,Seed line on AC unit next to Fire Station 14.,Elevation is final. No further adjustments needed. Used AH1675 as base.,2,5,,,,27.70062,-97.15755,,5255,20581,1.0,2017-09-03T05:00:00,1744,0.24,6,2,Gulf of America
8403,N/A,3.95,180,[],2017-09-19T05:00:00,1840,1,2,0.5,Coastal,23673,HWM2,open coastal grassland.,HWM2 is about 30 ft from HWM1. V.Poor - grassy debris suspended in grass. Hard to tell what elevation would be at time of event.,5,2,0.5,,,29.09378,-95.11251,7,5492,21087,1.0,2017-09-16T05:00:00,1840,0.08,6,2,Gulf of America
8329,N/A,7.459,180,[],2017-09-04T05:00:00,1760,1,2,1.89,Coastal,21378,0904_0926_2,A petroleum pipeline marker about 5ft from the fence.,,1,2,0.01,,,29.15013,-95.30852,2,5436,20989,1.0,2017-09-12T05:00:00,1787,0.00392,6,2,Gulf of America
8322,N/A,6.211,180,[],2017-09-04T05:00:00,1760,1,2,1.79,Coastal,21385,0904_1010_1,Seed Line is found on the downstream side of the park bench,,1,2,0.01,,,29.0956,-95.2828,2,5437,20996,1.0,2017-09-12T05:00:00,1787,0.00392,6,2,Gulf of America
8653,N/A,5.73,180,[],2017-09-09T05:00:00,1786,6,2,0.0,Coastal,21807,0909_0835,,,4,2,0.4,,,28.9355,-95.29876,8,5613,21298,1.0,2017-09-09T05:00:00,1786,0.06,6,2,Gulf of America
8323,N/A,5.769,180,[],2017-09-04T05:00:00,1760,1,2,0.31,Coastal,21395,0904_1010_2,Found on the sign identifying the picnic area,,1,2,0.01,,,29.0956,-95.2828,2,5437,20996,1.0,2017-09-12T05:00:00,1787,0.00392,6,2,Gulf of America
8324,N/A,5.95,180,[],2017-09-04T05:00:00,1760,1,2,0.0,Coastal,21396,0904_1010_3,Debris line found on the shore near the sign.,,1,2,0.01,,,29.0956,-95.2828,2,5437,20996,1.0,2017-09-12T05:00:00,1787,0.00392,6,2,Gulf of America
8026,N/A,9.121,180,[],2017-09-05T05:00:00,1760,1,2,0.0,Coastal,21281,0905_0900_2,Orange painted stake near power across the street from Martin Luther King Drive road sign - near telephone pole.,,4,2,,,,28.61229,-96.62048,7,5346,20913,1.0,2017-09-07T05:00:00,1787,0.16,6,2,Gulf of America
8325,N/A,10.616,180,[],2017-09-04T05:00:00,1760,1,2,1.27,Coastal,21413,0904_1130_1,Yellow Marked Power line Northern end of the bridge,,1,1,0.01,,,29.0676,-95.3598,2,5441,21016,1.0,2017-09-12T05:00:00,1787,0.00392,6,2,Gulf of America
8326,N/A,9.864,180,[],2017-09-04T05:00:00,1760,1,2,1.48,Coastal,21414,0904_1130_2,Fence line along the  eastern side of the road,,1,1,0.02,,,29.0676,-95.3598,2,5441,21016,1.0,2017-09-12T05:00:00,1787,0.00392,6,2,Gulf of America
7625,N/A,11.712,180,[],2017-09-02T05:00:00,1760,1,2,6.17,Coastal,20752,0902_1300_2,"Lat: 27.82081 Long: 097.07204
North west corner of electric sub station","HWM shot directly, elevation is final",2,2,0.1,,,27.82081,-97.07204,4,5164,20578,1.0,2017-09-03T05:00:00,871,0.190289,6,2,Gulf of America
8317,N/A,6.711,180,[],2017-09-04T05:00:00,1760,1,2,1.05,Coastal,21417,0904_1217_2,On the green road sign (458B),,1,5,0.01,,,29.11175,-95.37351,2,5446,21018,1.0,2017-09-12T05:00:00,1787,0.00392,6,2,Gulf of America
8318,N/A,7.489,180,[],2017-09-04T05:00:00,1760,1,2,1.0,Coastal,21419,0904_1217_3,White house on the street corner. Owner of the home gave her permission.,,1,5,0.01,,,29.11175,-95.37351,2,5446,21018,1.0,2017-09-12T05:00:00,1787,0.00392,6,2,Gulf of America
8313,N/A,22.503,180,[],2017-09-04T05:00:00,1760,1,2,1.43,Coastal,21424,0904_1345_2,Southwest of the HWM made under the bridge. A tree marked with salmon colored tap,,1,5,0.02,,,29.11085,-95.45239,2,5449,21020,1.0,2017-09-12T05:00:00,1787,0.00392,6,2,Gulf of America
7795,N/A,8.906,180,[],2017-09-02T05:00:00,1760,1,2,5.08,Coastal,20756,0902_1345_3,"About 500 ft northwest of
HWM 0902_1345_1 on entrance door to marina","Elevation is final, no future adjustments necessary.",2,2,,,,27.80832,-97.08537,4,5254,20579,1.0,2017-09-03T05:00:00,1744,0.24,6,2,Gulf of America
8311,N/A,15.524,180,[],2017-09-04T05:00:00,1760,1,2,0.54,Coastal,21425,0904_1448_1,Northeastern side of the river. Tagged The chainlink fence connected to the brown fence,,1,8,0.01,,,29.0437,-95.4429,2,5450,21021,1.0,2017-09-12T05:00:00,1787,0.00392,6,2,Gulf of America
7793,N/A,9.914,180,[],2017-09-02T05:00:00,1760,1,2,4.38,Coastal,20754,0902_1345_1,Southwest corner of Communication tower near airport,"Elevation is final, no future adjustments needed.",2,2,,,,27.80834,-97.08537,4,5254,20579,1.0,2017-09-03T05:00:00,1744,0.24,2,2,Gulf of America
7810,N/A,8.988,180,[],2017-09-02T05:00:00,1763,1,2,3.25,Coastal,20761,0902_1600_3,"Water storage facility, chain-link fence, 30 ft east of HWM2 on same chain-link fence.","Elevation is final, no future adjustments necessary. Used AH1675 as base.",2,2,,,,27.7003,-97.15771,4,5255,20581,1.0,2017-09-03T05:00:00,1744,0.24,6,2,Gulf of America
9437,N/A,1.9,180,[],2017-09-04T04:00:00,1760,1,2,0.0,Coastal,21445,0904_1635_1,On a pylon on the center of gentlemens property (received permission from address 125,level 4 survey; field readings 2.864-1.00 ft,1,5,0.01,,,28.9654,-95.2913,4,6071,21035,1.0,2017-09-15T04:00:00,900,0.2,6,2,Gulf of America
9844,N/A,4.69,180,[],2017-09-11T05:00:00,1833,1,2,0.0,Riverine,22267,0911_1255_2,West of HWY 124 on road embankment. 20m south of first HWM at this site.,,1,2,0.05,,,29.554926,-94.390915,3,6347,21570,1.0,2017-09-19T05:00:00,1837,0.38,6,2,Gulf of America
9445,N/A,4.1,180,[],2017-09-04T04:00:00,1760,1,2,0.0,Coastal,21450,0904_1700_2,"With permission from the owner of 1103 gulf view street, a second hwm was found along the coast visible at the end of the road.",level 4 survey; field reading 4.076 ft; southwest - white flag,1,2,0.01,,,28.9545,-95.2928,4,,21036,1.0,2017-09-15T04:00:00,900,0.2,6,2,Gulf of America
9447,N/A,2.8,180,[],2017-09-04T04:00:00,1760,1,2,0.43,Coastal,21455,0904_1840_2,,level 4 survey; field readings 8.234-5.42 ft,1,6,0.03,,,28.9434,-95.2927,2,,21039,1.0,2017-09-15T04:00:00,900,0.2,6,2,Gulf of America
9451,N/A,4.2,180,[],2017-09-04T04:00:00,1760,1,2,1.9,Coastal,21456,0904_1900_1,Nearest Post with lighting near the docs,level 4 survey; field 2.284+1.9 ft,1,2,0.01,,,28.9794,-95.2682,2,6077,21041,1.0,2017-09-15T04:00:00,900,0.2,6,2,Gulf of America
10091,N/A,4.1,180,[],2017-09-04T04:00:00,1760,1,2,0.0,Coastal,21142,0905_1040_1,"The same debris line, farther down the road. South side.",level 4 survey; 4.063 ft field reading,1,2,0.01,,,29.07177,-95.12829,4,6684,20848,1.0,2017-09-15T04:00:00,900,0.2,6,2,Gulf of America
9450,N/A,3.2,180,[],2017-09-04T04:00:00,1760,1,2,0.0,Coastal,21460,0904_1900_3,Between the Light post and the docks.,level 4 survey; field 3.202 ft,1,2,0.01,,,28.9794,-95.2682,4,6077,21041,1.0,2017-09-15T04:00:00,900,0.2,6,2,Gulf of America
10104,N/A,5.7,180,[],2017-09-15T04:00:00,900,1,2,0.0,Coastal,23119,no_label,Gulf side of bluewater hwy; between light blue house & key largo complex,level 4 survey; field readings 5.724 ft,2,2,0.1,,,29.0454,-95.1609,4,6687,20878,1.0,2017-09-15T04:00:00,900,0.2,6,2,Gulf of America
10109,N/A,7.3,180,[],2017-09-04T04:00:00,1760,1,2,0.0,Coastal,21463,0904_1930_2,"Entering from conference center walkway, Flag marker on the left.",level 4 survey; north 7.296 ft,1,2,0.03,,,28.9718,-95.2619,4,6078,21043,1.0,2017-09-15T04:00:00,900,0.2,6,2,Gulf of America
10105,N/A,4.8,180,[],2017-09-05T04:00:00,1760,1,2,2.8,Coastal,21202,0905_0945_1,The 3 trash bins. Middle horizontal post.,level 4 survey; field readings 1.959+2.80 ft,1,2,0.03,,,29.0486,-95.1647,4,6688,20882,1.0,2017-09-15T04:00:00,900,0.2,6,2,Gulf of America
7951,N/A,8.352,180,[],2017-09-03T05:00:00,1763,1,2,0.0,Coastal,20773,0903_1100_3,"Along west side of bay bridge (Hwy 35, Lamar, TX).",Elevation is final. No further adjustments necessary.,2,2,,,,28.13556,-97.00961,7,5317,20585,1.0,2017-09-05T05:00:00,1744,0.07,6,2,Gulf of America
7955,N/A,9.759,180,[],2017-09-03T05:00:00,1760,1,2,0.0,Coastal,20825,0903_1500_1,,Elevation is final. No further adjustments necessary.,2,2,,,,28.13047,-96.9786,7,5318,20611,1.0,2017-09-05T05:00:00,1744,0.07,6,2,Gulf of America
8832,N/A,9.535,180,[],2017-09-07T05:00:00,1760,1,2,0.0,Coastal,21614,0907_1230_1,"Painted stake, south side of Hwy 35 bridge, west end of bridge, down concrete apron next to fence for adjacent private property.",,3,2,0.2,,,28.73176,-96.43566,7,5716,21159,1.0,2017-09-09T05:00:00,1787,0.013205,6,2,Gulf of America
9440,N/A,1.9,180,[],2017-09-04T04:00:00,1760,1,2,0.0,Coastal,21446,0904_1635_2,Two HWMs were found on the wood connecting the pylons to the shoreline. Also on gentlemens property.,level 4 survey; field readings 2.896-1.03 ft,1,5,0.01,,,28.9654,-95.2913,2,,21035,0.0,2017-09-15T04:00:00,900,0.2,6,2,Gulf of America
9453,N/A,6.1,180,[],2017-09-04T04:00:00,1760,1,2,0.0,Coastal,21462,0904_1930_1,"Entering from conference center walkway, Flag marker on the right.",level 4 survey; field 6.097 ft south,1,2,0.03,,,28.9718,-95.2619,4,6078,21043,1.0,2017-09-15T04:00:00,900,0.2,6,2,Gulf of America
9843,N/A,4.68,180,[],2017-09-11T05:00:00,1833,1,2,0.0,Coastal,22266,0911_1245_1,West of HWY 124 on road embankment. Confirmed by local landowner's description of flood extent.,,1,2,0.05,,,29.554926,-94.390915,3,6347,21570,1.0,2017-09-19T05:00:00,1837,0.38,6,2,Gulf of America
7960,N/A,7.756,180,[],2017-09-04T05:00:00,1762,1,2,0.0,Coastal,21042,0904_1145_1,"lat 28.40955 long -96.72647
Orange painted stake in front of house in Seadrift, TX",,2,2,,,,28.40955,-96.72647,7,5325,20771,1.0,2017-09-07T05:00:00,1770,0.085,6,2,Gulf of America
8823,N/A,7.336,180,[],2017-09-07T05:00:00,1760,1,2,0.0,Coastal,21598,0907_1115_1,"Painted stake at the northern extent of CR 478 - (several feet directly west of white ""private property"" sign)",,4,2,0.4,,,28.70151,-96.39014,7,5711,21150,1.0,2017-09-09T05:00:00,1787,0.013205,6,2,Gulf of America
8834,N/A,39.043,180,[],2017-09-07T05:00:00,1760,1,2,0.0,Coastal,21616,0907_1430_2,"Paint mark, upstream side of bridge, right bank.",,3,1,0.2,,,28.91874,-96.45702,3,5717,21160,1.0,2017-09-09T05:00:00,1787,0.013205,6,2,Gulf of America
8822,N/A,6.745,180,[],2017-09-07T05:00:00,1760,1,2,0.0,Coastal,21570,0907_1045_1,"Painted stake near shoreline on left hand side of small, dirt vehicle access path.",,5,2,0.5,,,28.67804,-96.39228,7,5710,21134,1.0,2017-09-09T05:00:00,1787,0.013205,6,2,Gulf of America
8828,N/A,10.027,180,[],2017-09-07T05:00:00,1760,1,2,0.0,Coastal,21605,0907_1200_2,"Painted stake on south side of Hwy 35, directly west of boat ramp parking lot entrance and several hundred feet west of 0907_1200_1.",,4,2,0.4,,,28.73799,-96.40257,7,5714,21151,1.0,2017-09-09T05:00:00,1787,0.013205,6,2,Gulf of America
20418,N/A,42.4,180,[],2018-07-14T05:00:00,1767,6,2,0.0,Coastal,34938,no_label,MFAH Bayou Bend Collection West Side of House,HWM surveyed by Corp. of Engineers- Houston,3,8,0.2,2019-04-22T15:28:02.425545,1767,29.7576711,-95.4208237,4,,27894,1.0,2018-07-14T05:00:00,1767,0.099,6,2,Gulf of America
20421,N/A,44.1,180,[],2018-07-14T05:00:00,1767,6,2,0.0,Coastal,34942,no_label,MFAH Bayou Bend Collection Back Porch Step,HWM surveyed by Corp. of Engineers- Houston,3,8,0.2,2019-04-22T15:28:05.550464,1767,29.7577854,-95.4205065,4,,27893,1.0,2018-07-14T05:00:00,1767,0.099,6,2,Gulf of America
20419,N/A,41.1,180,[],2018-07-14T05:00:00,1767,6,2,0.0,Coastal,34941,no_label,MFAH Rienzi Collection Side of House,HWM surveyed by Corp. of Engineers- Houston,4,8,0.4,2019-04-22T15:28:05.206709,1767,29.7574005,-95.4166876,4,,27895,1.0,2018-07-14T05:00:00,1767,0.099,6,2,Gulf of America
20420,N/A,44.1,180,[],2018-07-14T05:00:00,1767,6,2,0.0,Coastal,34940,no_label,MFAH Bayou Bend Collection top of the hill behind the,HWM surveyed by Corp. of Engineers- Houston,3,8,0.2,2019-04-22T15:28:05.470836,1767,29.7577318,-95.4203312,4,,27893,1.0,2018-07-14T05:00:00,1767,0.099,6,2,Gulf of America
20422,N/A,44.0,180,[],2018-07-14T05:00:00,1767,6,2,0.0,Coastal,34939,no_label,MFAH Rienzi Collection Pool,HWM surveyed by Corp. of Engineers- Houston,3,8,0.2,2019-04-22T15:28:07.175399,1767,29.7574894,-95.4169893,4,,27895,1.0,2018-07-14T05:00:00,1767,0.099,6,2,Gulf of America
17805,,67.764,180,[],2018-07-14T05:00:00,1767,6,2,0.0,Coastal,33408,lamp post,136 Stony Point Dr,HWM surveyed by Corp. of Engineers- Houston,5,2,1.0,2018-08-03T12:44:48.664992,1767,29.7561574,-95.5406811,,,26412,,2018-07-14T05:00:00,1767,0.098,2,2,Gulf of America
17806,,108.444,180,[],2018-07-14T05:00:00,1767,6,2,0.0,Coastal,33407,Peak,Addicks Satsuma,HWM surveyed by Corp. of Engineers- Houston,3,8,0.2,2018-08-03T12:44:48.697992,1767,29.8564738,-95.6358263,,,26413,,2018-07-14T05:00:00,1767,0.049,6,2,Gulf of America
17810,,100.548,180,[],2018-07-14T05:00:00,1767,6,2,0.0,Coastal,33419,lamp post,Baker Clodine,HWM surveyed by Corp. of Engineers- Houston,3,2,0.2,2018-08-03T13:25:54.899211,1767,29.7757536,-95.6856067,,,26418,,2018-07-14T05:00:00,1767,0.032,6,2,Gulf of America
17807,,107.739,180,[],2018-07-14T05:00:00,1767,6,2,0.0,Coastal,33413,lamp post,Aspenglenn,HWM surveyed by Corp. of Engineers- Houston,3,2,0.2,2018-08-03T12:44:50.338923,1767,29.8361779,-95.6434775,,,26414,,2018-07-14T05:00:00,1767,0.076,6,2,Gulf of America
17808,,100.258,180,[],2018-07-14T05:00:00,1767,6,2,0.0,Coastal,33414,Telephone pole,Baker,HWM surveyed by Corp. of Engineers- Houston,3,2,0.2,2018-08-03T12:44:52.357897,1767,29.7591805,-95.7038749,,,26416,,2018-07-14T05:00:00,1767,0.043,6,2,Gulf of America
17811,,108.766,180,[],2018-07-14T05:00:00,1767,6,2,0.0,Coastal,33416,wash on fence,14415 Bakerview Ct,HWM surveyed by Corp. of Engineers- Houston,3,6,0.2,2018-08-03T13:25:55.775211,1767,29.8574348,-95.6345739,,,26419,,2018-07-14T05:00:00,1767,0.058,6,2,Gulf of America
17812,,108.584,180,[],2018-07-14T05:00:00,1767,6,2,0.0,Coastal,33417,lamp post,15624 Boulder Oaks,HWM surveyed by Corp. of Engineers- Houston,3,2,0.2,2018-08-03T13:25:58.597115,1767,29.8482782,-95.6357312,,,26421,,2018-07-14T05:00:00,1767,0.063,6,2,Gulf of America
17800,,20.385,180,[],2018-07-14T05:00:00,1767,6,2,0.0,Coastal,33412,survey cap,Century Asphalt,HWM surveyed by Corp. of Engineers- Houston,3,2,0.2,2018-08-03T12:44:44.638153,1767,29.7518603,-95.3187859,,,26415,,2018-07-14T05:00:00,1767,0.024,6,2,Gulf of America
17801,,101.136,180,[],2018-07-14T05:00:00,1767,6,2,0.0,Coastal,33410,HWM,Ravenloch,HWM surveyed by Corp. of Engineers- Houston,3,2,0.2,2018-08-03T12:44:44.810119,1767,29.7174529,-95.7421456,,,26410,,2018-07-14T05:00:00,1767,0.05,6,2,Gulf of America
17802,,101.283,180,[],2018-07-14T05:00:00,1767,6,2,0.0,Coastal,33411,HWM,Barton park,HWM surveyed by Corp. of Engineers- Houston,3,2,0.2,2018-08-03T12:44:44.86212,1767,29.7228372,-95.7407554,,,26417,,2018-07-14T05:00:00,1767,0.05,6,2,Gulf of America
17803,,101.261,180,[],2018-07-14T05:00:00,1767,6,2,0.0,Coastal,33409,HWM,Carrigebend Dr.,HWM surveyed by Corp. of Engineers- Houston,3,2,0.2,2018-08-03T12:44:46.447088,1767,29.7215318,-95.7482226,,,26409,,2018-07-14T05:00:00,1767,0.05,6,2,Gulf of America
17804,,65.997,180,[],2018-07-14T05:00:00,1767,6,2,0.0,Coastal,33406,lamp post,30 Patti Lynn Ln,HWM surveyed by Corp. of Engineers- Houston,3,2,0.2,2018-08-03T12:44:47.425057,1767,29.7509343,-95.5338715,,,26411,,2018-07-14T05:00:00,1767,0.07,6,2,Gulf of America
17809,,101.277,180,[],2018-07-14T05:00:00,1767,6,2,0.0,Coastal,33415,HWM,2511 Baker,HWM surveyed by Corp. of Engineers- Houston,3,2,0.2,2018-08-03T12:59:21.459119,1767,29.7587395,-95.7038892,,,26416,,2018-07-14T05:00:00,1767,0.117,6,2,Gulf of America
17813,,65.871,180,[],2018-07-14T05:00:00,1767,6,2,0.0,Coastal,33418,Garage Door,Briarforest Circle,HWM surveyed by Corp. of Engineers- Houston,3,2,0.2,2018-08-03T13:26:00.728049,1767,29.747479,-95.5335191,,,26424,,2018-07-14T05:00:00,1767,0.101,6,2,Gulf of America
17815,,108.746,180,[],2018-07-14T05:00:00,1767,6,2,0.0,Coastal,33421,lamp post,14418 Barkerview Ct,HWM surveyed by Corp. of Engineers- Houston,3,2,0.2,2018-08-03T13:26:03.580952,1767,29.8571668,-95.6221201,,,26422,,2018-07-14T05:00:00,1767,0.071,6,2,Gulf of America
17817,,109.089,180,[],2018-07-14T05:00:00,1767,6,2,0.0,Coastal,33422,lamp post,15635 Boulder Oaks,HWM surveyed by Corp. of Engineers- Houston,3,2,0.2,2018-08-03T13:26:05.548891,1767,29.8531734,-95.634546,,,26423,,2018-07-14T05:00:00,1767,0.108,6,2,Gulf of America
17814,,108.722,180,[],2018-07-14T05:00:00,1767,6,2,0.0,Coastal,33420,lamp post,Barker Cypress & Groeschke,HWM surveyed by Corp. of Engineers- Houston,3,2,0.2,2018-08-06T19:52:53.162276,1767,29.8065917,-95.6870522,,,26420,,2018-07-14T05:00:00,1767,0.035,6,2,Gulf of America
17819,,108.423,180,[],2018-07-14T05:00:00,1767,6,2,0.0,Coastal,33425,lamp post,Bridle Bend & Addicks Satsuma,HWM surveyed by Corp. of Engineers- Houston,3,2,0.2,2018-08-03T13:26:10.505731,1767,29.8595402,-95.6327326,,,26425,,2018-07-14T05:00:00,1767,0.046,6,2,Gulf of America
17820,,35.261,180,[],2018-07-14T05:00:00,1767,6,2,0.0,Coastal,33426,bricks,Building on Commerce St,HWM surveyed by Corp. of Engineers- Houston,5,2,2.0,2018-08-03T14:42:22.656668,1767,29.7647365,-95.3610239,,,26431,,2018-07-14T05:00:00,1767,0.092,6,2,Gulf of America
17821,,101.359,180,[],2018-07-14T05:00:00,1767,6,2,0.0,Coastal,33427,lamp post,Across f/ 22003 Lodge Stone Ct,HWM surveyed by Corp. of Engineers- Houston,3,2,0.2,2018-08-03T14:42:23.597635,1767,29.7278543,-95.7532918,,,26428,,2018-07-14T05:00:00,1767,0.104,6,2,Gulf of America
17822,,108.809,180,[],2018-07-14T05:00:00,1767,6,2,0.0,Coastal,33428,stop sign,China Doll Ct,HWM surveyed by Corp. of Engineers- Houston,3,2,0.2,2018-08-03T14:42:25.97757,1767,29.8464066,-95.6094677,,,26429,,2018-07-14T05:00:00,1767,0.111,6,2,Gulf of America
17823,,100.827,180,[],2018-07-14T05:00:00,1767,6,2,0.0,Coastal,33429,lamp post,Church colony & Newbury Park Rd,HWM surveyed by Corp. of Engineers- Houston,3,2,0.2,2018-08-03T14:42:27.03654,1767,29.7182148,-95.7516996,,,26430,,2018-07-14T05:00:00,1767,0.039,6,2,Gulf of America
17824,,109.041,180,[],2018-07-14T05:00:00,1767,6,2,0.0,Coastal,33430,lamp post,Creek Haven,HWM surveyed by Corp. of Engineers- Houston,3,2,0.2,2018-08-03T14:42:29.343443,1767,30.1139687,-95.6295052,,,26432,,2018-07-14T05:00:00,1767,0.093,6,2,Gulf of America
17825,,101.182,180,[],2018-07-14T05:00:00,1767,6,2,0.0,Coastal,33431,lamp post,22419 Caroline Cove,HWM surveyed by Corp. of Engineers- Houston,3,2,0.2,2018-08-03T14:42:30.734412,1767,29.7216864,-95.7579435,,,26433,,2018-07-14T05:00:00,1767,0.066,6,2,Gulf of America
17826,,101.214,180,[],2018-07-14T05:00:00,1767,6,2,0.0,Coastal,33432,peak,Emily Park Ln,HWM surveyed by Corp. of Engineers- Houston,3,8,0.2,2018-08-03T14:42:31.400378,1767,29.7089818,-95.7623468,,,26436,,2018-07-14T05:00:00,1767,0.112,6,2,Gulf of America
17827,,101.434,180,[],2018-07-14T05:00:00,1767,6,2,0.0,Coastal,33433,lamp post,2706 Domenico Ln,HWM surveyed by Corp. of Engineers- Houston,3,2,0.2,2018-08-03T14:42:31.900382,1767,29.7442646,-95.7265949,,,26434,,2018-07-14T05:00:00,1767,0.091,6,2,Gulf of America
17828,,41.99,180,[],2018-07-14T05:00:00,1767,6,2,0.0,Coastal,33434,hand rail,Elenore Tensley Park,HWM surveyed by Corp. of Engineers- Houston,3,2,0.2,2018-08-03T14:42:33.321319,1767,29.7623686,-95.4014261,,,25070,,2018-07-14T05:00:00,1767,0.034,6,2,Gulf of America
17829,,108.811,180,[],2018-07-14T05:00:00,1767,6,2,0.0,Coastal,33435,lamp post,5307 Emerald Beach,HWM surveyed by Corp. of Engineers- Houston,3,2,0.2,2018-08-03T14:42:38.556156,1767,29.8442665,-95.5924901,,,26435,,2018-07-14T05:00:00,1767,0.105,6,2,Gulf of America
17830,,101.219,180,[],2018-07-14T05:00:00,1767,6,2,0.0,Coastal,33436,lamp post,Faircreek Mail Box,HWM surveyed by Corp. of Engineers- Houston,3,2,0.2,2018-08-03T14:55:51.231867,1767,29.7161555,-95.7549578,,,26438,,2018-07-14T05:00:00,1767,0.037,6,2,Gulf of America
17831,,57.313,180,[],2018-07-14T05:00:00,1767,6,2,0.0,Coastal,33438,Fence,Fleetwood Ct,HWM surveyed by Corp. of Engineers- Houston,3,2,0.2,2018-08-03T14:55:52.499791,1767,29.7628958,-95.5013768,,,26440,,2018-07-14T05:00:00,1767,0.111,2,2,Gulf of America
17832,,108.972,180,[],2018-07-14T05:00:00,1767,6,2,0.0,Coastal,33437,lamp post,Fort Sumter,HWM surveyed by Corp. of Engineers- Houston,5,2,1.0,2018-08-03T14:55:55.315694,1767,29.8588542,-95.6266172,,,26441,,2018-07-14T05:00:00,1767,0.09,6,2,Gulf of America
17833,,66.306,180,[],2018-07-14T05:00:00,1767,6,2,0.0,Coastal,33439,HWM,Fall River,HWM surveyed by Corp. of Engineers- Houston,3,2,0.2,2018-08-03T14:55:56.320662,1767,29.7724485,-95.4850947,,,26439,,2018-07-14T05:00:00,1767,0.09,2,2,Gulf of America
17834,,107.993,180,[],2018-07-14T05:00:00,1767,6,2,0.0,Coastal,33440,Fence,Estates at Cullen,HWM surveyed by Corp. of Engineers- Houston,5,6,1.0,2018-08-03T14:55:58.711598,1767,29.8063565,-95.6856315,,,26437,,2018-07-14T05:00:00,1767,0.061,6,2,Gulf of America
17835,,108.978,180,[],2018-07-14T05:00:00,1767,6,2,0.0,Coastal,33441,lamp post,5510 Evening Shore,HWM surveyed by Corp. of Engineers- Houston,3,2,0.2,2018-08-03T14:55:59.216597,1767,29.8472671,-95.5991301,,,25062,,2018-07-14T05:00:00,1767,0.116,6,2,Gulf of America
17837,,108.993,180,[],2018-07-14T05:00:00,1767,6,2,0.0,Coastal,33443,lamp post,Georgetown,HWM surveyed by Corp. of Engineers- Houston,3,2,0.2,2018-08-03T14:56:01.031537,1767,29.8588402,-95.6293538,,,26442,,2018-07-14T05:00:00,1767,0.097,6,2,Gulf of America
17836,,101.25,180,[],2018-07-14T05:00:00,1767,6,2,0.0,Coastal,33442,lamp post,Highland Dr,HWM surveyed by Corp. of Engineers- Houston,3,2,0.2,2018-08-03T14:56:00.999537,1767,29.7481449,-95.7181824,,,26445,,2018-07-14T05:00:00,1767,0.064,6,2,Gulf of America
17838,,108.869,180,[],2018-07-14T05:00:00,1767,6,2,2.07,Coastal,33444,utility box,Groeschke Rd,HWM surveyed by Corp. of Engineers- Houston,3,2,0.2,2018-08-03T14:56:05.404375,1767,29.8063423,-95.6888667,,,26443,,2018-07-14T05:00:00,1767,0.065,2,2,Gulf of America
17839,,108.137,180,[],2018-07-14T05:00:00,1767,6,2,0.0,Coastal,33445,utility marker,Groeschke 2,HWM surveyed by Corp. of Engineers- Houston,3,2,0.2,2018-08-03T15:05:56.512492,1767,29.8166121,-95.6637817,,,26444,,2018-07-14T05:00:00,1767,0.038,6,2,Gulf of America
17844,,101.121,180,[],2018-07-14T05:00:00,1767,6,2,0.0,Coastal,33450,lamp post,Kingsland Blvd,HWM surveyed by Corp. of Engineers- Houston,3,2,0.2,2018-08-03T16:28:33.920132,1767,29.7758871,-95.6922466,,,26448,,2018-07-14T05:00:00,1767,0.03,6,2,Gulf of America
17845,,108.723,180,[],2018-07-14T05:00:00,1767,6,2,0.0,Coastal,33451,lamp post,12303 lakeshore Ridge,HWM surveyed by Corp. of Engineers- Houston,3,2,0.2,2018-08-03T16:28:36.025066,1767,29.8447826,-95.597622,,,26451,,2018-07-14T05:00:00,1767,0.091,6,2,Gulf of America
17848,,101.119,180,[],2018-07-14T05:00:00,1767,6,2,0.0,Coastal,33454,lamp post,Medallion Pt & Walkabout Way,HWM surveyed by Corp. of Engineers- Houston,3,2,0.2,2018-08-03T16:28:46.34575,1767,29.7159488,-95.7498363,,,26453,,2018-07-14T05:00:00,1767,0.054,6,2,Gulf of America
17849,,108.209,180,[],2018-07-14T05:00:00,1767,6,2,0.0,Coastal,33455,lamp post,16602 Park Scot Dr,HWM surveyed by Corp. of Engineers- Houston,3,2,0.2,2018-08-03T16:28:49.909621,1767,29.8297292,-95.6520121,,,26455,,2018-07-14T05:00:00,1767,0.115,6,2,Gulf of America
17841,,61.86,180,[],2018-07-14T05:00:00,1767,6,2,0.0,Coastal,33447,Football Bleachers,Kinkaid School Football Bleachers,HWM surveyed by Corp. of Engineers- Houston,3,2,0.2,2018-08-03T16:28:30.31326,1767,29.7471929,-95.5111035,,,26449,,2018-07-14T05:00:00,1767,0.042,6,2,Gulf of America
17846,,109.077,180,[],2018-07-14T05:00:00,1767,6,2,0.0,Coastal,33452,lamp post,Loch Maree,HWM surveyed by Corp. of Engineers- Houston,3,2,0.2,2018-08-03T16:28:38.201002,1767,29.8367039,-95.6516024,,,26452,,2018-07-14T05:00:00,1767,0.087,6,2,Gulf of America
17847,,109.04,180,[],2018-07-14T05:00:00,1767,6,2,0.0,Coastal,33453,lamp post,4123 Park Douglass,HWM surveyed by Corp. of Engineers- Houston,3,2,0.2,2018-08-03T16:28:42.453876,1767,29.8334746,-95.6518611,,,26454,,2018-07-14T05:00:00,1767,0.116,6,2,Gulf of America
17850,,69.279,180,[],2018-07-14T05:00:00,1767,6,2,0.0,Coastal,33456,corner of driveway,Paul Revere 118,HWM surveyed by Corp. of Engineers- Houston,3,2,0.2,2018-08-06T14:48:11.008295,1767,29.7617524,-95.5493262,,,26459,,2018-07-14T05:00:00,1767,0.104,6,2,Gulf of America
17851,,108.402,180,[],2018-07-14T05:00:00,1767,6,2,0.0,Coastal,33460,lamp post,5343 Prairie Creek,HWM surveyed by Corp. of Engineers- Houston,3,2,0.2,2018-08-06T14:48:12.278265,1767,29.853861,-95.6340715,,,26464,,2018-07-14T05:00:00,1767,0.096,6,2,Gulf of America
17852,,45.732,180,[],2018-07-14T05:00:00,1767,6,2,0.0,Coastal,33461,retaining wall,Post Oak,HWM surveyed by Corp. of Engineers- Houston,3,2,0.2,2018-08-06T14:48:14.047201,1767,29.7558159,-95.4501597,,,26463,,2018-07-14T05:00:00,1767,0.115,6,2,Gulf of America
17853,,107.882,180,[],2018-07-14T05:00:00,1767,6,2,0.0,Coastal,33457,lamp post,Pine Mountain,HWM surveyed by Corp. of Engineers- Houston,3,2,0.2,2018-08-06T14:48:14.74417,1767,29.8391396,-95.6401413,,,26462,,2018-07-14T05:00:00,1767,0.104,6,2,Gulf of America
17854,,69.326,180,[],2018-07-14T05:00:00,1767,6,2,0.0,Coastal,33459,Porch Pole,Paul Revere 204,HWM surveyed by Corp. of Engineers- Houston,3,2,0.2,2018-08-06T14:48:16.837106,1767,29.7630369,-95.5497408,,,26460,,2018-07-14T05:00:00,1767,0.104,6,2,Gulf of America
17855,,108.37,180,[],2018-07-14T05:00:00,1767,6,2,0.0,Coastal,33458,lamp post,Pine forest,HWM surveyed by Corp. of Engineers- Houston,3,2,0.2,2018-08-06T14:48:18.448073,1767,29.830692,-95.645964,,,26461,,2018-07-14T05:00:00,1767,0.079,6,2,Gulf of America
17856,,108.643,180,[],2018-07-14T05:00:00,1767,6,2,0.0,Coastal,33462,Fire hydrant,5210 West Ridge Place,HWM surveyed by Corp. of Engineers- Houston,3,2,0.2,2018-08-06T14:48:19.07404,1767,29.8421039,-95.6043179,,,26466,,2018-07-14T05:00:00,1767,0.068,6,2,Gulf of America
17857,,101.287,180,[],2018-07-14T05:00:00,1767,6,2,0.0,Coastal,33463,lamp post,4819 Rochelle Ct,HWM surveyed by Corp. of Engineers- Houston,3,2,0.2,2018-08-06T14:48:20.235009,1767,29.7234793,-95.7504989,,,26465,,2018-07-14T05:00:00,1767,0.091,6,2,Gulf of America
17858,,108.916,180,[],2018-07-14T05:00:00,1767,6,2,0.0,Coastal,33464,power pole,Saums & Barker Cypress,HWM surveyed by Corp. of Engineers- Houston,3,2,0.2,2018-08-06T14:48:22.303944,1767,29.8002544,-95.6883251,,,26468,,2018-07-14T05:00:00,1767,0.069,6,2,Gulf of America
17859,,108.979,180,[],2018-07-14T05:00:00,1767,6,2,0.0,Coastal,33465,lamp post,12831 Rock Falls Way,HWM surveyed by Corp. of Engineers- Houston,3,2,0.2,2018-08-06T14:48:43.894242,1767,29.8417162,-95.6044238,,,26467,,2018-07-14T05:00:00,1767,0.073,6,2,Gulf of America
17861,,108.502,180,[],2018-07-14T05:00:00,1767,6,2,0.0,Coastal,33466,lamp post,13928 Stardust,HWM surveyed by Corp. of Engineers- Houston,3,2,0.2,2018-08-06T15:05:38.062849,1767,29.8634823,-95.6215422,,,25064,,2018-07-14T05:00:00,1767,0.1,6,2,Gulf of America
17862,,101.224,180,[],2018-07-14T05:00:00,1767,6,2,0.0,Coastal,33467,lamp post,4703 Stackstone Ln,HWM surveyed by Corp. of Engineers- Houston,3,2,0.2,2018-08-06T15:05:38.467849,1767,29.7231545,-95.7537222,,,26472,,2018-07-14T05:00:00,1767,0.089,6,2,Gulf of America
17866,,39.143,180,[],2018-07-14T05:00:00,1767,6,2,0.0,Coastal,33468,Dedication Plaque,Sesquicentennial Park,HWM surveyed by Corp. of Engineers- Houston,3,2,0.2,2018-08-06T15:05:41.699719,1767,29.7629016,-95.3666066,,,26470,,2018-07-14T05:00:00,1767,0.081,6,2,Gulf of America
17863,,107.132,180,[],2018-07-14T05:00:00,1767,6,2,0.0,Coastal,33472,Peak,Lakes on Eldridge Tanner Rd exit,HWM surveyed by Corp. of Engineers- Houston,5,8,1.0,2018-08-06T15:05:39.389817,1767,29.8505348,-95.592372,,,26474,,2018-07-14T05:00:00,1767,0.105,6,2,Gulf of America
17864,,108.263,180,[],2018-07-14T05:00:00,1767,6,2,0.0,Coastal,33470,lamp post,17126 Pine Forest,HWM surveyed by Corp. of Engineers- Houston,3,2,0.2,2018-08-06T15:05:40.605785,1767,29.8306109,-95.6609084,,,26473,,2018-07-14T05:00:00,1767,0.077,6,2,Gulf of America
17865,,102.196,180,[],2018-07-14T05:00:00,1767,6,2,0.0,Coastal,33471,lamp post,19907 Sky Hollow,HWM surveyed by Corp. of Engineers- Houston,3,2,0.2,2018-08-06T15:05:40.977751,1767,29.7511152,-95.7180358,,,26471,,2018-07-14T05:00:00,1767,0.061,6,2,Gulf of America
17867,,101.242,180,[],2018-07-05T05:00:00,1767,6,2,0.0,Coastal,33473,HWM,3510 Pedernales- tc019,HWM surveyed by Corp. of Engineers- Houston,3,2,0.2,2018-08-06T15:05:41.942721,1767,29.7316044,-95.7338117,,,26475,,2018-07-05T05:00:00,1767,0.044,6,2,Gulf of America
17868,,101.158,180,[],2018-07-05T05:00:00,1767,6,2,0.0,Coastal,33475,HWM,21010 Kellwood,HWM surveyed by Corp. of Engineers- Houston,3,2,0.2,2018-08-06T15:06:11.437793,1767,29.7261214,-95.7432969,,,26476,,2018-07-05T05:00:00,1767,0.038,6,2,Gulf of America
17869,,108.763,180,[],2018-07-14T05:00:00,1767,6,2,0.0,Coastal,33474,Peak,Timber Creek,HWM surveyed by Corp. of Engineers- Houston,3,8,0.2,2018-08-06T15:06:12.495762,1767,29.8620872,-95.6444092,,,26477,,2018-07-14T05:00:00,1767,0.117,6,2,Gulf of America
17870,,101.431,180,[],2018-07-14T05:00:00,1767,6,2,0.0,Coastal,33476,HWM,19714 Twin Canyon Ct,HWM surveyed by Corp. of Engineers- Houston,3,2,0.2,2018-08-06T15:24:47.266141,1767,29.7100895,-95.7417378,,,26478,,2018-07-14T05:00:00,1767,0.049,6,2,Gulf of America
17871,,67.28,180,[],2018-07-14T05:00:00,1767,6,2,0.0,Coastal,33477,fence,Gessner & Warrenton Dr,HWM surveyed by Corp. of Engineers- Houston,3,2,0.2,2018-08-06T15:24:47.700142,1767,29.7553727,-95.5438754,,,26481,,2018-07-14T05:00:00,1767,0.095,2,2,Gulf of America
17872,,66.921,180,[],2018-07-14T05:00:00,1767,6,2,0.0,Coastal,33479,lamp post,Warrenton Dr nr Gessner,HWM surveyed by Corp. of Engineers- Houston,3,2,0.2,2018-08-06T15:24:51.174011,1767,29.7558818,-95.5427697,,,26480,,2018-07-14T05:00:00,1767,0.076,6,2,Gulf of America
17873,,108.422,180,[],2018-07-14T05:00:00,1767,6,2,0.0,Coastal,33478,lamp post,Whispering Falls,HWM surveyed by Corp. of Engineers- Houston,3,2,0.2,2018-08-06T15:24:51.362012,1767,29.8446182,-95.6315658,,,26482,,2018-07-14T05:00:00,1767,0.063,6,2,Gulf of America
17874,,59.55,180,[],2018-07-14T05:00:00,1767,6,2,0.0,Coastal,33480,House,11100 Wickdale,HWM surveyed by Corp. of Engineers- Houston,3,2,0.2,2018-08-06T15:24:52.113981,1767,29.7569873,-95.5073338,,,26483,,2018-07-14T05:00:00,1767,0.08,6,2,Gulf of America
17875,,56.531,180,[],2018-07-14T05:00:00,1767,6,2,0.0,Coastal,33481,lamp post,Wickwood at end of street,HWM surveyed by Corp. of Engineers- Houston,5,2,3.0,2018-08-06T15:24:53.353949,1767,29.7538349,-95.5070211,,,26484,,2018-07-14T05:00:00,1767,0.057,2,2,Gulf of America
17876,,101.111,180,[],2018-07-14T05:00:00,1767,6,2,0.0,Coastal,33482,lamp post,5914 Walkabout Way,HWM surveyed by Corp. of Engineers- Houston,3,2,0.2,2018-08-06T15:24:53.589918,1767,29.7130158,-95.7372842,,,26479,,2018-07-14T05:00:00,1767,0.067,6,2,Gulf of America
17877,,47.729,180,[],2018-07-14T05:00:00,1767,6,2,0.0,Coastal,33483,Fence,Woodway nr 610,HWM surveyed by Corp. of Engineers- Houston,3,2,0.2,2018-08-06T15:24:55.570845,1767,29.7644565,-95.4597795,,,26486,,2018-07-14T05:00:00,1767,0.099,2,2,Gulf of America
17878,,60.417,180,[],2018-07-14T05:00:00,1767,6,2,0.0,Coastal,33484,Garage Door,7714 Woodway,HWM surveyed by Corp. of Engineers- Houston,3,2,0.2,2018-08-06T15:25:20.080087,1767,29.7485686,-95.5035486,,,26485,,2018-07-14T05:00:00,1767,0.1,2,2,Gulf of America
17879,,101.084,180,[],2018-07-14T05:00:00,1767,6,2,0.0,Coastal,33485,HWM,6311 Canyon Park- Walnut Bend,HWM surveyed by Corp. of Engineers- Houston,3,2,0.2,2018-08-06T15:25:21.363055,1767,29.7100895,-95.7417378,,,26478,,2018-07-14T05:00:00,1767,0.048,6,2,Gulf of America
17999,N/A,108.824,180,[],2018-07-14T05:00:00,1767,6,2,0.0,Coastal,33486,Peak,14719 Cross Junction,HWM surveyed by Corp. of Engineers- Houston,3,8,0.2,2018-08-06T20:23:19.594935,1767,29.8663531,-95.6280171,,,25977,0.0,2018-07-14T05:00:00,1767,0.062,6,2,Gulf of America
